cell_id,cell_type,diameter_um,organelle_count,viability_pct
CELL_52780,Epithelial,78.36,39,84.39
CELL_32064,Neuron,106.94,28,80.35
CELL_69063,Leukocyte,12.86,41,66.51
CELL_34922,Epithelial,89.66,8,85.08
CELL_18772,Myocyte,104.37,12,51.08
CELL_12234,Stem Cell,67.53,15,89.7
CELL_65545,Fibroblast,36.02,50,75.19
CELL_75874,Leukocyte,12.3,43,54.58
CELL_46031,Neuron,109.07,16,78.31
CELL_68360,Leukocyte,93.24,43,76.48
CELL_12160,Leukocyte,100.13,27,77.68
CELL_22518,Erythrocyte,7.84,29,71.16
CELL_97356,Epithelial,73.2,43,60.03
CELL_23359,Epithelial,63.24,17,60.99
CELL_40798,Neuron,55.2,17,51.14
CELL_80153,Erythrocyte,106.05,23,60.0
CELL_90639,Erythrocyte,94.58,18,58.2
CELL_27717,Leukocyte,45.06,14,56.82
CELL_85659,Epithelial,11.63,27,55.96
CELL_49294,Neuron,111.44,25,50.11
CELL_72172,Fibroblast,40.79,35,53.05
CELL_86196,Epithelial,7.52,26,93.27
CELL_30608,Leukocyte,40.78,32,51.49
CELL_36469,Fibroblast,47.44,35,97.31
CELL_12348,Fibroblast,70.57,39,85.38
CELL_27920,Stem Cell,111.14,17,67.39
CELL_16533,Stem Cell,115.35,16,88.85
CELL_71790,Stem Cell,80.81,39,73.65
CELL_20027,Erythrocyte,41.79,34,56.96
CELL_95139,Epithelial,20.11,11,59.64
CELL_29410,Myocyte,92.19,21,56.55
CELL_80972,Stem Cell,118.07,23,65.17
CELL_82424,Myocyte,80.77,18,53.82
CELL_71164,Myocyte,94.67,39,70.73
CELL_88335,Epithelial,51.32,33,85.66
CELL_38808,Leukocyte,89.21,29,69.82
CELL_83885,Fibroblast,118.01,31,70.25
CELL_88789,Fibroblast,60.6,12,83.0
CELL_72850,Stem Cell,64.94,25,90.61
CELL_76579,Neuron,32.86,24,83.13
CELL_71329,Epithelial,106.52,19,61.33
CELL_90883,Myocyte,38.34,49,57.48
CELL_75831,Erythrocyte,10.27,50,63.33
CELL_41371,Fibroblast,14.42,34,77.28
CELL_80534,Myocyte,7.71,21,78.08
CELL_52763,Fibroblast,43.28,35,68.0
CELL_18860,Stem Cell,13.72,39,90.71
CELL_61267,Stem Cell,46.52,14,78.06
CELL_86699,Neuron,79.64,43,93.0
CELL_49294,Neuron,63.52,27,60.19
CELL_46373,Myocyte,31.07,36,51.32
CELL_65513,Erythrocyte,66.0,21,51.11
CELL_89857,Stem Cell,107.21,8,76.64
CELL_43807,Stem Cell,100.18,31,63.35
CELL_67335,Fibroblast,83.53,18,60.0
CELL_29013,Myocyte,105.68,18,73.88
CELL_37534,Neuron,67.69,8,94.71
CELL_82266,Fibroblast,58.83,11,89.58
CELL_18774,Neuron,110.04,34,65.47
CELL_44806,Leukocyte,66.58,39,60.26
CELL_59684,Neuron,83.74,16,74.43
CELL_49136,Myocyte,38.07,26,99.48
CELL_67334,Epithelial,112.23,23,98.46
CELL_27415,Myocyte,117.39,8,99.08
CELL_19981,Fibroblast,40.3,39,51.54
CELL_32741,Leukocyte,84.54,21,85.42
CELL_65766,Erythrocyte,61.39,42,83.46
CELL_66185,Leukocyte,88.47,20,83.87
CELL_16723,Neuron,47.88,10,70.42
CELL_97019,Neuron,41.69,25,90.12
CELL_78712,Fibroblast,31.69,10,61.15
CELL_98349,Stem Cell,17.1,17,91.83
CELL_52904,Fibroblast,88.39,44,85.38
CELL_99697,Fibroblast,59.56,8,77.4
CELL_77738,Myocyte,112.84,36,79.86
CELL_11820,Neuron,106.5,39,62.1
CELL_36358,Leukocyte,41.99,41,71.79
CELL_89642,Leukocyte,81.37,22,67.08
CELL_45954,Leukocyte,84.68,21,52.19
CELL_86712,Neuron,109.07,41,71.22
CELL_35439,Erythrocyte,17.55,14,61.99
CELL_99755,Erythrocyte,10.7,15,94.06
CELL_30098,Erythrocyte,103.14,12,59.43
CELL_41203,Fibroblast,98.6,49,52.92
CELL_64778,Stem Cell,40.83,46,93.7
CELL_74317,Fibroblast,19.91,24,72.14
CELL_99254,Fibroblast,62.9,21,60.34
CELL_58500,Fibroblast,21.19,14,58.63
CELL_42326,Stem Cell,108.63,45,58.11
CELL_85989,Fibroblast,32.2,26,86.79
CELL_81452,Stem Cell,98.88,33,59.01
CELL_90029,Leukocyte,87.54,8,94.56
CELL_13240,Neuron,21.1,43,73.78
CELL_40200,Fibroblast,42.25,19,68.31
CELL_63930,Neuron,83.15,12,92.74
CELL_59851,Neuron,65.69,37,95.19
CELL_35714,Stem Cell,106.76,20,93.03
CELL_20829,Neuron,100.2,49,98.57
CELL_48381,Stem Cell,81.83,15,59.87
CELL_84266,Erythrocyte,49.84,22,95.77
CELL_30365,Erythrocyte,59.07,19,56.55
CELL_81904,Myocyte,24.59,47,70.73
CELL_33225,Erythrocyte,40.35,32,61.88
CELL_94760,Erythrocyte,107.37,31,75.48
CELL_52812,Epithelial,73.84,38,69.78
CELL_24465,Fibroblast,56.06,44,93.18
CELL_26465,Leukocyte,52.34,13,59.58
CELL_27999,Neuron,102.61,35,88.76
CELL_80479,Epithelial,10.76,7,53.37
CELL_99073,Erythrocyte,30.51,46,60.21
CELL_72415,Leukocyte,96.49,14,72.44
CELL_25152,Epithelial,109.37,36,58.85
CELL_46310,Leukocyte,54.0,32,86.1
CELL_20376,Erythrocyte,26.01,20,88.65
CELL_19419,Neuron,33.3,5,75.24
CELL_96644,Fibroblast,20.58,32,95.51
CELL_79971,Neuron,72.79,44,81.9
CELL_25744,Myocyte,65.29,29,55.46
CELL_90218,Leukocyte,61.23,39,99.55
CELL_51580,Erythrocyte,78.95,9,92.89
CELL_50840,Neuron,26.04,44,68.99
CELL_59687,Epithelial,62.23,9,94.32
CELL_75230,Erythrocyte,45.13,36,80.02
CELL_93488,Neuron,21.19,25,58.34
CELL_70899,Myocyte,53.05,37,71.61
CELL_35564,Stem Cell,14.82,19,58.28
CELL_33690,Erythrocyte,61.29,49,66.72
CELL_33101,Stem Cell,117.26,22,69.36
CELL_46414,Stem Cell,108.08,14,98.45
CELL_59878,Erythrocyte,28.34,47,90.86
CELL_66113,Leukocyte,77.22,11,90.87
CELL_74459,Erythrocyte,100.89,36,59.02
CELL_74854,Neuron,102.94,46,74.98
CELL_18921,Leukocyte,20.94,42,68.33
CELL_29628,Stem Cell,29.85,46,57.09
CELL_75084,Neuron,80.83,44,75.15
CELL_54705,Leukocyte,33.86,29,95.22
CELL_92330,Fibroblast,91.36,32,50.22
CELL_94659,Fibroblast,11.84,30,76.34
CELL_43658,Fibroblast,39.65,29,87.91
CELL_63144,Fibroblast,18.76,17,86.07
CELL_39973,Leukocyte,73.45,42,99.62
CELL_52005,Stem Cell,114.73,45,83.91
CELL_72346,Erythrocyte,114.56,21,94.3
CELL_48532,Fibroblast,79.19,41,89.0
CELL_75040,Erythrocyte,92.21,26,60.04
CELL_11959,Stem Cell,104.9,18,54.65
CELL_12826,Leukocyte,55.22,29,95.97
CELL_26695,Fibroblast,58.59,21,78.46
CELL_91242,Neuron,36.59,44,91.59
CELL_29041,Neuron,37.26,34,98.69
CELL_52528,Neuron,18.38,42,67.97
CELL_88787,Epithelial,17.11,7,62.19
CELL_11069,Erythrocyte,38.01,48,99.2
CELL_71999,Stem Cell,61.61,39,99.76
CELL_34399,Stem Cell,43.26,25,85.63
CELL_39181,Fibroblast,69.35,41,92.66
CELL_76345,Epithelial,71.57,10,74.95
CELL_59623,Neuron,77.74,50,84.39
CELL_10626,Fibroblast,116.63,10,50.33
CELL_64227,Epithelial,64.49,13,84.55
CELL_49635,Leukocyte,11.17,34,75.12
CELL_24606,Neuron,9.87,7,60.53
CELL_62781,Leukocyte,100.49,40,94.21
CELL_39259,Fibroblast,56.26,26,72.32
CELL_87571,Stem Cell,54.15,15,59.66
CELL_61358,Stem Cell,90.87,7,64.55
CELL_19230,Stem Cell,46.12,49,63.37
CELL_14692,Epithelial,116.74,26,64.91
CELL_22734,Leukocyte,6.3,5,89.67
CELL_88366,Leukocyte,57.5,14,51.13
CELL_93999,Stem Cell,37.16,13,67.98
CELL_88993,Fibroblast,102.42,47,88.53
CELL_54262,Myocyte,27.05,36,69.41
CELL_71619,Myocyte,70.85,33,50.14
CELL_64734,Neuron,8.96,50,92.36
CELL_90136,Fibroblast,109.05,22,65.7
CELL_83004,Epithelial,35.05,28,51.07
CELL_31975,Myocyte,11.98,19,96.89
CELL_24260,Leukocyte,71.6,12,80.72
CELL_43954,Fibroblast,73.14,28,66.8
CELL_23134,Leukocyte,86.49,27,93.89
CELL_81728,Erythrocyte,63.39,29,65.15
CELL_29931,Stem Cell,62.75,38,63.83
CELL_48319,Epithelial,98.58,9,88.29
CELL_97245,Fibroblast,47.17,28,69.01
CELL_32567,Neuron,65.32,10,72.78
CELL_16577,Epithelial,107.27,13,89.23
CELL_92456,Neuron,82.65,16,99.16
CELL_72684,Neuron,56.13,42,55.16
CELL_63002,Neuron,75.11,38,86.15
CELL_56674,Neuron,51.46,8,92.47
CELL_37013,Neuron,97.02,36,71.57
CELL_87946,Leukocyte,6.62,16,76.44
CELL_15456,Epithelial,109.96,27,56.61
CELL_40240,Stem Cell,102.98,40,51.63
CELL_12864,Stem Cell,60.99,17,67.69
CELL_30129,Leukocyte,93.92,48,95.9
CELL_48324,Stem Cell,19.95,49,94.04
CELL_68882,Neuron,30.42,38,60.59
CELL_41452,Neuron,67.34,26,50.21
CELL_60240,Epithelial,80.52,25,61.05
CELL_92886,Leukocyte,88.03,20,84.79
CELL_70458,Myocyte,22.36,6,64.12
CELL_74306,Stem Cell,20.26,20,99.59
CELL_60320,Epithelial,9.08,38,96.44
CELL_15470,Neuron,48.81,49,76.53
CELL_42515,Neuron,41.65,46,87.98
CELL_40455,Stem Cell,116.28,28,82.88
CELL_20952,Erythrocyte,113.59,34,74.1
CELL_80826,Fibroblast,18.6,19,91.21
CELL_48915,Erythrocyte,9.85,24,57.38
CELL_77715,Erythrocyte,66.4,39,83.71
CELL_34279,Myocyte,25.58,31,99.27
CELL_62491,Fibroblast,11.93,34,73.97
CELL_91244,Epithelial,93.99,26,98.0
CELL_95094,Myocyte,85.56,36,67.06
CELL_90278,Neuron,104.56,45,52.89
CELL_51505,Stem Cell,71.54,27,83.47
CELL_40749,Stem Cell,92.17,34,65.34
CELL_47259,Myocyte,18.63,14,85.3
CELL_33607,Leukocyte,105.21,27,85.7
CELL_19446,Neuron,110.15,40,79.93
CELL_33248,Fibroblast,64.56,50,78.62
CELL_79553,Stem Cell,33.23,22,60.25
CELL_71891,Fibroblast,64.17,29,74.01
CELL_53368,Fibroblast,115.78,47,76.44
CELL_95739,Epithelial,85.28,34,74.83
CELL_80370,Stem Cell,106.79,34,71.79
CELL_67202,Myocyte,7.45,12,76.98
CELL_17617,Stem Cell,83.5,45,60.08
CELL_49325,Neuron,74.96,16,94.29
CELL_68975,Fibroblast,82.58,9,65.54
CELL_31722,Myocyte,28.61,48,54.45
CELL_53759,Leukocyte,104.32,44,87.18
CELL_53642,Epithelial,85.12,42,67.77
CELL_49436,Neuron,71.05,24,80.45
CELL_25231,Myocyte,49.91,12,83.09
CELL_14121,Erythrocyte,53.99,19,93.24
CELL_70253,Erythrocyte,46.53,13,85.83
CELL_21705,Epithelial,70.99,16,86.91
CELL_44554,Epithelial,28.41,47,93.77
CELL_48659,Neuron,91.45,48,91.28
CELL_81580,Neuron,12.49,33,88.07
CELL_57323,Leukocyte,31.78,44,50.43
CELL_53506,Neuron,63.69,13,85.94
CELL_69249,Erythrocyte,107.82,41,75.54
CELL_81484,Erythrocyte,24.8,6,85.45
CELL_15491,Leukocyte,30.83,5,69.07
CELL_56261,Erythrocyte,55.53,42,64.04
CELL_25560,Leukocyte,110.58,16,87.41
CELL_20824,Fibroblast,71.24,35,58.77
CELL_60391,Neuron,110.69,45,90.99
CELL_49293,Fibroblast,61.07,19,53.18
CELL_98995,Stem Cell,96.9,12,58.34
CELL_81488,Neuron,90.91,10,71.16
CELL_65870,Neuron,92.44,12,62.61
CELL_60087,Myocyte,102.29,25,81.71
CELL_97407,Erythrocyte,27.09,15,55.98
CELL_19740,Epithelial,22.82,21,71.26
CELL_93570,Fibroblast,62.75,37,60.1
CELL_75137,Stem Cell,56.67,26,63.19
CELL_61268,Stem Cell,43.94,12,99.82
CELL_67758,Leukocyte,9.89,28,58.38
CELL_88485,Erythrocyte,57.68,29,72.34
CELL_63977,Stem Cell,21.12,31,54.01
CELL_14565,Neuron,18.52,48,94.62
CELL_81969,Myocyte,68.65,28,51.19
CELL_53937,Stem Cell,90.63,46,58.11
CELL_35656,Neuron,89.96,27,54.94
CELL_13137,Epithelial,45.74,33,74.84
CELL_29384,Stem Cell,16.52,22,63.08
CELL_63568,Fibroblast,50.55,22,70.44
CELL_91505,Myocyte,112.35,44,76.71
CELL_23164,Leukocyte,44.68,27,85.81
CELL_29489,Stem Cell,51.37,14,55.26
CELL_44300,Leukocyte,19.49,43,75.61
CELL_43325,Myocyte,16.56,18,61.6
CELL_80955,Stem Cell,66.35,48,54.81
CELL_43605,Neuron,15.24,34,98.51
CELL_85445,Leukocyte,86.22,42,80.9
CELL_43298,Neuron,39.47,50,70.61
CELL_64750,Neuron,75.59,17,83.06
CELL_94191,Leukocyte,47.06,37,54.55
CELL_45802,Fibroblast,88.58,33,92.7
CELL_59745,Erythrocyte,74.77,43,78.89
CELL_58419,Myocyte,77.82,17,55.18
CELL_79993,Stem Cell,55.47,26,98.49
CELL_42747,Epithelial,74.18,10,89.31
CELL_65101,Epithelial,40.91,22,65.96
CELL_75390,Erythrocyte,27.16,5,73.01
CELL_43467,Neuron,103.11,5,94.93
CELL_61356,Myocyte,47.08,22,79.43
CELL_66883,Neuron,36.69,30,54.47
CELL_55203,Fibroblast,38.7,23,87.73
CELL_27101,Erythrocyte,101.93,40,53.33
CELL_60535,Neuron,95.43,34,69.85
CELL_39045,Epithelial,82.43,47,98.61
CELL_55847,Epithelial,37.85,34,93.32
CELL_40841,Leukocyte,9.07,13,64.01
CELL_24710,Erythrocyte,74.25,18,61.89
CELL_47834,Myocyte,24.78,20,92.07
CELL_67164,Leukocyte,89.01,42,79.72
CELL_65537,Neuron,50.65,10,73.02
CELL_10471,Myocyte,59.85,41,76.79
CELL_41777,Leukocyte,112.16,31,74.56
CELL_32685,Epithelial,14.72,12,84.31
CELL_86503,Fibroblast,56.97,39,76.88
CELL_74482,Leukocyte,76.57,25,63.48
CELL_81209,Leukocyte,66.48,14,54.05
CELL_49770,Stem Cell,10.11,14,67.74
CELL_18016,Neuron,58.72,17,57.57
CELL_18730,Epithelial,38.18,9,61.69
CELL_52673,Stem Cell,91.69,10,56.15
CELL_12935,Myocyte,39.41,17,81.47
CELL_89419,Neuron,116.67,15,54.8
CELL_87615,Myocyte,94.1,45,76.36
CELL_31070,Erythrocyte,50.08,12,81.26
CELL_79456,Fibroblast,58.87,26,82.79
CELL_71133,Fibroblast,49.28,14,99.81
CELL_95514,Fibroblast,42.09,44,73.11
CELL_75159,Epithelial,111.6,19,89.63
CELL_63649,Stem Cell,90.87,14,75.92
CELL_13622,Neuron,6.08,49,80.7
CELL_40647,Erythrocyte,6.14,14,51.75
CELL_60879,Erythrocyte,115.38,23,67.67
CELL_40948,Stem Cell,102.87,29,66.1
CELL_84223,Epithelial,61.17,15,54.89
CELL_32690,Leukocyte,68.71,23,56.77
CELL_69910,Epithelial,113.11,42,67.18
CELL_62371,Leukocyte,26.08,29,67.81
CELL_74487,Neuron,20.26,23,84.47
CELL_98394,Epithelial,50.6,20,98.44
CELL_57642,Leukocyte,47.22,23,62.04
CELL_93086,Epithelial,67.73,30,75.09
CELL_30744,Myocyte,12.96,18,87.28
CELL_40128,Epithelial,119.59,26,51.79
CELL_72376,Neuron,105.49,40,61.97
CELL_30710,Fibroblast,97.92,5,54.31
CELL_32545,Fibroblast,25.09,40,74.32
CELL_61502,Stem Cell,5.63,32,94.38
CELL_21580,Stem Cell,14.89,24,51.52
CELL_94515,Erythrocyte,84.13,33,99.15
CELL_60515,Epithelial,86.23,37,60.55
CELL_52051,Epithelial,12.41,33,88.25
CELL_93720,Fibroblast,58.91,6,51.64
CELL_36736,Neuron,82.67,43,86.08
CELL_90493,Myocyte,117.89,49,58.55
CELL_80876,Neuron,104.13,35,94.53
CELL_30945,Erythrocyte,18.97,42,99.62
CELL_41847,Myocyte,96.65,21,84.27
CELL_54554,Leukocyte,27.73,22,82.38
CELL_66982,Fibroblast,110.48,8,52.41
CELL_86261,Erythrocyte,76.15,34,81.83
CELL_69162,Erythrocyte,107.15,9,94.87
CELL_29049,Stem Cell,116.17,37,96.24
CELL_81725,Erythrocyte,82.65,7,81.01
CELL_50202,Neuron,76.18,50,58.85
CELL_78587,Erythrocyte,89.34,26,79.55
CELL_42168,Fibroblast,14.22,33,97.08
CELL_56989,Epithelial,80.01,33,83.64
CELL_62649,Erythrocyte,112.36,20,72.56
CELL_29284,Stem Cell,50.38,34,80.4
CELL_46066,Erythrocyte,22.4,46,53.71
CELL_28752,Fibroblast,63.43,9,51.36
CELL_59363,Erythrocyte,91.79,15,69.43
CELL_90747,Erythrocyte,25.6,9,64.3
CELL_81358,Leukocyte,26.67,8,54.61
CELL_82913,Leukocyte,50.2,46,59.92
CELL_94133,Epithelial,78.96,6,65.92
CELL_99301,Epithelial,52.09,9,70.66
CELL_84462,Epithelial,26.25,22,98.22
CELL_57416,Neuron,111.56,31,82.09
CELL_87310,Fibroblast,97.89,12,52.91
CELL_42490,Myocyte,31.13,9,54.2
CELL_82317,Erythrocyte,107.82,10,94.14
CELL_97408,Erythrocyte,98.5,16,67.76
CELL_97766,Epithelial,13.55,39,97.79
CELL_94238,Neuron,12.41,44,62.74
CELL_95487,Leukocyte,88.18,30,93.78
CELL_91620,Stem Cell,98.36,38,75.72
CELL_20161,Erythrocyte,55.52,18,96.53
CELL_79678,Fibroblast,64.78,46,61.6
CELL_43169,Stem Cell,20.57,47,67.4
CELL_19618,Fibroblast,92.67,40,83.27
CELL_21368,Neuron,18.71,28,74.77
CELL_38507,Stem Cell,67.48,24,76.5
CELL_88621,Stem Cell,112.83,32,73.41
CELL_28925,Erythrocyte,19.06,41,64.7
CELL_19717,Neuron,10.62,46,94.49
CELL_96726,Leukocyte,81.25,40,69.92
CELL_56446,Neuron,59.96,23,78.29
CELL_99856,Neuron,14.49,28,69.2
CELL_99432,Erythrocyte,40.21,20,97.71
CELL_19406,Erythrocyte,69.04,17,98.29
CELL_55981,Myocyte,9.07,38,53.18
CELL_74826,Epithelial,105.19,49,76.68
CELL_40502,Fibroblast,22.45,5,84.84
CELL_81809,Stem Cell,5.45,30,99.16
CELL_36873,Erythrocyte,77.77,16,90.07
CELL_34428,Erythrocyte,72.72,5,81.15
CELL_90756,Leukocyte,24.75,38,97.73
CELL_44366,Stem Cell,74.75,50,54.94
CELL_76563,Neuron,60.31,36,75.19
CELL_35879,Leukocyte,67.93,40,53.94
CELL_59916,Neuron,48.27,50,92.7
CELL_99951,Stem Cell,58.52,8,66.22
CELL_51063,Myocyte,9.77,7,58.61
CELL_12180,Epithelial,67.42,31,70.04
CELL_91305,Erythrocyte,90.3,48,81.15
CELL_63565,Neuron,71.65,17,72.82
CELL_67775,Fibroblast,35.56,21,57.71
CELL_57989,Fibroblast,13.92,21,74.0
CELL_32584,Neuron,117.54,20,73.11
CELL_37724,Epithelial,92.56,9,67.22
CELL_98708,Stem Cell,77.56,30,56.88
CELL_71420,Leukocyte,68.17,17,92.91
CELL_69761,Myocyte,107.07,33,61.3
CELL_83559,Erythrocyte,17.56,34,96.34
CELL_11709,Epithelial,62.22,45,73.07
CELL_40553,Neuron,42.5,22,58.0
CELL_47100,Leukocyte,31.78,36,61.59
CELL_92148,Stem Cell,113.44,25,62.91
CELL_95782,Epithelial,71.35,17,92.54
CELL_10141,Stem Cell,112.47,23,88.19
CELL_61166,Stem Cell,34.04,17,80.0
CELL_40731,Leukocyte,55.74,46,89.1
CELL_60682,Stem Cell,17.91,16,52.65
CELL_99840,Erythrocyte,69.07,20,86.69
CELL_93671,Neuron,12.41,5,56.52
CELL_47181,Myocyte,23.11,35,91.48
CELL_97824,Stem Cell,45.44,49,52.23
CELL_38463,Stem Cell,108.7,26,63.06
CELL_99867,Erythrocyte,21.35,35,56.45
CELL_85519,Fibroblast,53.03,26,88.12
CELL_21930,Myocyte,44.24,40,70.49
CELL_30675,Leukocyte,51.56,39,73.2
CELL_66837,Epithelial,35.66,24,72.93
CELL_13224,Myocyte,44.5,20,73.99
CELL_76346,Stem Cell,101.58,45,80.73
CELL_57529,Neuron,10.04,11,97.82
CELL_44273,Stem Cell,16.18,15,71.85
CELL_94627,Fibroblast,111.72,13,55.3
CELL_78636,Neuron,103.89,39,62.61
CELL_74192,Erythrocyte,89.63,19,54.69
CELL_81395,Leukocyte,119.51,44,86.93
CELL_30779,Epithelial,65.35,29,81.71
CELL_76472,Erythrocyte,27.54,40,53.09
CELL_48315,Epithelial,84.86,18,78.07
CELL_99414,Leukocyte,102.83,11,73.23
CELL_76739,Fibroblast,30.48,49,57.25
CELL_38045,Stem Cell,83.87,26,84.81
CELL_90412,Leukocyte,49.11,27,81.63
CELL_32936,Stem Cell,7.68,43,69.82
CELL_27990,Leukocyte,69.35,7,57.13
CELL_41816,Erythrocyte,78.19,13,72.77
CELL_50795,Neuron,99.86,30,92.75
CELL_83151,Fibroblast,31.19,24,73.77
CELL_45478,Neuron,45.12,50,51.9
CELL_77998,Leukocyte,10.41,36,63.72
CELL_47933,Epithelial,106.57,42,68.96
CELL_46899,Stem Cell,37.13,17,53.35
CELL_25142,Epithelial,30.28,20,62.31
CELL_28316,Epithelial,25.77,28,62.78
CELL_32297,Neuron,115.06,46,50.43
CELL_86647,Neuron,66.44,38,51.43
CELL_83486,Stem Cell,63.57,22,98.3
CELL_19796,Fibroblast,115.11,28,80.33
CELL_66345,Leukocyte,30.87,39,84.76
CELL_93508,Fibroblast,110.72,18,54.96
CELL_55309,Erythrocyte,46.53,5,83.44
CELL_26821,Neuron,10.34,42,55.19
CELL_88011,Neuron,51.24,49,61.73
CELL_88722,Epithelial,13.5,28,67.7
CELL_60763,Fibroblast,15.05,8,74.55
CELL_29200,Fibroblast,55.8,5,75.8
CELL_36796,Epithelial,93.91,37,63.17
CELL_62016,Erythrocyte,97.74,48,94.34
CELL_49904,Erythrocyte,112.8,47,64.27
CELL_30440,Fibroblast,80.65,40,73.42
CELL_69642,Erythrocyte,7.72,32,55.24
CELL_77675,Leukocyte,25.86,18,75.57
CELL_45091,Erythrocyte,109.14,16,77.03
CELL_70873,Neuron,63.34,41,69.05
CELL_86160,Fibroblast,56.79,45,96.99
CELL_87116,Myocyte,82.26,33,70.48
CELL_22507,Epithelial,69.79,22,63.39
CELL_31603,Leukocyte,49.25,8,80.3
CELL_37657,Leukocyte,23.55,13,91.47
CELL_48979,Epithelial,25.15,21,80.65
CELL_18944,Epithelial,26.17,30,79.45
CELL_75083,Fibroblast,109.09,42,63.17
CELL_87727,Leukocyte,37.23,17,61.06
CELL_90621,Myocyte,80.34,16,71.15
CELL_72654,Myocyte,97.72,21,78.87
CELL_42491,Neuron,60.39,24,96.32
CELL_44570,Erythrocyte,20.3,40,77.87
CELL_23382,Fibroblast,77.39,23,86.12
CELL_26543,Leukocyte,106.41,8,93.11
CELL_23192,Stem Cell,113.8,12,63.19
CELL_10510,Myocyte,62.92,50,62.35
CELL_42438,Erythrocyte,87.95,43,73.56
CELL_70089,Fibroblast,65.87,30,72.75
CELL_34120,Fibroblast,79.08,23,98.77
CELL_87520,Leukocyte,92.83,28,82.81
CELL_45342,Neuron,31.75,40,60.43
CELL_87493,Erythrocyte,71.04,41,81.58
CELL_35159,Stem Cell,84.07,40,60.79
CELL_33634,Epithelial,100.09,15,65.14
CELL_41367,Leukocyte,23.28,20,88.18
CELL_48812,Fibroblast,13.64,18,90.75
CELL_42561,Stem Cell,117.27,27,70.87
CELL_90671,Stem Cell,9.98,18,71.05
CELL_41912,Stem Cell,58.91,30,69.82
CELL_37775,Leukocyte,30.58,40,54.51
CELL_32097,Leukocyte,67.78,46,60.0
CELL_25104,Stem Cell,5.13,14,89.2
CELL_17815,Fibroblast,102.18,33,50.61
CELL_63338,Epithelial,62.75,44,79.69
CELL_36560,Neuron,98.78,5,69.73
CELL_11373,Stem Cell,11.13,31,77.83
CELL_49331,Stem Cell,99.36,44,97.38
CELL_82410,Myocyte,111.78,17,55.78
CELL_18522,Stem Cell,47.61,36,85.58
CELL_79942,Erythrocyte,20.41,47,52.44
CELL_98233,Erythrocyte,77.63,16,74.92
CELL_30367,Erythrocyte,18.94,17,61.38
CELL_70139,Neuron,99.11,41,67.12
CELL_39356,Neuron,37.12,19,63.79
CELL_99070,Erythrocyte,53.28,39,78.62
CELL_94569,Epithelial,39.75,22,65.21
CELL_92462,Leukocyte,41.34,32,76.2
CELL_20548,Erythrocyte,14.1,43,77.81
CELL_25632,Myocyte,67.14,17,97.29
CELL_43492,Stem Cell,113.06,31,56.21
CELL_63458,Erythrocyte,23.34,47,76.84
CELL_67632,Erythrocyte,89.07,11,51.32
CELL_52186,Neuron,89.45,21,59.44
CELL_50439,Erythrocyte,88.3,8,50.62
CELL_61190,Epithelial,80.72,7,52.6
CELL_38033,Stem Cell,110.01,43,95.37
CELL_79359,Myocyte,19.67,8,82.61
CELL_78404,Neuron,45.9,47,80.8
CELL_85718,Fibroblast,101.38,35,93.52
CELL_93530,Myocyte,15.66,12,64.55
CELL_10517,Erythrocyte,50.71,25,85.75
CELL_80437,Epithelial,38.89,32,60.81
CELL_45826,Myocyte,58.06,10,87.39
CELL_22524,Neuron,63.65,33,50.08
CELL_61023,Neuron,79.49,21,98.45
CELL_65865,Leukocyte,28.17,38,92.2
CELL_37243,Fibroblast,16.36,21,70.68
CELL_43088,Leukocyte,78.41,14,63.29
CELL_15345,Epithelial,54.63,26,65.63
CELL_87480,Erythrocyte,11.35,33,89.86
CELL_11565,Erythrocyte,26.58,36,68.43
CELL_43777,Myocyte,44.58,15,64.31
CELL_60010,Erythrocyte,12.23,50,79.35
CELL_61766,Epithelial,12.99,36,65.02
CELL_64759,Stem Cell,82.25,46,80.28
CELL_10306,Erythrocyte,14.96,26,96.25
CELL_44241,Myocyte,43.14,39,70.72
CELL_35650,Erythrocyte,64.74,14,89.22
CELL_51584,Myocyte,69.23,35,79.11
CELL_10020,Stem Cell,64.32,42,96.43
CELL_23596,Epithelial,63.34,37,55.31
CELL_70383,Leukocyte,22.67,48,80.41
CELL_36643,Neuron,79.25,11,60.92
CELL_75767,Leukocyte,60.2,42,83.49
CELL_40008,Epithelial,68.8,45,80.06
CELL_70815,Erythrocyte,58.17,16,51.22
CELL_29812,Fibroblast,98.08,46,89.91
CELL_93573,Leukocyte,104.18,31,94.67
CELL_24338,Epithelial,105.05,41,60.92
CELL_58202,Leukocyte,86.3,17,81.11
CELL_98405,Leukocyte,93.89,21,55.47
CELL_48005,Myocyte,62.69,47,77.14
CELL_16079,Epithelial,44.02,25,70.84
CELL_91730,Neuron,22.56,20,84.51
CELL_81439,Stem Cell,52.29,14,84.19
CELL_26720,Fibroblast,111.02,5,83.61
CELL_52883,Stem Cell,92.26,49,60.46
CELL_69392,Erythrocyte,71.39,26,96.33
CELL_17012,Myocyte,82.98,24,58.63
CELL_51593,Leukocyte,75.5,31,87.06
CELL_46431,Epithelial,113.72,39,92.21
CELL_21108,Fibroblast,88.71,49,82.14
CELL_91992,Myocyte,52.13,41,71.66
CELL_65399,Stem Cell,22.75,9,62.02
CELL_13618,Epithelial,106.05,48,54.77
CELL_82786,Epithelial,70.5,16,89.83
CELL_49769,Leukocyte,113.49,34,68.05
CELL_73170,Leukocyte,100.96,37,76.35
CELL_57687,Stem Cell,49.69,32,80.62
CELL_11487,Fibroblast,40.94,20,77.34
CELL_78170,Leukocyte,109.62,50,54.99
CELL_81510,Myocyte,70.58,44,50.94
CELL_26012,Stem Cell,97.41,19,89.14
CELL_70205,Leukocyte,73.56,28,99.33
CELL_15887,Erythrocyte,105.19,36,92.77
CELL_35068,Stem Cell,90.97,45,89.29
CELL_99492,Leukocyte,81.52,23,86.14
CELL_33241,Epithelial,56.71,22,71.99
CELL_19694,Erythrocyte,51.6,6,90.36
CELL_72915,Stem Cell,42.92,12,87.36
CELL_53489,Leukocyte,100.2,40,55.68
CELL_75513,Leukocyte,104.79,13,67.44
CELL_53856,Myocyte,73.36,14,83.6
CELL_20022,Erythrocyte,82.58,14,54.13
CELL_92514,Stem Cell,6.32,44,89.01
CELL_30336,Erythrocyte,54.9,12,89.14
CELL_61862,Neuron,93.06,16,76.3
CELL_10141,Fibroblast,22.15,49,79.0
CELL_99478,Myocyte,110.59,38,60.19
CELL_76640,Fibroblast,68.99,31,93.33
CELL_33622,Stem Cell,41.35,19,75.11
CELL_20233,Neuron,21.66,11,52.66
CELL_43112,Stem Cell,75.02,9,72.84
CELL_51723,Fibroblast,32.68,6,99.1
CELL_55541,Fibroblast,43.87,11,96.04
CELL_14455,Fibroblast,25.61,20,73.94
CELL_56953,Myocyte,118.32,19,69.52
CELL_56406,Epithelial,69.93,36,77.46
CELL_10699,Stem Cell,39.86,29,71.99
CELL_29202,Epithelial,6.55,35,88.48
CELL_15534,Epithelial,107.76,5,90.52
CELL_36980,Erythrocyte,97.77,20,70.97
CELL_50167,Neuron,9.34,49,60.83
CELL_46682,Neuron,27.1,45,77.63
CELL_35017,Erythrocyte,85.49,30,90.88
CELL_43952,Fibroblast,6.39,44,75.83
CELL_94453,Leukocyte,118.73,22,69.4
CELL_37249,Epithelial,68.16,31,83.14
CELL_55137,Fibroblast,16.65,31,73.5
CELL_16174,Stem Cell,78.27,46,70.95
CELL_71496,Fibroblast,33.8,6,57.71
CELL_90506,Leukocyte,46.26,36,91.84
CELL_63617,Fibroblast,13.44,36,72.85
CELL_79484,Leukocyte,64.76,29,83.42
CELL_60841,Epithelial,47.04,22,78.73
CELL_94755,Fibroblast,73.79,47,79.64
CELL_47148,Stem Cell,106.53,40,89.49
CELL_13141,Epithelial,100.92,39,89.36
CELL_58237,Myocyte,88.63,20,94.66
CELL_14900,Erythrocyte,102.41,19,66.81
CELL_80962,Neuron,97.04,35,98.77
CELL_21092,Myocyte,92.75,6,89.51
CELL_91254,Stem Cell,66.12,9,61.04
CELL_61830,Neuron,96.58,39,91.11
CELL_36412,Fibroblast,5.38,17,78.78
CELL_32907,Fibroblast,116.85,15,66.8
CELL_94009,Myocyte,17.24,25,55.72
CELL_17036,Myocyte,75.32,26,72.22
CELL_55453,Erythrocyte,90.91,13,79.58
CELL_28977,Myocyte,11.36,47,89.82
CELL_87041,Epithelial,12.36,10,81.08
CELL_17308,Fibroblast,106.25,47,83.64
CELL_96565,Stem Cell,119.97,26,99.54
CELL_81824,Myocyte,54.36,39,64.3
CELL_32520,Fibroblast,25.97,37,65.21
CELL_55164,Fibroblast,95.8,49,55.35
CELL_28088,Neuron,64.96,49,82.9
CELL_82940,Myocyte,38.13,19,90.54
CELL_60499,Epithelial,56.44,10,57.65
CELL_44511,Leukocyte,91.98,42,97.51
CELL_32370,Myocyte,110.02,35,65.09
CELL_27432,Neuron,77.07,39,53.06
CELL_95717,Stem Cell,110.96,35,66.48
CELL_30623,Myocyte,46.8,46,62.83
CELL_57065,Stem Cell,34.89,38,96.58
CELL_20973,Epithelial,74.77,31,88.25
CELL_61192,Erythrocyte,51.12,23,75.08
CELL_13351,Leukocyte,24.27,7,76.71
CELL_28842,Leukocyte,81.12,45,59.22
CELL_26953,Neuron,11.78,18,91.25
CELL_13468,Leukocyte,5.51,50,54.64
CELL_89844,Stem Cell,24.43,11,70.63
CELL_98366,Fibroblast,97.09,44,98.31
CELL_42158,Fibroblast,75.1,39,53.3
CELL_13526,Neuron,80.6,33,95.75
CELL_14295,Myocyte,65.4,41,53.55
CELL_26222,Leukocyte,110.66,21,64.86
CELL_31356,Epithelial,106.81,48,51.87
CELL_11482,Stem Cell,54.44,19,57.14
CELL_61556,Fibroblast,51.12,47,75.64
CELL_27344,Stem Cell,19.33,31,87.44
CELL_99920,Erythrocyte,82.3,43,95.74
CELL_68483,Erythrocyte,85.52,19,72.83
CELL_42438,Neuron,48.33,14,56.39
CELL_55994,Neuron,84.68,17,99.35
CELL_11243,Myocyte,43.69,14,57.84
CELL_70511,Fibroblast,25.57,15,61.33
CELL_99772,Fibroblast,99.49,11,63.14
CELL_93465,Myocyte,10.51,17,58.63
CELL_44794,Epithelial,35.98,46,88.16
CELL_74644,Stem Cell,66.08,35,52.86
CELL_45806,Fibroblast,111.09,40,58.39
CELL_61728,Neuron,65.19,21,52.89
CELL_92543,Myocyte,45.33,38,90.07
CELL_37704,Epithelial,75.48,41,93.19
CELL_63901,Myocyte,76.67,25,55.19
CELL_56279,Epithelial,19.62,32,77.12
CELL_56763,Neuron,86.79,15,69.96
CELL_28205,Epithelial,18.43,49,51.84
CELL_30902,Stem Cell,74.71,14,94.0
CELL_25162,Erythrocyte,65.15,48,84.89
CELL_63917,Epithelial,100.34,36,73.07
CELL_48488,Fibroblast,16.88,40,93.6
CELL_94678,Stem Cell,35.48,39,54.14
CELL_63989,Erythrocyte,54.07,17,82.24
CELL_82158,Erythrocyte,38.7,40,81.68
CELL_38173,Erythrocyte,112.35,6,82.59
CELL_29014,Neuron,41.35,14,99.51
CELL_71053,Leukocyte,15.5,21,76.76
CELL_70589,Stem Cell,41.06,49,51.41
CELL_64349,Fibroblast,110.99,33,80.61
CELL_73919,Neuron,57.84,21,81.02
CELL_70746,Stem Cell,99.07,17,79.95
CELL_65773,Stem Cell,105.35,35,95.1
CELL_39918,Erythrocyte,86.71,35,65.14
CELL_44251,Neuron,24.37,8,57.08
CELL_75419,Neuron,43.16,11,99.38
CELL_22552,Epithelial,84.27,47,87.85
CELL_45798,Stem Cell,106.16,10,64.93
CELL_26459,Stem Cell,21.84,25,79.74
CELL_86448,Neuron,17.85,41,85.96
CELL_95938,Leukocyte,50.97,7,61.72
CELL_33267,Erythrocyte,59.01,13,84.31
CELL_96213,Fibroblast,92.6,49,64.45
CELL_67905,Neuron,11.47,43,80.5
CELL_71812,Epithelial,18.49,12,72.94
CELL_59969,Leukocyte,5.01,11,80.16
CELL_32276,Epithelial,94.89,8,58.51
CELL_33844,Fibroblast,67.01,30,87.46
CELL_59048,Stem Cell,20.73,50,52.0
CELL_73652,Stem Cell,48.48,13,91.35
CELL_28792,Leukocyte,42.13,10,87.66
CELL_70336,Erythrocyte,111.44,11,99.72
CELL_28621,Neuron,39.7,46,54.16
CELL_50069,Neuron,65.69,24,98.65
CELL_20189,Neuron,85.42,39,97.15
CELL_58019,Leukocyte,52.24,47,58.99
CELL_40137,Epithelial,113.64,5,51.26
CELL_63756,Stem Cell,7.05,36,98.73
CELL_96234,Fibroblast,56.03,37,84.0
CELL_46999,Epithelial,86.38,21,76.51
CELL_66567,Stem Cell,116.94,31,81.3
CELL_48137,Leukocyte,27.32,10,52.45
CELL_60519,Leukocyte,33.53,30,85.34
CELL_16010,Neuron,108.99,36,76.8
CELL_66817,Epithelial,40.91,9,74.32
CELL_64549,Erythrocyte,16.44,34,72.41
CELL_46115,Myocyte,76.75,11,67.07
CELL_51171,Leukocyte,91.56,19,63.16
CELL_35064,Neuron,35.33,45,95.82
CELL_44724,Erythrocyte,11.56,37,70.49
CELL_15105,Erythrocyte,85.02,46,80.68
CELL_62480,Neuron,102.97,31,50.62
CELL_49619,Erythrocyte,118.41,33,53.57
CELL_77544,Epithelial,98.09,37,65.47
CELL_17888,Neuron,78.7,29,71.78
CELL_25966,Fibroblast,19.62,36,52.24
CELL_60431,Leukocyte,86.91,19,84.86
CELL_14076,Neuron,86.18,28,90.92
CELL_50545,Leukocyte,66.51,30,72.96
CELL_81527,Erythrocyte,47.69,7,70.48
CELL_21274,Erythrocyte,67.29,39,52.22
CELL_86755,Epithelial,33.48,34,82.04
CELL_61104,Neuron,82.59,10,87.16
CELL_78273,Leukocyte,7.41,16,69.93
CELL_97456,Leukocyte,55.84,17,84.05
CELL_13310,Fibroblast,74.35,26,96.13
CELL_26391,Leukocyte,22.4,47,58.11
CELL_29234,Leukocyte,87.9,16,97.09
CELL_93065,Stem Cell,117.85,27,71.26
CELL_16459,Leukocyte,119.78,42,77.49
CELL_46893,Myocyte,87.87,18,62.73
CELL_53046,Stem Cell,24.02,50,97.5
CELL_96564,Neuron,33.82,12,96.51
CELL_30325,Neuron,35.36,15,89.44
CELL_17758,Leukocyte,106.26,11,71.21
CELL_41074,Epithelial,109.14,5,71.48
CELL_50295,Neuron,104.86,15,70.78
CELL_63608,Epithelial,24.19,35,96.38
CELL_21828,Leukocyte,27.84,29,66.75
CELL_52320,Epithelial,79.84,33,63.8
CELL_41467,Epithelial,48.97,10,64.02
CELL_32361,Epithelial,106.46,38,95.88
CELL_46039,Myocyte,43.57,43,92.07
CELL_47205,Stem Cell,79.71,19,99.83
CELL_24191,Neuron,43.14,44,56.72
CELL_41747,Myocyte,91.62,21,78.06
CELL_65940,Epithelial,45.04,20,77.91
CELL_90918,Leukocyte,49.57,34,87.3
CELL_56713,Fibroblast,46.38,23,54.45
CELL_86783,Epithelial,60.77,29,56.1
CELL_28733,Neuron,108.36,17,72.08
CELL_99862,Stem Cell,104.64,48,95.9
CELL_75101,Leukocyte,40.6,20,57.68
CELL_11826,Epithelial,117.03,49,66.83
CELL_45864,Epithelial,110.68,47,67.69
CELL_89050,Erythrocyte,94.31,6,79.73
CELL_77850,Myocyte,83.89,11,61.59
CELL_41639,Leukocyte,55.56,13,71.93
CELL_12172,Fibroblast,18.69,47,85.37
CELL_13605,Myocyte,6.71,11,54.6
CELL_34887,Stem Cell,119.0,9,66.08
CELL_99248,Epithelial,32.95,18,85.34
CELL_26919,Epithelial,116.26,31,92.58
CELL_65109,Erythrocyte,96.66,24,59.29
CELL_90576,Erythrocyte,53.15,25,75.73
CELL_39384,Neuron,87.91,43,78.93
CELL_55896,Neuron,58.77,28,75.69
CELL_64769,Neuron,79.95,12,98.98
CELL_76527,Fibroblast,49.12,34,99.23
CELL_21070,Neuron,43.28,27,62.04
CELL_86136,Neuron,29.32,49,87.4
CELL_73517,Neuron,10.09,14,51.51
CELL_30928,Leukocyte,116.86,46,75.09
CELL_97698,Epithelial,44.63,11,77.94
CELL_35320,Stem Cell,106.87,45,97.72
CELL_53223,Neuron,87.27,6,80.38
CELL_35034,Stem Cell,76.3,19,84.21
CELL_84343,Stem Cell,54.61,15,76.07
CELL_37890,Stem Cell,107.44,32,53.6
CELL_57948,Myocyte,53.88,14,75.94
CELL_10096,Epithelial,67.79,27,59.36
CELL_56902,Fibroblast,14.68,26,50.21
CELL_71494,Neuron,25.7,12,84.29
CELL_47593,Stem Cell,96.58,50,68.8
CELL_24992,Myocyte,42.35,38,78.83
CELL_46245,Stem Cell,68.04,21,68.6
CELL_65556,Myocyte,72.92,30,64.11
CELL_85624,Erythrocyte,28.66,15,60.84
CELL_28605,Leukocyte,75.87,38,63.09
CELL_86912,Stem Cell,88.75,40,80.27
CELL_26911,Erythrocyte,39.2,15,74.52
CELL_75786,Erythrocyte,104.56,46,87.6
CELL_48410,Neuron,65.67,38,99.22
CELL_37350,Erythrocyte,68.19,19,88.14
CELL_76526,Epithelial,59.57,36,68.88
CELL_64123,Neuron,29.87,23,88.94
CELL_26277,Neuron,60.75,10,62.28
CELL_31439,Epithelial,72.96,12,93.2
CELL_50624,Leukocyte,57.93,42,92.64
CELL_68910,Fibroblast,53.61,50,53.02
CELL_63331,Neuron,112.84,24,56.3
CELL_38249,Epithelial,83.03,26,94.35
CELL_23353,Stem Cell,54.14,23,54.81
CELL_16992,Stem Cell,50.85,10,71.83
CELL_81198,Erythrocyte,104.62,10,67.97
CELL_29128,Leukocyte,119.1,18,71.14
CELL_13663,Fibroblast,49.19,29,96.07
CELL_35289,Fibroblast,97.42,8,90.83
CELL_55837,Erythrocyte,20.81,27,57.97
CELL_54621,Erythrocyte,54.48,38,74.05
CELL_25483,Neuron,92.52,17,88.23
CELL_42079,Epithelial,60.82,10,79.02
CELL_38992,Neuron,106.3,7,77.68
CELL_93240,Epithelial,43.38,45,99.27
CELL_83747,Myocyte,41.96,39,59.07
CELL_24913,Epithelial,70.62,36,85.47
CELL_93593,Leukocyte,10.45,45,71.73
CELL_55166,Neuron,25.45,11,81.89
CELL_73290,Fibroblast,98.54,24,67.3
CELL_45963,Leukocyte,18.5,37,71.8
CELL_13649,Leukocyte,51.49,26,91.99
CELL_10724,Stem Cell,58.06,39,69.72
CELL_69868,Neuron,105.22,21,60.96
CELL_10719,Epithelial,23.83,18,54.99
CELL_74491,Erythrocyte,21.8,36,54.56
CELL_18137,Epithelial,78.61,14,50.63
CELL_96457,Neuron,47.53,26,84.51
CELL_55977,Fibroblast,70.07,7,84.74
CELL_23040,Epithelial,30.32,40,52.98
CELL_34041,Stem Cell,60.16,39,99.55
CELL_59836,Fibroblast,9.81,31,92.88
CELL_41242,Neuron,33.95,46,97.69
CELL_87038,Leukocyte,36.44,36,73.16
CELL_57630,Neuron,102.48,46,53.14
CELL_91441,Stem Cell,80.35,47,76.6
CELL_36707,Fibroblast,50.92,22,75.18
CELL_39985,Epithelial,44.75,21,65.26
CELL_91608,Stem Cell,102.17,10,64.9
CELL_56176,Myocyte,78.9,8,67.61
CELL_84868,Stem Cell,118.8,6,73.68
CELL_99642,Neuron,64.89,31,82.36
CELL_25222,Myocyte,21.32,24,56.76
CELL_52412,Leukocyte,91.56,33,84.81
CELL_32559,Fibroblast,87.5,15,51.78
CELL_85814,Fibroblast,106.76,42,61.57
CELL_90798,Neuron,65.92,40,62.43
CELL_49333,Leukocyte,26.43,35,60.15
CELL_18567,Myocyte,18.58,20,96.47
CELL_42008,Epithelial,116.33,19,72.47
CELL_31920,Leukocyte,94.9,12,63.31
CELL_34279,Epithelial,79.02,9,84.58
CELL_36962,Epithelial,67.73,16,78.68
CELL_47435,Fibroblast,103.24,29,92.61
CELL_71989,Neuron,93.97,6,85.36
CELL_61525,Fibroblast,13.47,12,56.41
CELL_27796,Epithelial,107.16,34,79.55
CELL_68071,Fibroblast,37.62,33,82.61
CELL_32913,Erythrocyte,84.85,39,66.48
CELL_99140,Erythrocyte,22.16,12,90.48
CELL_88148,Leukocyte,102.79,45,82.75
CELL_11342,Stem Cell,80.43,13,84.19
CELL_10114,Myocyte,37.48,39,62.73
CELL_92244,Fibroblast,23.11,36,93.16
CELL_86787,Fibroblast,102.32,39,96.94
CELL_83904,Epithelial,41.43,6,99.3
CELL_46821,Fibroblast,18.46,34,86.39
CELL_64902,Neuron,101.91,11,88.87
CELL_82754,Neuron,116.41,41,61.36
CELL_30779,Leukocyte,74.24,50,96.42
CELL_69886,Myocyte,51.83,43,87.81
CELL_52160,Fibroblast,91.53,24,95.22
CELL_89941,Neuron,85.36,45,96.35
CELL_10548,Stem Cell,102.73,37,75.57
CELL_71838,Fibroblast,86.26,24,55.39
CELL_96368,Fibroblast,71.15,8,69.34
CELL_33593,Myocyte,41.06,37,91.9
CELL_67901,Erythrocyte,16.55,28,61.38
CELL_33377,Leukocyte,68.83,41,91.89
CELL_80232,Stem Cell,66.76,19,82.11
CELL_22995,Leukocyte,55.62,45,74.11
CELL_51176,Fibroblast,98.81,38,70.73
CELL_29326,Myocyte,54.9,46,63.71
CELL_97960,Fibroblast,62.28,48,80.7
CELL_22494,Leukocyte,94.88,23,95.53
CELL_73078,Fibroblast,79.79,9,79.09
CELL_38334,Stem Cell,22.56,44,58.84
CELL_55029,Erythrocyte,90.06,12,52.3
CELL_40148,Neuron,33.57,15,62.65
CELL_52815,Stem Cell,119.22,39,50.99
CELL_91198,Leukocyte,29.56,10,96.79
CELL_75473,Erythrocyte,25.6,42,56.62
CELL_56972,Neuron,79.14,27,61.85
CELL_58010,Myocyte,86.49,35,91.09
CELL_52932,Epithelial,70.38,13,80.57
CELL_84724,Epithelial,49.09,9,52.34
CELL_92060,Myocyte,89.45,48,68.46
CELL_35819,Neuron,98.35,6,92.76
CELL_24125,Erythrocyte,87.01,27,54.67
CELL_49817,Fibroblast,86.51,42,77.31
CELL_37303,Myocyte,106.61,31,99.75
CELL_67540,Epithelial,58.77,33,80.12
CELL_84091,Neuron,39.7,25,50.6
CELL_24043,Epithelial,105.55,5,92.56
CELL_77134,Myocyte,18.83,21,66.12
CELL_58342,Erythrocyte,116.91,44,87.71
CELL_59221,Myocyte,41.57,19,74.05
CELL_85255,Erythrocyte,112.35,22,81.78
CELL_23736,Leukocyte,79.16,45,52.84
CELL_80489,Myocyte,39.41,6,53.34
CELL_18501,Erythrocyte,10.72,22,89.27
CELL_59342,Fibroblast,45.03,41,75.86
CELL_17879,Epithelial,88.86,13,98.81
CELL_32313,Neuron,18.93,22,92.74
CELL_78955,Epithelial,83.02,30,71.61
CELL_21032,Stem Cell,98.96,21,84.31
CELL_37758,Fibroblast,6.4,7,79.56
CELL_87213,Leukocyte,97.73,49,51.62
CELL_14389,Leukocyte,69.57,48,80.27
CELL_35580,Neuron,53.63,38,75.98
CELL_12960,Myocyte,90.14,27,95.14
CELL_70274,Neuron,24.21,40,62.04
CELL_24631,Epithelial,51.11,47,86.14
CELL_64313,Leukocyte,45.24,22,61.05
CELL_19874,Fibroblast,53.35,12,70.79
CELL_24435,Neuron,72.44,16,59.15
CELL_95888,Stem Cell,47.32,6,53.06
CELL_60558,Leukocyte,104.24,34,94.57
CELL_78927,Stem Cell,18.92,17,86.38
CELL_49587,Neuron,20.42,31,96.91
CELL_53778,Epithelial,17.18,46,60.11
CELL_48330,Fibroblast,24.71,36,79.55
CELL_47226,Fibroblast,60.33,45,56.32
CELL_98591,Epithelial,61.82,14,54.49
CELL_11725,Epithelial,59.66,19,89.86
CELL_59833,Neuron,18.19,39,95.72
CELL_51687,Fibroblast,57.96,49,78.43
CELL_53903,Neuron,111.44,27,99.87
CELL_53578,Myocyte,80.62,33,51.74
CELL_62916,Fibroblast,59.75,16,53.91
CELL_77910,Neuron,7.87,48,93.38
CELL_56545,Neuron,56.57,26,99.92
CELL_36850,Fibroblast,48.07,32,65.96
CELL_66008,Myocyte,24.97,25,98.05
CELL_50173,Erythrocyte,12.77,42,74.8
CELL_95380,Erythrocyte,94.46,28,56.59
CELL_46621,Neuron,31.48,23,78.12
CELL_91751,Epithelial,36.94,17,76.02
CELL_91903,Erythrocyte,50.88,36,81.95
CELL_62813,Neuron,50.24,48,97.14
CELL_64817,Stem Cell,103.71,20,69.45
CELL_38426,Erythrocyte,97.32,8,99.14
CELL_57018,Stem Cell,30.34,9,75.97
CELL_83061,Myocyte,75.63,31,93.76
CELL_26907,Myocyte,23.13,41,53.38
CELL_63028,Neuron,106.11,25,61.07
CELL_81446,Leukocyte,97.5,45,72.8
CELL_97268,Stem Cell,44.16,42,83.59
CELL_42459,Leukocyte,18.22,50,60.25
CELL_32188,Fibroblast,116.73,43,85.78
CELL_64900,Stem Cell,71.63,47,87.09
CELL_31999,Myocyte,11.78,9,92.29
CELL_67378,Epithelial,5.44,49,74.26
CELL_77965,Epithelial,87.47,38,79.65
CELL_20194,Fibroblast,104.04,17,86.67
CELL_55878,Myocyte,97.53,23,69.67
CELL_62997,Erythrocyte,32.77,40,77.75
CELL_32600,Erythrocyte,95.66,26,58.38
CELL_63260,Fibroblast,112.57,6,51.33
CELL_86268,Erythrocyte,16.71,22,68.6
CELL_67100,Leukocyte,18.27,42,81.5
CELL_22188,Leukocyte,87.59,27,51.24
CELL_27360,Neuron,49.17,23,79.37
CELL_64412,Neuron,85.89,6,97.56
CELL_82168,Myocyte,37.71,41,56.45
CELL_28713,Leukocyte,95.48,32,92.93
CELL_26011,Stem Cell,70.48,45,58.07
CELL_75055,Stem Cell,38.7,6,75.6
CELL_45502,Leukocyte,111.06,7,93.57
CELL_94296,Leukocyte,97.03,17,75.23
CELL_25828,Erythrocyte,47.08,6,80.95
CELL_50236,Neuron,112.37,34,58.08
CELL_69356,Stem Cell,46.18,19,54.7
CELL_41703,Fibroblast,50.61,40,86.39
CELL_23548,Neuron,95.79,43,65.96
CELL_15667,Stem Cell,111.38,29,68.55
CELL_76079,Epithelial,85.77,21,54.62
CELL_66456,Fibroblast,49.69,40,93.58
CELL_87496,Leukocyte,41.01,45,91.6
CELL_71550,Stem Cell,52.45,25,59.79
CELL_99102,Erythrocyte,56.28,20,89.82
CELL_15660,Leukocyte,5.15,30,94.45
CELL_18776,Erythrocyte,40.34,14,68.86
CELL_89324,Leukocyte,27.99,8,64.78
CELL_98964,Fibroblast,17.3,9,77.99
CELL_75689,Epithelial,9.35,46,91.11
CELL_56369,Fibroblast,83.97,31,94.35
CELL_28499,Neuron,77.47,34,91.81
CELL_68650,Stem Cell,83.66,42,56.33
CELL_72960,Neuron,63.31,36,74.69
CELL_80607,Leukocyte,104.29,48,85.93
CELL_94528,Stem Cell,90.67,25,82.86
CELL_28542,Leukocyte,85.71,27,93.73
CELL_40268,Stem Cell,51.53,16,91.66
CELL_51424,Myocyte,12.41,48,93.49
CELL_81631,Stem Cell,20.1,11,58.0
CELL_76453,Myocyte,56.69,43,57.63
CELL_68006,Erythrocyte,111.86,29,69.01
CELL_21378,Leukocyte,11.61,10,92.29
CELL_69668,Fibroblast,95.53,31,59.93
CELL_42181,Leukocyte,91.07,45,96.96
CELL_40343,Fibroblast,77.32,38,97.85
CELL_29143,Neuron,118.23,46,63.22
CELL_34774,Neuron,30.53,21,52.5
CELL_55534,Leukocyte,106.09,49,81.56
CELL_79530,Stem Cell,15.26,42,86.12
CELL_77273,Fibroblast,63.73,5,97.11
CELL_38367,Neuron,55.98,41,84.12
CELL_79720,Erythrocyte,88.61,41,94.42
CELL_87321,Erythrocyte,44.3,48,83.05
CELL_75193,Leukocyte,119.33,18,87.72
CELL_42580,Leukocyte,6.06,29,62.08
CELL_20352,Leukocyte,93.61,5,98.72
CELL_28718,Stem Cell,18.73,41,82.45
CELL_20352,Neuron,93.58,11,62.37
CELL_74737,Myocyte,112.24,42,56.54
CELL_83003,Stem Cell,109.14,10,52.54
CELL_77487,Leukocyte,78.45,19,84.4
CELL_16652,Fibroblast,66.89,43,92.24
CELL_50439,Erythrocyte,20.89,16,56.6
CELL_90595,Stem Cell,94.9,32,95.12
CELL_54597,Erythrocyte,84.03,45,94.15
CELL_44138,Neuron,25.43,35,90.79
CELL_77517,Erythrocyte,64.47,32,81.48
CELL_65412,Epithelial,58.5,15,96.64
CELL_79955,Epithelial,38.21,47,90.33
CELL_25847,Leukocyte,74.08,18,81.82
CELL_95440,Fibroblast,20.05,29,76.36
CELL_48300,Erythrocyte,85.41,34,66.94
CELL_57280,Fibroblast,60.61,6,68.48
CELL_46348,Epithelial,106.89,25,89.86
CELL_51708,Erythrocyte,54.1,39,88.43
CELL_32512,Erythrocyte,28.78,29,54.89
CELL_84814,Neuron,107.84,30,64.18
CELL_43282,Leukocyte,48.29,15,65.73
CELL_39647,Epithelial,118.76,13,71.73
CELL_14841,Leukocyte,95.86,39,50.22
CELL_31457,Neuron,56.42,6,87.84
CELL_74304,Epithelial,56.56,28,68.05
CELL_86841,Fibroblast,107.76,19,75.83
CELL_39449,Erythrocyte,26.44,7,59.12
CELL_55556,Epithelial,44.06,25,76.72
CELL_25664,Neuron,105.14,40,52.27
CELL_35913,Neuron,36.85,47,83.13
CELL_50797,Fibroblast,113.38,32,57.61
CELL_28059,Fibroblast,119.45,48,76.17
CELL_41991,Erythrocyte,111.13,32,64.6
CELL_72080,Erythrocyte,106.29,14,90.99
CELL_30255,Myocyte,101.23,44,64.27
CELL_62959,Erythrocyte,52.73,21,82.19
CELL_23706,Stem Cell,54.59,19,66.72
CELL_36213,Leukocyte,117.33,25,52.87
CELL_94066,Fibroblast,92.97,7,86.49
CELL_21470,Fibroblast,113.37,28,78.59
CELL_46463,Myocyte,55.5,16,57.79
CELL_99036,Fibroblast,38.86,48,94.58
CELL_41491,Myocyte,83.55,15,63.64
CELL_71430,Neuron,30.69,40,65.43
CELL_89342,Neuron,9.41,45,72.66
CELL_59882,Neuron,50.24,36,66.45
CELL_38956,Leukocyte,33.4,40,96.19
CELL_57671,Neuron,102.62,18,64.21
CELL_54476,Myocyte,108.24,27,78.26
CELL_28976,Erythrocyte,22.56,20,90.41
CELL_10353,Erythrocyte,110.67,29,97.16
CELL_95495,Myocyte,52.07,13,74.54
CELL_72911,Neuron,46.97,35,64.47
CELL_50119,Leukocyte,35.31,44,60.91
CELL_15310,Leukocyte,42.28,20,82.51
CELL_66855,Epithelial,79.62,38,87.1
CELL_11981,Fibroblast,33.82,22,75.69
CELL_15252,Neuron,109.84,37,71.52
CELL_97574,Stem Cell,48.6,38,64.59
CELL_83281,Stem Cell,55.22,50,61.47
CELL_58570,Stem Cell,118.9,34,88.52
CELL_36772,Stem Cell,43.59,12,66.41
CELL_63295,Stem Cell,30.49,7,75.85
CELL_55121,Neuron,105.83,8,65.21
CELL_82741,Fibroblast,112.46,15,81.98
CELL_36574,Myocyte,70.07,34,95.58
CELL_64945,Erythrocyte,75.79,41,98.85
CELL_79849,Fibroblast,76.74,11,55.11
CELL_45934,Fibroblast,69.39,7,52.1
CELL_79946,Myocyte,32.64,13,64.24
CELL_41537,Neuron,113.15,30,88.42
CELL_98991,Epithelial,111.19,32,80.91
CELL_20996,Fibroblast,118.61,23,77.54
CELL_50643,Fibroblast,73.5,32,87.08
CELL_38186,Neuron,18.79,33,95.21
CELL_86091,Epithelial,89.67,36,79.34
CELL_94443,Myocyte,109.7,24,72.98
CELL_86811,Fibroblast,42.23,34,57.64
CELL_79122,Fibroblast,114.86,14,54.48
CELL_80460,Myocyte,94.09,9,98.35
CELL_34680,Fibroblast,68.31,31,84.71
CELL_99538,Myocyte,93.01,44,50.27
CELL_68887,Myocyte,49.29,50,86.95
CELL_19176,Erythrocyte,112.75,7,50.44
CELL_83988,Erythrocyte,41.45,17,83.15
CELL_25033,Neuron,85.99,9,63.19
CELL_11066,Erythrocyte,8.71,25,84.44
CELL_51991,Stem Cell,9.7,30,89.36
CELL_13736,Myocyte,107.6,24,82.67
CELL_52684,Epithelial,91.29,33,59.82
CELL_57121,Epithelial,74.86,41,63.6
CELL_56129,Neuron,54.12,26,84.79
CELL_90161,Stem Cell,119.7,12,81.22
CELL_25733,Neuron,66.26,14,83.31
CELL_84045,Myocyte,103.85,39,75.98
CELL_31446,Epithelial,107.01,6,81.13
CELL_17755,Stem Cell,81.18,42,69.74
CELL_60563,Myocyte,62.91,34,57.95
CELL_83580,Epithelial,104.62,40,68.85
CELL_88725,Myocyte,64.74,16,53.48
CELL_69438,Fibroblast,16.99,42,98.96
CELL_60968,Leukocyte,85.33,8,83.77
CELL_82915,Leukocyte,64.22,36,56.34
CELL_97938,Stem Cell,51.53,28,58.71
CELL_66213,Leukocyte,52.85,14,83.73
CELL_40904,Fibroblast,110.22,49,86.58
CELL_36267,Leukocyte,95.85,15,64.65
CELL_69795,Neuron,92.68,5,88.55
CELL_47546,Neuron,91.43,50,63.86
CELL_91885,Epithelial,109.25,35,66.39
CELL_98795,Neuron,23.74,47,91.07
CELL_55553,Neuron,100.99,7,53.58
CELL_83712,Myocyte,48.01,31,97.85
CELL_76771,Stem Cell,116.33,23,98.14
CELL_50717,Stem Cell,105.06,9,74.1
CELL_20410,Epithelial,118.66,35,59.67
CELL_84491,Fibroblast,65.78,11,87.37
CELL_17418,Neuron,51.58,19,82.31
CELL_18665,Neuron,14.16,33,59.5
CELL_50766,Epithelial,117.83,18,91.77
CELL_80170,Epithelial,46.05,32,90.52
CELL_60097,Myocyte,94.6,28,90.28
CELL_25399,Neuron,94.87,6,57.54
CELL_44921,Stem Cell,27.53,13,67.02
CELL_91302,Leukocyte,16.53,13,87.15
CELL_87494,Epithelial,77.42,46,86.88
CELL_69816,Stem Cell,79.19,8,56.69
CELL_30250,Fibroblast,25.63,13,96.5
CELL_96341,Erythrocyte,100.71,12,94.39
CELL_32596,Neuron,42.62,22,81.38
CELL_27997,Erythrocyte,80.62,34,72.07
CELL_48373,Stem Cell,84.25,46,66.6
CELL_48802,Stem Cell,47.87,11,72.82
CELL_40053,Myocyte,78.05,42,69.5
CELL_53976,Erythrocyte,38.74,27,51.1
CELL_82817,Epithelial,108.44,30,60.82
CELL_88242,Neuron,74.27,46,67.26
CELL_34127,Fibroblast,79.26,36,83.15
CELL_83201,Leukocyte,41.38,8,55.85
CELL_75881,Leukocyte,90.59,29,81.15
CELL_24015,Leukocyte,83.19,6,60.22
CELL_98155,Stem Cell,36.68,15,73.85
CELL_35815,Epithelial,20.56,30,71.56
CELL_41860,Erythrocyte,47.65,33,78.12
CELL_52075,Neuron,22.72,9,57.67
CELL_13130,Neuron,82.48,19,88.48
CELL_58635,Erythrocyte,80.64,19,66.37
CELL_31971,Neuron,44.41,26,75.2
CELL_55858,Fibroblast,58.31,29,99.55
CELL_40836,Epithelial,53.57,35,84.76
CELL_74457,Fibroblast,88.84,22,68.89
CELL_94561,Stem Cell,87.42,31,55.75
CELL_45391,Fibroblast,80.57,35,88.37
CELL_72331,Fibroblast,14.41,39,50.84
CELL_81345,Erythrocyte,114.69,27,92.02
CELL_74536,Neuron,10.58,30,50.12
CELL_27319,Neuron,109.14,19,80.51
CELL_92580,Neuron,27.52,5,94.12
CELL_72483,Neuron,99.22,11,71.87
CELL_49054,Epithelial,56.11,49,85.24
CELL_90433,Leukocyte,114.81,36,64.96
CELL_82790,Stem Cell,41.63,6,99.08
CELL_81701,Leukocyte,71.95,31,83.68
CELL_47008,Leukocyte,23.36,26,60.26
CELL_25816,Epithelial,76.25,33,50.7
CELL_89402,Epithelial,5.62,33,73.19
CELL_26757,Epithelial,22.21,17,57.61
CELL_21868,Myocyte,5.29,29,77.08
CELL_64573,Myocyte,7.99,22,50.36
CELL_57665,Leukocyte,65.59,13,69.16
CELL_90415,Neuron,73.97,49,97.33
CELL_17740,Epithelial,74.41,35,80.56
CELL_20863,Leukocyte,51.38,37,99.05
CELL_71516,Erythrocyte,14.77,11,84.71
CELL_13559,Stem Cell,17.72,12,56.01
CELL_19105,Epithelial,27.08,16,64.83
CELL_25484,Erythrocyte,34.84,45,63.98
CELL_93385,Epithelial,76.65,21,51.94
CELL_41927,Myocyte,69.63,8,91.18
CELL_44741,Fibroblast,84.93,9,58.45
CELL_67912,Erythrocyte,47.2,8,79.71
CELL_46976,Leukocyte,105.17,21,90.8
CELL_81390,Neuron,39.07,6,91.73
CELL_56929,Myocyte,108.01,40,80.45
CELL_94646,Leukocyte,33.81,22,83.64
CELL_16809,Neuron,100.89,17,88.53
CELL_56137,Epithelial,77.13,29,67.1
CELL_90320,Neuron,97.63,32,73.16
CELL_86828,Stem Cell,65.55,38,55.56
CELL_63029,Stem Cell,113.66,11,56.77
CELL_24892,Neuron,52.1,40,60.94
CELL_38323,Fibroblast,42.83,28,99.18
CELL_16832,Erythrocyte,94.05,42,74.18
CELL_46802,Leukocyte,71.26,37,83.05
CELL_44143,Epithelial,60.88,15,96.3
CELL_88185,Stem Cell,76.36,28,74.89
CELL_21182,Neuron,100.91,14,69.73
CELL_20422,Stem Cell,56.74,36,88.25
CELL_87824,Myocyte,89.33,50,52.14
CELL_59796,Fibroblast,56.98,11,97.5
CELL_33898,Leukocyte,102.59,47,74.98
CELL_97221,Neuron,82.0,11,85.59
CELL_88182,Erythrocyte,116.61,18,96.21
CELL_54114,Neuron,44.63,30,90.17
CELL_75467,Fibroblast,98.83,15,58.23
CELL_65669,Fibroblast,12.31,47,76.07
CELL_69231,Neuron,103.42,6,70.81
CELL_58317,Neuron,59.25,49,99.32
CELL_71372,Erythrocyte,94.26,20,68.16
CELL_49221,Fibroblast,30.71,16,93.85
CELL_75997,Myocyte,82.14,16,59.57
CELL_51474,Epithelial,84.69,23,78.65
CELL_99455,Neuron,58.0,27,51.02
CELL_64237,Erythrocyte,45.34,45,84.67
CELL_84883,Erythrocyte,17.99,26,53.89
CELL_23400,Stem Cell,83.26,23,64.08
CELL_65705,Erythrocyte,105.9,12,98.21
CELL_21916,Erythrocyte,68.51,31,85.15
CELL_17455,Epithelial,109.61,37,55.95
CELL_86817,Erythrocyte,100.28,47,63.47
CELL_99295,Stem Cell,80.93,27,75.27
CELL_49089,Neuron,81.92,18,81.56
CELL_66302,Leukocyte,110.68,46,99.7
CELL_79220,Erythrocyte,57.31,27,83.89
CELL_59034,Stem Cell,67.19,29,50.58
CELL_26015,Leukocyte,21.62,22,66.25
CELL_39344,Neuron,66.78,38,88.63
CELL_45605,Stem Cell,53.65,37,67.72
CELL_32516,Leukocyte,105.71,14,56.22
CELL_86085,Stem Cell,18.54,35,84.91
CELL_28989,Fibroblast,16.29,29,63.4
CELL_82103,Leukocyte,25.09,42,93.5
CELL_71252,Fibroblast,44.34,22,63.56
CELL_53280,Fibroblast,58.41,15,71.8
CELL_20343,Erythrocyte,24.23,42,61.01
CELL_98520,Erythrocyte,13.94,20,51.91
CELL_96844,Stem Cell,100.79,40,71.68
CELL_82977,Myocyte,77.42,39,84.77
CELL_98999,Erythrocyte,24.84,42,77.29
CELL_39043,Epithelial,45.54,47,98.34
CELL_84065,Leukocyte,16.55,49,61.95
CELL_91971,Fibroblast,104.54,36,58.88
CELL_23265,Fibroblast,75.59,23,88.52
CELL_51817,Leukocyte,98.69,8,50.88
CELL_21437,Fibroblast,29.23,22,53.29
CELL_71909,Fibroblast,73.43,42,87.16
CELL_55543,Neuron,44.43,25,52.8
CELL_89295,Erythrocyte,28.93,49,88.28
CELL_16186,Epithelial,90.05,12,88.13
CELL_30549,Myocyte,61.29,35,86.68
CELL_47548,Neuron,48.82,28,87.08
CELL_21567,Epithelial,18.17,24,71.3
CELL_74478,Epithelial,55.1,29,86.78
CELL_82595,Myocyte,87.53,38,77.02
CELL_18119,Epithelial,60.92,20,55.03
CELL_50568,Erythrocyte,20.16,17,52.44
CELL_67673,Neuron,39.29,46,64.47
CELL_16891,Stem Cell,23.01,44,75.43
CELL_61647,Epithelial,17.26,6,94.38
CELL_72430,Epithelial,76.08,22,71.95
CELL_81368,Fibroblast,52.81,28,52.71
CELL_86428,Epithelial,27.76,42,70.5
CELL_89050,Fibroblast,49.01,43,68.94
CELL_21990,Erythrocyte,79.58,15,76.94
CELL_46667,Erythrocyte,8.58,8,70.67
CELL_53319,Epithelial,32.68,22,72.96
CELL_11494,Fibroblast,72.61,21,92.9
CELL_84318,Leukocyte,30.71,13,53.49
CELL_53685,Epithelial,43.73,30,85.33
CELL_46548,Epithelial,119.79,22,96.01
CELL_63167,Epithelial,14.62,19,89.99
CELL_80415,Fibroblast,66.32,35,67.84
CELL_47808,Stem Cell,74.52,10,99.97
CELL_30421,Stem Cell,6.84,9,89.1
CELL_28267,Leukocyte,83.44,33,88.18
CELL_96126,Fibroblast,93.83,22,68.71
CELL_67680,Epithelial,10.43,36,98.83
CELL_60381,Erythrocyte,92.55,5,51.25
CELL_58298,Epithelial,39.85,39,84.48
CELL_23879,Epithelial,14.19,42,53.98
CELL_95537,Stem Cell,9.35,19,87.17
CELL_31038,Neuron,6.34,23,59.02
CELL_78184,Myocyte,114.03,38,94.49
CELL_74925,Fibroblast,108.84,46,95.02
CELL_19044,Erythrocyte,91.43,45,64.63
CELL_53487,Stem Cell,111.38,39,53.88
CELL_62119,Neuron,67.8,33,65.55
CELL_29282,Epithelial,109.68,42,99.79
CELL_60528,Myocyte,52.7,19,86.52
CELL_33579,Myocyte,98.31,44,80.59
CELL_12361,Myocyte,7.18,48,89.72
CELL_58166,Erythrocyte,55.45,18,85.02
CELL_21505,Fibroblast,60.51,8,71.41
CELL_49103,Epithelial,116.72,39,51.12
CELL_23294,Neuron,59.18,15,94.33
CELL_74670,Myocyte,62.9,50,86.66
CELL_84220,Stem Cell,65.4,23,60.53
CELL_89402,Erythrocyte,98.19,46,88.25
CELL_71864,Epithelial,87.7,31,64.45
CELL_31603,Epithelial,113.71,34,51.32
CELL_73010,Stem Cell,82.33,22,50.22
CELL_48513,Myocyte,62.66,45,78.34
CELL_86283,Erythrocyte,49.58,9,99.05
CELL_66688,Fibroblast,119.97,46,64.76
CELL_18631,Leukocyte,83.18,6,55.28
CELL_42087,Fibroblast,70.95,34,92.51
CELL_69771,Fibroblast,74.7,35,69.9
CELL_45828,Neuron,83.35,9,75.08
CELL_97380,Erythrocyte,113.73,42,64.0
CELL_55557,Epithelial,108.83,45,98.11
CELL_94965,Stem Cell,62.03,5,76.17
CELL_33139,Epithelial,113.69,26,72.72
CELL_67765,Stem Cell,53.95,20,77.96
CELL_66264,Fibroblast,27.79,42,57.01
CELL_90477,Epithelial,55.94,11,52.7
CELL_29325,Neuron,78.19,13,51.93
CELL_29095,Fibroblast,69.55,12,98.15
CELL_58753,Neuron,100.36,12,86.68
CELL_76614,Erythrocyte,66.87,27,66.41
CELL_55860,Fibroblast,92.55,17,91.58
CELL_34768,Neuron,28.05,41,74.53
CELL_49513,Neuron,67.17,32,61.11
CELL_16330,Leukocyte,80.12,25,94.29
CELL_77761,Stem Cell,49.63,5,72.8
CELL_19758,Myocyte,77.87,13,57.67
CELL_22884,Myocyte,5.64,7,54.7
CELL_50486,Myocyte,60.73,48,95.86
CELL_33251,Neuron,111.28,16,65.91
CELL_12444,Erythrocyte,78.17,14,99.82
CELL_90297,Erythrocyte,68.88,27,62.56
CELL_27800,Erythrocyte,94.45,13,87.55
CELL_58434,Epithelial,62.55,48,66.81
CELL_53191,Epithelial,85.31,34,50.27
CELL_94853,Erythrocyte,96.63,33,50.23
CELL_70443,Fibroblast,18.92,20,90.77
CELL_84768,Neuron,73.28,49,74.07
CELL_80254,Leukocyte,82.21,9,75.32
CELL_29307,Leukocyte,41.83,37,81.46
CELL_53432,Stem Cell,46.9,7,75.59
CELL_87399,Erythrocyte,46.2,26,66.72
CELL_55389,Fibroblast,57.76,40,83.54
CELL_92452,Neuron,88.78,17,55.04
CELL_64340,Erythrocyte,98.76,30,52.51
CELL_82742,Leukocyte,20.28,15,92.21
CELL_63064,Erythrocyte,118.84,49,52.68
CELL_88238,Epithelial,59.49,50,78.46
CELL_50628,Fibroblast,40.54,44,92.22
CELL_98054,Leukocyte,67.23,10,95.85
CELL_65462,Erythrocyte,104.76,19,79.65
CELL_10875,Epithelial,15.8,9,60.54
CELL_34807,Epithelial,116.99,15,84.79
CELL_64789,Neuron,101.78,8,64.31
CELL_95365,Leukocyte,81.53,5,93.71
CELL_76544,Myocyte,58.6,17,88.86
CELL_72076,Myocyte,16.78,19,59.41
CELL_12952,Fibroblast,119.67,12,75.0
CELL_29567,Neuron,45.42,10,62.83
CELL_32805,Fibroblast,81.79,50,52.21
CELL_24175,Stem Cell,64.92,23,59.78
CELL_81650,Leukocyte,9.14,39,64.2
CELL_40753,Epithelial,56.99,49,85.65
CELL_66035,Fibroblast,58.82,29,99.43
CELL_35315,Fibroblast,18.4,9,97.84
CELL_85718,Fibroblast,45.28,23,71.23
CELL_86297,Stem Cell,31.35,33,56.64
CELL_27988,Stem Cell,79.18,34,90.78
CELL_14279,Leukocyte,99.48,28,70.57
CELL_42798,Leukocyte,5.8,16,60.22
CELL_82098,Epithelial,14.25,26,83.0
CELL_97445,Stem Cell,10.93,50,81.62
CELL_33078,Leukocyte,56.58,46,87.58
CELL_91014,Stem Cell,8.55,9,61.28
CELL_51106,Erythrocyte,18.29,32,62.77
CELL_26340,Neuron,28.78,9,51.39
CELL_56643,Stem Cell,26.14,45,69.42
CELL_11263,Neuron,38.84,24,56.0
CELL_81223,Erythrocyte,53.74,49,67.54
CELL_50769,Fibroblast,113.82,22,57.02
CELL_91899,Stem Cell,24.18,26,53.78
CELL_98461,Myocyte,85.25,47,73.31
CELL_55144,Erythrocyte,30.42,9,73.4
CELL_67957,Leukocyte,37.25,32,58.13
CELL_50888,Stem Cell,111.68,15,61.98
CELL_72830,Stem Cell,112.88,13,95.94
CELL_47697,Epithelial,11.72,42,83.6
CELL_30571,Neuron,9.78,47,52.98
CELL_70446,Erythrocyte,102.11,46,69.32
CELL_49419,Epithelial,81.22,41,69.06
CELL_89252,Erythrocyte,48.02,17,57.65
CELL_69503,Stem Cell,89.91,7,88.22
CELL_64416,Myocyte,61.84,12,91.19
CELL_96965,Neuron,48.29,40,97.18
CELL_75778,Stem Cell,111.26,13,79.49
CELL_95834,Myocyte,108.5,40,89.73
CELL_35355,Neuron,90.1,41,57.26
CELL_85460,Epithelial,7.18,35,75.93
CELL_91531,Neuron,24.87,5,51.29
CELL_52080,Epithelial,114.23,47,53.63
CELL_83787,Neuron,112.28,38,86.31
CELL_72407,Myocyte,45.22,9,50.05
CELL_83341,Neuron,100.6,29,51.92
CELL_95373,Stem Cell,87.19,24,99.84
CELL_44430,Myocyte,105.83,25,59.48
CELL_48001,Fibroblast,91.33,41,77.56
CELL_72930,Stem Cell,54.45,31,95.49
CELL_11890,Leukocyte,61.33,30,64.38
CELL_34862,Fibroblast,56.23,40,68.13
CELL_96746,Neuron,22.39,33,72.72
CELL_79871,Fibroblast,44.39,35,63.39
CELL_70039,Epithelial,50.21,42,56.57
CELL_36054,Epithelial,119.74,9,61.74
CELL_32730,Neuron,9.09,8,60.55
CELL_18127,Erythrocyte,25.77,8,60.85
CELL_32928,Leukocyte,53.45,41,65.0
CELL_39739,Myocyte,32.93,30,79.6
CELL_52772,Erythrocyte,77.15,31,82.4
CELL_71791,Erythrocyte,5.86,37,66.13
CELL_82345,Myocyte,24.42,41,96.64
CELL_15324,Erythrocyte,95.35,18,53.81
CELL_13560,Myocyte,8.74,6,64.81
CELL_55297,Myocyte,16.5,38,95.47
CELL_22043,Myocyte,51.95,9,93.48
CELL_62350,Stem Cell,93.79,20,66.7
CELL_36418,Leukocyte,106.35,50,97.22
CELL_52750,Stem Cell,117.91,5,66.92
CELL_93503,Leukocyte,51.31,35,88.2
CELL_65935,Myocyte,106.4,12,74.25
CELL_65968,Epithelial,54.65,27,80.19
CELL_47522,Erythrocyte,23.76,31,65.55
CELL_83870,Epithelial,26.39,5,69.17
CELL_51185,Erythrocyte,25.23,30,64.86
CELL_78670,Epithelial,24.82,18,79.39
CELL_52460,Neuron,93.34,33,66.65
CELL_72496,Erythrocyte,63.59,13,52.66
CELL_95846,Fibroblast,32.86,38,84.23
CELL_58623,Myocyte,28.54,35,59.91
CELL_14575,Epithelial,86.4,32,92.85
CELL_11204,Fibroblast,86.49,44,76.9
CELL_86244,Erythrocyte,112.1,33,54.95
CELL_99645,Erythrocyte,74.58,16,75.29
CELL_41930,Leukocyte,90.97,31,89.08
CELL_76252,Stem Cell,31.04,50,70.14
CELL_12933,Neuron,116.41,19,93.25
CELL_96411,Leukocyte,36.63,22,93.78
CELL_56207,Epithelial,81.75,36,91.89
CELL_45650,Leukocyte,32.99,24,67.94
CELL_16152,Neuron,31.44,30,78.44
CELL_88111,Erythrocyte,22.97,23,58.04
CELL_20654,Stem Cell,16.18,24,55.6
CELL_22533,Stem Cell,64.86,17,55.38
CELL_79209,Epithelial,44.15,18,96.67
CELL_23761,Epithelial,63.75,43,81.62
CELL_11366,Leukocyte,104.88,49,74.18
CELL_88309,Myocyte,79.98,44,76.94
CELL_22254,Epithelial,102.15,34,99.81
CELL_13900,Stem Cell,40.45,28,73.08
CELL_70140,Stem Cell,65.83,32,68.25
CELL_69702,Leukocyte,108.39,28,51.44
CELL_96500,Epithelial,69.46,44,50.8
CELL_72605,Fibroblast,64.95,10,88.76
CELL_60693,Neuron,106.43,30,55.93
CELL_46474,Neuron,103.43,44,90.89
CELL_61417,Neuron,20.4,13,61.23
CELL_22194,Epithelial,113.64,49,67.37
CELL_40837,Leukocyte,66.63,43,99.39
CELL_16946,Fibroblast,64.78,18,75.73
CELL_38371,Neuron,107.07,7,89.43
CELL_75876,Myocyte,60.28,20,95.09
CELL_45689,Leukocyte,98.63,40,50.22
CELL_59209,Epithelial,110.88,16,98.66
CELL_17298,Fibroblast,89.89,40,80.24
CELL_60981,Erythrocyte,82.41,38,64.39
CELL_27287,Fibroblast,85.02,16,88.81
CELL_73516,Stem Cell,46.31,26,51.25
CELL_56340,Stem Cell,70.06,15,83.38
CELL_87888,Fibroblast,114.12,6,95.68
CELL_27537,Fibroblast,32.69,24,78.43
CELL_86641,Erythrocyte,13.32,30,94.82
CELL_96736,Erythrocyte,87.35,41,57.36
CELL_73445,Fibroblast,104.97,45,96.26
CELL_45316,Erythrocyte,83.8,48,82.09
CELL_59689,Fibroblast,60.91,25,99.37
CELL_41121,Fibroblast,19.07,16,90.74
CELL_83126,Leukocyte,110.12,17,50.45
CELL_62919,Erythrocyte,52.45,27,84.02
CELL_95154,Fibroblast,60.72,21,60.16
CELL_42560,Epithelial,46.22,44,57.32
CELL_66398,Fibroblast,104.64,16,57.43
CELL_92647,Leukocyte,28.06,31,52.63
CELL_80079,Stem Cell,95.59,41,54.64
CELL_31972,Leukocyte,19.35,45,71.41
CELL_47377,Neuron,21.25,9,99.77
CELL_99039,Fibroblast,18.76,7,70.52
CELL_17311,Stem Cell,87.54,29,84.34
CELL_60555,Myocyte,24.07,20,62.59
CELL_14420,Myocyte,93.33,27,56.7
CELL_46258,Erythrocyte,105.67,34,65.25
CELL_31488,Fibroblast,21.11,33,75.71
CELL_31978,Leukocyte,111.88,12,86.52
CELL_51581,Fibroblast,14.28,36,53.76
CELL_57487,Stem Cell,56.49,15,52.97
CELL_82103,Fibroblast,86.49,19,72.27
CELL_95665,Stem Cell,51.44,34,71.6
CELL_15584,Neuron,31.91,40,90.79
CELL_46239,Epithelial,52.08,12,82.99
CELL_40748,Stem Cell,50.78,42,58.87
CELL_21864,Neuron,32.27,31,96.14
CELL_51866,Erythrocyte,78.21,9,83.94
CELL_21483,Myocyte,95.94,12,64.77
CELL_58160,Myocyte,15.09,19,53.04
CELL_91581,Leukocyte,22.16,40,64.89
CELL_47739,Leukocyte,107.45,38,63.85
CELL_81576,Stem Cell,47.11,49,81.27
CELL_33560,Leukocyte,87.38,31,64.4
CELL_46664,Stem Cell,100.61,22,80.27
CELL_96091,Epithelial,66.61,39,54.82
CELL_30197,Leukocyte,64.07,32,77.19
CELL_88895,Stem Cell,7.61,48,61.96
CELL_74680,Fibroblast,115.0,27,82.53
CELL_24201,Neuron,25.5,50,86.68
CELL_96365,Stem Cell,32.77,19,74.09
CELL_66120,Neuron,100.59,37,65.21
CELL_88658,Epithelial,33.65,41,89.81
CELL_28989,Myocyte,45.4,10,73.87
CELL_64656,Neuron,96.21,21,57.26
CELL_42956,Myocyte,11.52,43,98.83
CELL_18297,Myocyte,74.74,43,86.24
CELL_82882,Stem Cell,59.59,17,55.25
CELL_32575,Leukocyte,42.16,16,62.43
CELL_43315,Erythrocyte,23.95,36,66.58
CELL_71999,Fibroblast,32.47,40,60.37
CELL_38761,Erythrocyte,28.06,50,85.88
CELL_67930,Fibroblast,71.79,18,51.23
CELL_77937,Myocyte,105.04,5,98.09
CELL_43810,Stem Cell,9.1,32,94.38
CELL_71301,Erythrocyte,44.88,15,92.57
CELL_14264,Erythrocyte,91.51,11,94.27
CELL_59411,Leukocyte,27.8,46,54.08
CELL_25123,Epithelial,45.61,19,53.38
CELL_54361,Neuron,28.56,9,77.96
CELL_32505,Epithelial,119.55,35,98.82
CELL_17557,Fibroblast,11.85,40,89.61
CELL_89638,Stem Cell,61.95,23,54.68
CELL_27207,Myocyte,66.74,50,61.79
CELL_67311,Erythrocyte,59.09,49,89.49
CELL_64105,Stem Cell,69.98,10,81.44
CELL_91363,Stem Cell,7.76,19,81.21
CELL_50847,Erythrocyte,16.82,29,77.49
CELL_46712,Neuron,67.26,28,92.67
CELL_96317,Leukocyte,39.4,11,87.28
CELL_77966,Stem Cell,104.25,16,71.21
CELL_51721,Myocyte,14.81,27,62.97
CELL_12538,Neuron,62.12,50,98.81
CELL_52485,Leukocyte,41.01,33,69.02
CELL_44730,Leukocyte,36.81,31,95.94
CELL_12086,Leukocyte,40.44,46,86.53
CELL_12091,Neuron,47.71,26,67.76
CELL_34205,Myocyte,23.03,11,95.5
CELL_38957,Stem Cell,85.11,26,99.0
CELL_88245,Epithelial,6.37,46,71.96
CELL_57170,Stem Cell,115.91,31,51.16
CELL_43390,Myocyte,118.5,32,58.18
CELL_80687,Leukocyte,61.48,35,60.93
CELL_18543,Erythrocyte,28.18,23,93.33
CELL_96075,Stem Cell,89.0,48,72.53
CELL_61596,Leukocyte,61.45,32,72.58
CELL_60816,Neuron,118.01,50,67.2
CELL_38751,Neuron,42.61,7,53.43
CELL_71935,Erythrocyte,31.82,35,56.47
CELL_47133,Fibroblast,29.97,40,55.88
CELL_63530,Myocyte,87.2,7,60.2
CELL_45332,Stem Cell,83.01,46,96.25
CELL_71660,Erythrocyte,75.15,33,53.72
CELL_67300,Myocyte,101.24,44,65.35
CELL_18685,Epithelial,75.76,31,74.28
CELL_97878,Stem Cell,32.4,31,57.14
CELL_84016,Stem Cell,32.11,19,66.57
CELL_53251,Fibroblast,55.04,29,73.82
CELL_66254,Neuron,104.19,43,94.45
CELL_43249,Leukocyte,21.14,46,76.19
CELL_26081,Epithelial,69.12,31,69.99
CELL_81874,Myocyte,96.26,29,98.97
CELL_40480,Fibroblast,104.36,43,53.33
CELL_76148,Epithelial,112.16,28,96.29
CELL_32147,Leukocyte,113.84,41,70.74
CELL_47995,Neuron,38.27,47,98.32
CELL_75003,Myocyte,78.99,32,85.22
CELL_84433,Epithelial,29.6,25,75.19
CELL_15406,Myocyte,104.89,50,56.53
CELL_17795,Stem Cell,23.62,7,65.35
CELL_48749,Stem Cell,82.18,48,74.38
CELL_22624,Epithelial,48.46,13,59.27
CELL_21340,Stem Cell,22.6,28,90.14
CELL_76541,Epithelial,78.68,22,93.16
CELL_32851,Epithelial,6.3,30,78.67
CELL_25730,Leukocyte,60.13,41,99.02
CELL_29102,Fibroblast,55.25,22,86.63
CELL_66392,Myocyte,12.29,5,80.58
CELL_87303,Epithelial,38.73,33,91.43
CELL_88108,Erythrocyte,36.03,40,61.57
CELL_44283,Neuron,23.18,5,93.44
CELL_68785,Myocyte,13.85,30,89.05
CELL_97905,Neuron,20.4,41,99.08
CELL_55081,Leukocyte,47.75,33,64.42
CELL_10687,Fibroblast,107.72,27,60.64
CELL_90728,Neuron,48.79,34,65.75
CELL_67030,Leukocyte,21.59,48,99.01
CELL_93242,Neuron,16.96,40,82.07
CELL_94985,Stem Cell,7.66,19,90.44
CELL_68400,Stem Cell,89.25,15,73.83
CELL_18612,Fibroblast,65.6,8,93.39
CELL_70593,Myocyte,13.77,13,97.6
CELL_51033,Erythrocyte,27.72,5,59.27
CELL_75630,Stem Cell,76.69,36,98.47
CELL_68185,Neuron,93.51,38,79.85
CELL_86572,Fibroblast,51.2,48,75.91
CELL_21470,Myocyte,93.68,25,98.36
CELL_76605,Epithelial,60.28,24,65.71
CELL_16248,Leukocyte,27.67,13,71.51
CELL_17327,Stem Cell,84.91,42,78.11
CELL_27718,Myocyte,116.63,10,81.8
CELL_34507,Fibroblast,81.4,15,91.32
CELL_69846,Neuron,66.15,5,68.94
CELL_40879,Neuron,81.21,15,66.65
CELL_77304,Leukocyte,7.21,27,86.23
CELL_17974,Stem Cell,80.59,40,59.33
CELL_69193,Neuron,64.4,20,61.67
CELL_49325,Myocyte,112.25,13,63.82
CELL_59973,Neuron,93.22,30,83.96
CELL_64248,Epithelial,87.09,16,77.21
CELL_13633,Epithelial,100.46,27,99.26
CELL_52920,Leukocyte,26.69,24,78.97
CELL_57362,Leukocyte,10.27,40,92.64
CELL_89822,Neuron,33.31,24,97.33
CELL_79511,Erythrocyte,80.31,19,69.36
CELL_64776,Stem Cell,13.65,34,60.72
CELL_43276,Neuron,5.22,47,84.99
CELL_47036,Stem Cell,72.75,25,75.02
CELL_39844,Erythrocyte,94.63,23,93.42
CELL_73446,Epithelial,66.04,20,88.42
CELL_60232,Myocyte,101.21,20,69.27
CELL_63734,Fibroblast,62.83,30,98.65
CELL_27452,Leukocyte,25.99,22,84.02
CELL_57773,Erythrocyte,99.16,41,84.62
CELL_14274,Leukocyte,93.9,41,82.61
CELL_67595,Neuron,46.19,47,63.0
CELL_25017,Fibroblast,5.81,17,98.92
CELL_48782,Leukocyte,15.96,35,59.59
CELL_37602,Erythrocyte,69.48,16,66.34
CELL_42857,Leukocyte,35.93,49,63.63
CELL_28438,Fibroblast,38.51,26,53.08
CELL_51085,Epithelial,91.63,25,69.08
CELL_46862,Epithelial,110.04,38,97.73
CELL_10446,Fibroblast,76.43,37,92.07
CELL_31859,Erythrocyte,20.51,45,80.5
CELL_45964,Epithelial,65.53,8,58.26
CELL_14924,Neuron,59.24,12,95.82
CELL_28531,Neuron,51.65,8,55.67
CELL_64596,Stem Cell,72.81,40,66.95
CELL_72486,Fibroblast,113.83,31,80.35
CELL_62898,Stem Cell,55.45,32,64.07
CELL_61409,Erythrocyte,77.03,39,81.34
CELL_84291,Epithelial,65.26,8,95.78
CELL_63557,Fibroblast,106.27,31,59.36
CELL_83165,Neuron,88.66,18,66.12
CELL_34421,Erythrocyte,63.72,19,70.93
CELL_79551,Neuron,45.84,9,75.66
CELL_84428,Neuron,29.28,12,86.0
CELL_80288,Stem Cell,71.12,29,51.01
CELL_52108,Myocyte,79.27,30,74.04
CELL_84151,Neuron,94.37,41,75.71
CELL_47268,Stem Cell,68.47,34,65.99
CELL_39025,Fibroblast,49.66,23,74.2
CELL_45482,Myocyte,75.87,31,57.15
CELL_12314,Neuron,30.96,24,84.86
CELL_27939,Erythrocyte,109.75,13,68.64
CELL_43942,Stem Cell,59.18,21,67.13
CELL_87314,Epithelial,97.74,32,70.66
CELL_85401,Erythrocyte,82.64,8,95.61
CELL_24914,Leukocyte,19.07,23,75.82
CELL_46960,Leukocyte,109.48,30,83.42
CELL_32897,Stem Cell,45.3,31,76.4
CELL_37519,Stem Cell,33.81,30,99.42
CELL_62794,Erythrocyte,112.92,42,51.28
CELL_66808,Erythrocyte,25.83,13,70.71
CELL_38840,Neuron,46.02,43,96.26
CELL_86826,Stem Cell,78.65,34,61.34
CELL_69526,Stem Cell,96.1,20,62.94
CELL_56161,Epithelial,29.63,16,91.83
CELL_97757,Neuron,110.56,46,57.16
CELL_96023,Fibroblast,101.92,5,77.34
CELL_51520,Epithelial,48.65,48,93.64
CELL_36044,Neuron,44.54,30,98.68
CELL_66741,Erythrocyte,61.55,47,63.68
CELL_97897,Epithelial,106.82,49,68.03
CELL_78928,Erythrocyte,87.92,25,99.63
CELL_82997,Fibroblast,101.62,42,61.24
CELL_35649,Fibroblast,94.94,48,76.35
CELL_15691,Neuron,98.53,7,80.84
CELL_67614,Erythrocyte,52.96,18,58.89
CELL_17483,Leukocyte,101.24,27,66.04
CELL_60950,Neuron,46.03,33,75.44
CELL_10983,Myocyte,109.12,40,69.77
CELL_35247,Stem Cell,29.46,15,79.0
CELL_91775,Fibroblast,39.81,13,52.53
CELL_17062,Erythrocyte,93.95,34,69.77
CELL_64494,Neuron,87.79,16,89.7
CELL_16643,Leukocyte,97.72,50,58.59
CELL_17913,Stem Cell,111.76,9,68.08
CELL_97314,Stem Cell,33.81,29,79.31
CELL_79818,Myocyte,24.04,19,63.26
CELL_37512,Stem Cell,33.06,45,77.58
CELL_99937,Myocyte,30.64,40,77.35
CELL_98996,Erythrocyte,96.81,20,50.34
CELL_19848,Erythrocyte,116.0,32,59.31
CELL_75610,Fibroblast,43.04,35,55.47
CELL_92410,Stem Cell,7.8,33,54.78
CELL_95788,Erythrocyte,72.44,12,64.19
CELL_64923,Myocyte,25.2,26,68.96
CELL_28638,Neuron,69.61,12,61.97
CELL_92962,Myocyte,93.18,43,87.32
CELL_83071,Erythrocyte,116.53,18,78.71
CELL_83406,Neuron,56.26,35,55.54
CELL_90536,Myocyte,92.07,47,67.27
CELL_49463,Epithelial,107.58,42,51.54
CELL_88348,Fibroblast,103.63,5,87.12
CELL_50397,Epithelial,53.33,10,98.1
CELL_27434,Myocyte,113.49,38,60.06
CELL_44403,Erythrocyte,114.4,34,68.37
CELL_33746,Neuron,84.47,10,85.6
CELL_80780,Neuron,30.05,33,71.08
CELL_38635,Erythrocyte,102.4,19,61.46
CELL_60520,Fibroblast,98.94,20,58.19
CELL_83821,Erythrocyte,15.36,9,92.8
CELL_92952,Myocyte,82.67,13,89.95
CELL_58992,Leukocyte,62.95,45,85.92
CELL_42936,Stem Cell,105.59,46,82.41
CELL_80855,Myocyte,46.22,49,83.96
CELL_97225,Neuron,118.93,39,53.36
CELL_18160,Epithelial,58.52,14,61.83
CELL_86634,Fibroblast,114.49,39,53.87
CELL_26034,Stem Cell,104.11,17,82.96
CELL_70528,Erythrocyte,100.56,22,68.49
CELL_57690,Epithelial,37.43,11,54.42
CELL_45214,Stem Cell,68.04,13,55.47
CELL_33001,Stem Cell,88.08,19,67.27
CELL_50181,Myocyte,89.29,23,68.51
CELL_35283,Erythrocyte,98.28,11,95.0
CELL_19230,Leukocyte,77.8,36,60.29
CELL_65173,Myocyte,112.78,46,80.88
CELL_34587,Myocyte,22.26,38,72.05
CELL_12428,Neuron,115.18,9,91.69
CELL_85845,Neuron,39.01,7,92.79
CELL_61774,Myocyte,99.89,42,52.96
CELL_75753,Neuron,25.8,29,89.79
CELL_88302,Epithelial,65.33,30,86.31
CELL_98620,Stem Cell,77.63,6,78.96
CELL_59770,Leukocyte,103.71,39,52.19
CELL_91802,Erythrocyte,95.23,24,90.67
CELL_72929,Neuron,118.45,30,50.87
CELL_62922,Stem Cell,81.75,9,87.51
CELL_83058,Epithelial,77.45,21,52.38
CELL_55909,Fibroblast,88.91,6,58.78
CELL_37545,Stem Cell,88.78,25,88.46
CELL_32028,Fibroblast,33.28,35,55.56
CELL_30237,Stem Cell,53.43,7,93.46
CELL_94313,Erythrocyte,65.63,25,53.25
CELL_67792,Fibroblast,21.82,39,55.15
CELL_81424,Myocyte,12.13,21,58.14
CELL_80842,Myocyte,88.71,30,86.21
CELL_20111,Myocyte,114.1,13,56.82
CELL_58292,Fibroblast,105.56,21,66.97
CELL_77105,Neuron,66.31,46,90.21
CELL_22198,Erythrocyte,26.8,43,75.3
CELL_75307,Fibroblast,19.85,48,85.55
CELL_80573,Stem Cell,11.35,17,51.74
CELL_61181,Leukocyte,30.71,31,88.06
CELL_31827,Fibroblast,48.64,8,60.13
CELL_81957,Fibroblast,119.51,25,86.6
CELL_78973,Leukocyte,96.13,15,69.39
CELL_91655,Myocyte,84.03,19,58.42
CELL_86771,Erythrocyte,76.6,43,52.01
CELL_74591,Fibroblast,32.94,6,51.47
CELL_98967,Neuron,21.55,29,81.04
CELL_18422,Stem Cell,92.74,21,76.42
CELL_76663,Epithelial,53.72,14,69.4
CELL_61751,Myocyte,115.8,23,65.69
CELL_54747,Stem Cell,115.72,6,68.93
CELL_95077,Myocyte,54.09,48,65.06
CELL_84830,Myocyte,20.29,20,87.02
CELL_82637,Erythrocyte,96.63,33,53.73
CELL_64183,Neuron,68.04,45,72.19
CELL_74555,Myocyte,63.18,24,82.11
CELL_82950,Myocyte,82.8,37,70.99
CELL_83577,Erythrocyte,56.44,19,74.83
CELL_41977,Leukocyte,88.82,27,69.08
CELL_86612,Neuron,47.97,14,57.43
CELL_23173,Myocyte,111.87,37,62.85
CELL_37281,Erythrocyte,59.84,37,67.69
CELL_32346,Fibroblast,64.89,25,99.26
CELL_22855,Stem Cell,31.47,44,84.44
CELL_22152,Leukocyte,27.44,9,79.94
CELL_36613,Epithelial,98.64,8,59.52
CELL_83014,Leukocyte,49.01,29,91.66
CELL_22524,Stem Cell,25.18,29,64.75
CELL_59010,Fibroblast,8.12,27,87.63
CELL_30644,Leukocyte,59.26,48,90.08
CELL_31832,Neuron,107.27,26,71.08
CELL_64258,Myocyte,14.68,10,57.94
CELL_74337,Fibroblast,112.05,42,76.12
CELL_62714,Leukocyte,110.56,11,59.61
CELL_39522,Fibroblast,78.74,45,53.11
CELL_17179,Neuron,54.37,39,92.41
CELL_25742,Leukocyte,93.75,14,94.48
CELL_78399,Neuron,76.88,46,85.46
CELL_94335,Epithelial,74.53,48,50.95
CELL_16154,Erythrocyte,116.87,11,88.56
CELL_86648,Epithelial,20.13,26,68.74
CELL_32124,Myocyte,21.39,24,55.14
CELL_18150,Myocyte,9.1,31,58.11
CELL_74339,Myocyte,71.91,11,57.13
CELL_89932,Neuron,116.36,12,93.1
CELL_14949,Fibroblast,21.8,50,77.4
CELL_12424,Epithelial,27.49,6,82.82
CELL_92144,Epithelial,23.19,35,98.87
CELL_90428,Myocyte,28.36,5,75.06
CELL_49812,Neuron,31.08,38,77.78
CELL_72611,Stem Cell,70.44,9,70.46
CELL_48296,Erythrocyte,110.84,36,78.65
CELL_14826,Myocyte,89.15,28,89.67
CELL_31728,Leukocyte,65.38,45,92.04
CELL_29551,Fibroblast,96.06,8,61.8
CELL_99518,Myocyte,58.43,31,68.93
CELL_14297,Leukocyte,108.06,19,99.65
CELL_94487,Erythrocyte,78.61,35,62.33
CELL_59627,Myocyte,87.25,13,59.93
CELL_98825,Erythrocyte,41.92,28,96.97
CELL_56109,Leukocyte,90.66,13,83.45
CELL_70920,Myocyte,85.02,19,63.01
CELL_80639,Neuron,34.65,26,99.09
CELL_62676,Myocyte,71.01,34,68.03
CELL_21369,Myocyte,84.08,34,78.2
CELL_66275,Neuron,13.65,24,53.62
CELL_76908,Erythrocyte,9.7,26,88.66
CELL_75135,Epithelial,47.61,25,76.64
CELL_11001,Epithelial,61.41,46,72.25
CELL_19618,Erythrocyte,75.61,46,85.38
CELL_20364,Epithelial,26.53,48,89.79
CELL_18181,Fibroblast,10.97,34,91.54
CELL_11780,Epithelial,28.8,34,52.42
CELL_96617,Fibroblast,22.51,26,57.86
CELL_84592,Fibroblast,76.3,43,71.12
CELL_65719,Stem Cell,20.05,33,94.09
CELL_24668,Myocyte,107.47,24,70.37
CELL_47628,Stem Cell,35.34,50,65.12
CELL_77354,Stem Cell,78.67,26,85.11
CELL_93363,Erythrocyte,17.17,9,96.95
CELL_63704,Leukocyte,26.45,46,95.86
CELL_50299,Myocyte,56.88,12,53.92
CELL_32623,Myocyte,41.8,46,78.58
CELL_56100,Epithelial,76.39,42,70.0
CELL_36539,Fibroblast,86.63,23,98.42
CELL_36456,Epithelial,90.28,43,84.14
CELL_78345,Neuron,77.88,24,63.28
CELL_59080,Epithelial,33.27,40,96.26
CELL_99607,Myocyte,26.87,7,77.07
CELL_22549,Myocyte,96.18,27,70.23
CELL_49910,Myocyte,92.63,45,79.41
CELL_60935,Epithelial,25.08,26,65.37
CELL_31253,Stem Cell,70.25,27,57.05
CELL_97443,Myocyte,73.71,30,66.22
CELL_69210,Myocyte,118.77,44,86.34
CELL_28969,Neuron,40.21,13,70.98
CELL_51733,Myocyte,20.16,5,57.09
CELL_94747,Stem Cell,66.45,50,54.52
CELL_77551,Epithelial,88.45,8,92.65
CELL_96142,Leukocyte,57.85,18,60.17
CELL_69320,Stem Cell,52.52,25,54.57
CELL_96359,Neuron,48.78,43,97.5
CELL_47548,Stem Cell,50.26,15,61.8
CELL_54680,Leukocyte,88.45,23,91.64
CELL_16210,Neuron,13.4,14,84.62
CELL_87431,Neuron,86.08,32,78.21
CELL_64642,Stem Cell,45.11,22,59.63
CELL_30376,Epithelial,9.19,32,88.25
CELL_56123,Leukocyte,10.71,25,63.04
CELL_47699,Stem Cell,14.0,20,72.4
CELL_17558,Leukocyte,69.62,15,86.14
CELL_94410,Myocyte,73.55,7,90.92
CELL_98838,Epithelial,51.64,45,80.74
CELL_54542,Neuron,50.55,40,55.99
CELL_19944,Fibroblast,23.97,40,87.99
CELL_59013,Epithelial,69.03,9,79.73
CELL_63645,Leukocyte,23.56,28,82.99
CELL_80984,Stem Cell,52.59,20,73.99
CELL_53517,Stem Cell,37.87,22,50.37
CELL_10898,Leukocyte,54.62,43,85.66
CELL_72961,Epithelial,50.5,38,71.3
CELL_19615,Epithelial,75.7,21,52.01
CELL_13181,Erythrocyte,46.18,50,88.95
CELL_55272,Leukocyte,27.81,17,95.8
CELL_29382,Erythrocyte,108.03,32,62.48
CELL_11057,Epithelial,88.89,39,76.64
CELL_20054,Epithelial,115.09,11,96.51
CELL_18756,Leukocyte,33.83,42,56.14
CELL_96590,Myocyte,103.72,43,89.82
CELL_42612,Neuron,44.64,12,55.33
CELL_30013,Fibroblast,50.59,19,77.36
CELL_27747,Erythrocyte,6.1,45,57.41
CELL_81149,Myocyte,22.47,24,84.93
CELL_49647,Epithelial,91.03,38,61.52
CELL_47430,Neuron,116.32,12,53.12
CELL_60216,Myocyte,5.81,34,87.82
CELL_52871,Stem Cell,119.36,35,88.53
CELL_43181,Fibroblast,76.9,47,89.69
CELL_96357,Myocyte,56.78,43,72.74
CELL_60333,Fibroblast,114.06,25,61.41
CELL_44598,Erythrocyte,39.92,28,84.68
CELL_84872,Epithelial,22.12,47,55.65
CELL_32610,Neuron,32.52,45,50.19
CELL_38509,Fibroblast,7.61,17,67.4
CELL_64745,Neuron,39.17,29,62.38
CELL_87339,Fibroblast,80.75,49,58.4
CELL_96980,Neuron,65.75,38,54.07
CELL_61881,Leukocyte,71.51,30,56.08
CELL_80774,Myocyte,105.54,46,96.94
CELL_30068,Fibroblast,46.8,17,62.15
CELL_20303,Fibroblast,113.13,27,64.94
CELL_57307,Stem Cell,41.82,16,82.71
CELL_35577,Epithelial,27.98,10,69.11
CELL_64073,Neuron,28.24,16,95.32
CELL_42353,Stem Cell,17.68,31,98.81
CELL_12852,Epithelial,62.55,41,58.61
CELL_62626,Epithelial,8.24,18,69.1
CELL_51680,Myocyte,90.42,30,80.59
CELL_94111,Neuron,92.53,49,82.0
CELL_95760,Erythrocyte,106.26,45,60.01
CELL_35294,Leukocyte,7.32,9,52.85
CELL_49758,Erythrocyte,59.38,45,96.17
CELL_59582,Neuron,67.49,50,98.43
CELL_83258,Stem Cell,45.76,33,97.31
CELL_92475,Erythrocyte,72.97,50,96.77
CELL_60855,Erythrocyte,97.79,46,53.86
CELL_55556,Erythrocyte,19.99,46,79.52
CELL_39152,Epithelial,106.67,25,89.61
CELL_55418,Stem Cell,115.33,10,89.57
CELL_44995,Myocyte,40.99,41,53.49
CELL_68523,Fibroblast,90.16,50,86.19
CELL_21373,Stem Cell,114.57,6,81.16
CELL_72395,Stem Cell,82.9,48,93.86
CELL_48462,Myocyte,48.08,19,83.91
CELL_43040,Erythrocyte,9.95,18,99.82
CELL_19961,Myocyte,68.1,38,96.51
CELL_87447,Fibroblast,10.17,20,75.12
CELL_85287,Myocyte,76.74,15,77.47
CELL_55761,Myocyte,60.02,20,72.88
CELL_84566,Stem Cell,112.57,39,87.45
CELL_11713,Erythrocyte,76.93,45,95.28
CELL_12786,Myocyte,27.81,9,79.83
CELL_95454,Leukocyte,44.13,45,62.38
CELL_67658,Fibroblast,51.68,47,99.32
CELL_63098,Myocyte,113.37,23,63.73
CELL_98263,Neuron,48.64,15,59.41
CELL_71964,Leukocyte,81.05,47,56.9
CELL_77716,Stem Cell,14.15,38,67.68
CELL_74518,Myocyte,48.37,48,86.13
CELL_75599,Leukocyte,45.93,49,70.07
CELL_39353,Myocyte,42.62,33,58.53
CELL_37131,Epithelial,57.84,16,97.65
CELL_71518,Myocyte,14.69,20,81.88
CELL_24515,Leukocyte,47.02,14,68.51
CELL_24390,Leukocyte,40.43,18,94.03
CELL_45535,Epithelial,14.77,20,99.27
CELL_59968,Leukocyte,92.45,45,72.73
CELL_16564,Epithelial,25.84,8,55.98
CELL_99867,Fibroblast,19.51,45,62.24
CELL_54496,Stem Cell,67.45,17,87.2
CELL_17905,Leukocyte,84.92,13,89.37
CELL_46374,Leukocyte,100.21,41,68.93
CELL_43618,Myocyte,33.27,36,62.07
CELL_80513,Myocyte,98.03,46,62.21
CELL_16561,Stem Cell,92.43,15,86.37
CELL_12970,Myocyte,101.23,31,69.46
CELL_91570,Erythrocyte,78.06,30,60.51
CELL_43301,Leukocyte,73.96,47,62.72
CELL_21418,Erythrocyte,88.82,39,66.91
CELL_97549,Leukocyte,29.51,45,79.85
CELL_14295,Leukocyte,26.75,25,76.13
CELL_40852,Erythrocyte,114.3,5,75.58
CELL_44002,Erythrocyte,15.73,20,81.03
CELL_17636,Stem Cell,35.17,41,78.16
CELL_16606,Neuron,10.68,46,87.51
CELL_22057,Erythrocyte,81.37,19,74.23
CELL_98858,Fibroblast,25.9,38,79.42
CELL_31239,Erythrocyte,48.69,36,66.03
CELL_31673,Stem Cell,62.68,33,88.63
CELL_37725,Epithelial,27.49,6,82.08
CELL_21588,Neuron,89.92,48,97.42
CELL_31544,Epithelial,45.12,42,73.38
CELL_56233,Epithelial,14.49,49,99.63
CELL_62625,Fibroblast,105.52,26,57.56
CELL_36401,Fibroblast,12.66,7,73.16
CELL_33987,Myocyte,105.87,50,71.17
CELL_69911,Leukocyte,102.39,18,53.37
CELL_59174,Stem Cell,108.32,33,66.64
CELL_30109,Leukocyte,116.74,5,91.95
CELL_17797,Epithelial,50.01,44,78.73
CELL_85525,Neuron,25.0,38,80.92
CELL_15147,Myocyte,71.56,25,62.79
CELL_25843,Neuron,76.26,5,71.16
CELL_63660,Epithelial,33.62,30,56.36
CELL_92142,Neuron,74.58,8,77.38
CELL_19562,Stem Cell,52.06,12,55.01
CELL_14627,Neuron,84.82,36,95.74
CELL_94407,Epithelial,42.7,10,66.53
CELL_26167,Epithelial,38.11,42,72.6
CELL_70199,Erythrocyte,36.2,9,53.43
CELL_16836,Fibroblast,16.79,41,63.58
CELL_99157,Neuron,52.06,26,50.68
CELL_31010,Fibroblast,9.37,27,53.71
CELL_68366,Epithelial,12.3,16,50.5
CELL_42258,Leukocyte,107.46,43,68.84
CELL_31185,Leukocyte,70.93,38,59.78
CELL_26481,Stem Cell,16.37,40,58.43
CELL_96405,Fibroblast,36.57,37,94.12
CELL_67373,Epithelial,5.06,16,58.32
CELL_45709,Leukocyte,108.51,46,55.29
CELL_45026,Erythrocyte,98.76,27,96.76
CELL_77789,Erythrocyte,15.21,25,54.08
CELL_23011,Erythrocyte,117.3,33,72.28
CELL_96071,Neuron,90.98,20,97.71
CELL_97854,Epithelial,52.67,28,69.95
CELL_97556,Myocyte,101.8,41,61.89
CELL_83575,Fibroblast,26.57,12,59.28
CELL_55426,Fibroblast,68.55,23,60.18
CELL_47192,Erythrocyte,41.27,27,66.72
CELL_42621,Myocyte,61.7,5,74.99
CELL_75415,Erythrocyte,79.62,50,68.38
CELL_51779,Myocyte,22.4,27,54.83
CELL_29703,Neuron,106.29,18,65.39
CELL_63843,Fibroblast,97.03,37,51.6
CELL_89358,Epithelial,11.02,12,81.18
CELL_15854,Fibroblast,82.68,22,90.07
CELL_98520,Stem Cell,97.53,38,85.12
CELL_93339,Myocyte,76.59,30,94.31
CELL_59406,Epithelial,71.25,29,98.55
CELL_81464,Fibroblast,44.13,32,65.69
CELL_54586,Epithelial,78.99,7,67.07
CELL_21436,Myocyte,78.2,12,77.54
CELL_77384,Epithelial,49.37,7,56.78
CELL_45422,Stem Cell,23.18,47,88.29
CELL_24056,Erythrocyte,105.56,13,58.29
CELL_33236,Leukocyte,107.83,21,85.34
CELL_32252,Leukocyte,100.58,37,95.02
CELL_18841,Fibroblast,63.7,19,52.14
CELL_40399,Stem Cell,83.67,39,81.83
CELL_87423,Fibroblast,113.34,29,56.32
CELL_40517,Leukocyte,76.11,10,68.67
CELL_12497,Stem Cell,109.3,10,72.02
CELL_88522,Epithelial,13.02,12,77.09
CELL_82512,Fibroblast,28.38,27,68.01
CELL_52660,Fibroblast,63.18,31,83.92
CELL_40542,Neuron,45.98,47,51.05
CELL_72123,Myocyte,107.47,20,50.12
CELL_46289,Erythrocyte,14.29,7,71.99
CELL_25283,Fibroblast,92.73,15,79.06
CELL_37869,Epithelial,43.78,28,84.98
CELL_83726,Fibroblast,65.59,43,67.96
CELL_62092,Leukocyte,21.88,16,54.03
CELL_79964,Erythrocyte,74.2,17,91.95
CELL_22250,Myocyte,33.6,11,71.46
CELL_56968,Neuron,84.97,48,78.67
CELL_88647,Myocyte,10.85,13,83.42
CELL_44378,Stem Cell,94.2,40,68.51
CELL_26277,Myocyte,24.39,42,81.6
CELL_38125,Neuron,67.94,7,90.68
CELL_39204,Stem Cell,119.26,19,65.48
CELL_80757,Neuron,118.2,25,58.97
CELL_79036,Neuron,68.49,22,55.09
CELL_23281,Myocyte,57.44,42,98.03
CELL_67857,Neuron,89.89,39,99.49
CELL_43925,Neuron,89.13,33,98.6
CELL_95624,Erythrocyte,106.46,8,97.8
CELL_89385,Epithelial,62.92,43,68.86
CELL_69764,Leukocyte,114.35,48,69.26
CELL_77529,Leukocyte,61.89,20,90.7
CELL_53184,Fibroblast,115.12,47,95.78
CELL_84089,Myocyte,68.2,48,81.81
CELL_53512,Myocyte,91.86,40,67.93
CELL_98305,Myocyte,34.53,5,82.08
CELL_38365,Myocyte,61.48,17,75.28
CELL_27972,Erythrocyte,92.51,11,91.53
CELL_43054,Epithelial,85.49,18,94.72
CELL_20794,Leukocyte,103.0,36,68.87
CELL_30166,Erythrocyte,51.81,23,93.07
CELL_78965,Neuron,81.64,17,70.76
CELL_60911,Myocyte,116.66,11,53.15
CELL_77765,Epithelial,81.85,31,53.26
CELL_99017,Stem Cell,27.45,5,82.61
CELL_91006,Erythrocyte,13.48,9,84.58
CELL_23328,Leukocyte,63.14,46,74.07
CELL_82090,Fibroblast,9.37,8,86.21
CELL_41107,Erythrocyte,47.92,19,53.32
CELL_74715,Leukocyte,22.94,37,78.39
CELL_60137,Neuron,119.66,13,68.09
CELL_49559,Myocyte,105.32,35,89.02
CELL_91309,Neuron,19.8,5,72.86
CELL_67770,Fibroblast,104.08,44,93.97
CELL_80484,Stem Cell,55.94,16,76.45
CELL_64123,Epithelial,66.05,33,93.35
CELL_64452,Myocyte,105.43,31,82.05
CELL_67412,Leukocyte,16.89,5,66.35
CELL_21911,Epithelial,8.88,36,91.81
CELL_29811,Epithelial,60.16,12,90.72
CELL_94703,Myocyte,96.65,41,75.83
CELL_13230,Myocyte,26.33,6,65.04
CELL_85488,Epithelial,60.12,46,72.7
CELL_14097,Stem Cell,29.79,24,90.34
CELL_34558,Fibroblast,49.51,29,58.78
CELL_17921,Myocyte,45.75,24,97.37
CELL_79508,Neuron,40.85,19,76.29
CELL_52905,Myocyte,103.1,24,93.05
CELL_69856,Stem Cell,55.29,31,74.1
CELL_41026,Erythrocyte,33.8,42,66.96
CELL_22887,Stem Cell,75.62,27,63.19
CELL_82538,Erythrocyte,107.28,22,57.81
CELL_70482,Epithelial,38.43,43,98.24
CELL_68787,Stem Cell,81.85,47,51.57
CELL_56474,Stem Cell,29.0,12,99.07
CELL_66615,Stem Cell,6.99,15,88.72
CELL_97222,Fibroblast,117.39,14,95.5
CELL_92371,Epithelial,112.94,27,74.62
CELL_79226,Leukocyte,11.4,43,56.96
CELL_77746,Fibroblast,100.11,49,70.1
CELL_65177,Leukocyte,61.4,25,50.12
CELL_68702,Stem Cell,95.71,49,93.88
CELL_21734,Fibroblast,96.49,36,98.61
CELL_69455,Myocyte,65.55,11,62.03
CELL_88928,Fibroblast,86.9,42,62.67
CELL_48383,Myocyte,17.42,7,87.44
CELL_66310,Myocyte,31.39,6,69.13
CELL_82434,Erythrocyte,13.65,9,88.77
CELL_79826,Neuron,118.55,48,90.79
CELL_13274,Fibroblast,74.02,24,93.46
CELL_54454,Myocyte,76.88,49,97.17
CELL_64559,Fibroblast,118.46,46,89.23
CELL_70376,Neuron,23.21,5,90.13
CELL_19881,Epithelial,98.5,48,83.31
CELL_96929,Erythrocyte,8.52,22,90.06
CELL_44987,Stem Cell,86.15,38,57.78
CELL_99773,Erythrocyte,87.35,28,56.8
CELL_29703,Stem Cell,12.02,47,87.74
CELL_95939,Erythrocyte,98.04,34,59.74
CELL_28288,Myocyte,64.0,22,54.0
CELL_74251,Epithelial,6.22,30,53.44
CELL_83990,Erythrocyte,31.04,30,66.52
CELL_35734,Epithelial,115.3,27,74.07
CELL_49874,Myocyte,103.76,38,78.42
CELL_82046,Stem Cell,60.68,43,62.15
CELL_49932,Leukocyte,43.89,44,59.34
CELL_40769,Epithelial,32.77,21,70.87
CELL_80436,Stem Cell,61.73,18,87.24
CELL_47785,Neuron,9.32,17,56.22
CELL_50632,Epithelial,103.42,38,61.56
CELL_55045,Leukocyte,9.23,26,75.84
CELL_75616,Leukocyte,106.62,6,91.92
CELL_76171,Leukocyte,55.53,33,74.46
CELL_84547,Erythrocyte,72.44,23,66.53
CELL_60805,Stem Cell,101.0,41,83.87
CELL_52551,Fibroblast,86.36,46,75.05
CELL_16627,Erythrocyte,92.99,25,92.83
CELL_73997,Neuron,65.48,16,84.6
CELL_79112,Epithelial,74.9,50,72.17
CELL_43248,Myocyte,92.54,28,75.52
CELL_52304,Stem Cell,68.15,17,83.67
CELL_53477,Neuron,113.67,25,51.4
CELL_86150,Leukocyte,80.61,22,76.87
CELL_70886,Erythrocyte,43.11,21,89.8
CELL_55464,Leukocyte,112.41,12,81.79
CELL_70056,Stem Cell,103.81,24,87.09
CELL_90780,Leukocyte,43.27,25,54.73
CELL_93102,Neuron,21.31,25,50.73
CELL_81824,Fibroblast,87.91,32,57.06
CELL_51902,Neuron,27.45,41,55.54
CELL_92647,Leukocyte,71.9,7,58.18
CELL_40395,Epithelial,71.44,21,87.98
CELL_84904,Stem Cell,53.67,20,93.55
CELL_97953,Fibroblast,13.39,5,70.61
CELL_11923,Erythrocyte,75.85,42,56.99
CELL_41079,Leukocyte,39.22,20,81.3
CELL_11511,Fibroblast,118.64,37,65.72
CELL_98286,Erythrocyte,87.94,15,68.37
CELL_82194,Erythrocyte,111.78,23,74.86
CELL_33566,Fibroblast,36.31,48,62.59
CELL_49908,Epithelial,62.41,37,76.65
CELL_92426,Epithelial,59.3,18,76.34
CELL_54616,Fibroblast,113.94,10,77.35
CELL_59056,Myocyte,41.73,39,90.3
CELL_16930,Stem Cell,35.3,44,59.68
CELL_12369,Leukocyte,44.76,47,91.04
CELL_11303,Epithelial,71.79,23,77.26
CELL_57330,Leukocyte,115.78,16,95.04
CELL_31325,Myocyte,23.74,36,62.07
CELL_33690,Erythrocyte,104.08,39,51.53
CELL_25851,Fibroblast,58.8,27,66.93
CELL_80799,Neuron,117.12,21,78.98
CELL_20330,Stem Cell,19.52,26,62.34
CELL_74851,Erythrocyte,51.91,16,90.05
CELL_29570,Myocyte,50.95,35,63.72
CELL_82841,Leukocyte,9.92,49,51.21
CELL_69212,Myocyte,113.45,8,68.22
CELL_15403,Neuron,89.24,20,88.35
CELL_44798,Myocyte,41.65,27,76.65
CELL_35336,Neuron,84.64,24,54.71
CELL_91158,Myocyte,100.42,43,78.34
CELL_95560,Myocyte,79.0,28,73.92
CELL_17628,Stem Cell,111.26,33,59.58
CELL_10006,Erythrocyte,87.73,8,65.05
CELL_54743,Stem Cell,20.28,40,65.53
CELL_53897,Fibroblast,17.57,39,67.27
CELL_55380,Leukocyte,102.65,10,89.96
CELL_99767,Myocyte,88.98,34,51.55
CELL_32992,Fibroblast,31.45,12,82.72
CELL_70729,Neuron,21.99,46,99.73
CELL_81230,Erythrocyte,89.48,32,84.24
CELL_52365,Stem Cell,29.59,50,51.02
CELL_95750,Erythrocyte,65.85,22,68.0
CELL_25542,Erythrocyte,27.39,6,72.66
CELL_75567,Erythrocyte,26.33,38,89.67
CELL_82030,Erythrocyte,111.97,19,93.68
CELL_80294,Neuron,69.15,30,87.17
CELL_92534,Leukocyte,74.99,20,98.62
CELL_72944,Epithelial,21.53,38,59.68
CELL_52903,Myocyte,21.39,24,73.19
CELL_10008,Neuron,110.77,11,73.38
CELL_27212,Leukocyte,79.5,47,84.94
CELL_12944,Erythrocyte,104.5,50,50.47
CELL_87333,Fibroblast,27.74,15,90.37
CELL_42982,Stem Cell,83.78,5,55.48
CELL_82986,Fibroblast,115.53,35,70.67
CELL_27541,Epithelial,84.46,46,52.61
CELL_88868,Myocyte,59.98,30,66.39
CELL_43817,Fibroblast,16.11,17,66.68
CELL_32220,Leukocyte,50.37,48,67.49
CELL_20412,Myocyte,23.63,34,94.34
CELL_53624,Epithelial,45.12,18,85.0
CELL_85933,Fibroblast,23.56,43,97.19
CELL_54920,Neuron,39.19,48,50.51
CELL_11901,Stem Cell,15.95,28,70.08
CELL_33652,Epithelial,53.56,19,66.71
CELL_20045,Leukocyte,98.32,12,82.07
CELL_78445,Erythrocyte,48.83,36,91.66
CELL_24151,Erythrocyte,95.3,22,87.64
CELL_49925,Epithelial,60.7,31,67.66
CELL_73941,Neuron,34.12,43,96.92
CELL_48519,Leukocyte,113.26,18,56.09
CELL_67118,Fibroblast,32.82,32,68.34
CELL_28791,Stem Cell,50.1,7,54.92
CELL_75833,Epithelial,32.33,48,62.31
CELL_87089,Epithelial,83.6,40,55.57
CELL_54445,Epithelial,42.03,11,58.39
CELL_57756,Erythrocyte,56.56,35,90.79
CELL_77820,Neuron,59.2,23,93.18
CELL_75302,Fibroblast,114.99,22,58.34
CELL_24940,Epithelial,112.77,35,71.11
CELL_17071,Neuron,30.26,17,98.88
CELL_45403,Fibroblast,12.15,14,92.32
CELL_33935,Stem Cell,66.26,38,93.81
CELL_74468,Fibroblast,48.54,49,69.64
CELL_51869,Leukocyte,47.37,42,99.68
CELL_74783,Leukocyte,92.42,34,84.15
CELL_10420,Myocyte,79.44,5,62.59
CELL_99709,Stem Cell,114.44,29,50.04
CELL_80276,Neuron,35.49,45,70.7
CELL_42530,Erythrocyte,108.88,6,63.35
CELL_28239,Erythrocyte,18.72,18,51.4
CELL_59506,Stem Cell,35.79,13,95.77
CELL_39004,Leukocyte,83.46,26,97.47
CELL_74500,Neuron,24.44,50,94.93
CELL_51778,Epithelial,29.24,27,59.96
CELL_55210,Neuron,72.98,7,57.05
CELL_59424,Epithelial,20.1,21,92.81
CELL_16488,Fibroblast,23.77,35,59.17
CELL_41478,Leukocyte,23.49,15,57.98
CELL_56198,Neuron,89.09,31,88.57
CELL_64473,Leukocyte,101.47,43,53.66
CELL_73620,Epithelial,97.72,35,53.22
CELL_63831,Fibroblast,77.81,18,92.64
CELL_68851,Neuron,76.76,44,98.48
CELL_21427,Stem Cell,117.03,36,89.48
CELL_27623,Leukocyte,97.0,14,86.33
CELL_84019,Erythrocyte,43.13,38,77.44
CELL_70160,Stem Cell,46.22,43,99.74
CELL_63796,Leukocyte,64.77,34,72.24
CELL_34589,Epithelial,110.18,50,77.08
CELL_86276,Epithelial,116.24,33,98.96
CELL_35361,Erythrocyte,29.54,6,78.7
CELL_90064,Erythrocyte,81.33,18,57.48
CELL_50207,Myocyte,40.53,14,53.24
CELL_36238,Erythrocyte,108.4,42,79.79
CELL_94850,Fibroblast,100.72,33,74.44
CELL_82343,Fibroblast,113.29,22,99.1
CELL_60492,Erythrocyte,25.62,16,81.46
CELL_71813,Stem Cell,25.26,16,98.25
CELL_48394,Stem Cell,62.81,34,61.16
CELL_53218,Fibroblast,107.82,7,82.53
CELL_79444,Neuron,97.22,20,51.13
CELL_24699,Erythrocyte,68.01,21,68.67
CELL_81871,Myocyte,55.28,39,59.27
CELL_46467,Stem Cell,66.86,38,95.5
CELL_46926,Erythrocyte,102.96,30,56.36
CELL_67286,Fibroblast,72.23,31,62.18
CELL_74734,Fibroblast,66.68,39,50.15
CELL_95424,Leukocyte,91.06,24,59.02
CELL_59120,Erythrocyte,24.34,47,61.57
CELL_95585,Epithelial,31.07,26,50.69
CELL_10755,Fibroblast,59.85,43,80.06
CELL_26182,Fibroblast,38.9,39,55.73
CELL_45919,Myocyte,83.87,8,58.28
CELL_10927,Erythrocyte,53.96,30,50.75
CELL_92957,Erythrocyte,69.34,18,88.63
CELL_73492,Myocyte,45.17,25,56.9
CELL_32276,Erythrocyte,85.43,35,88.62
CELL_92666,Fibroblast,84.64,50,52.03
CELL_98169,Erythrocyte,83.15,43,92.77
CELL_42728,Leukocyte,7.86,32,88.57
CELL_48005,Stem Cell,86.89,35,73.89
CELL_53724,Stem Cell,11.46,18,66.54
CELL_13318,Neuron,108.85,6,95.34
CELL_52660,Leukocyte,117.77,48,98.48
CELL_80866,Stem Cell,79.58,14,64.15
CELL_81317,Fibroblast,30.15,36,55.08
CELL_69665,Neuron,40.6,25,66.08
CELL_34738,Leukocyte,105.61,48,93.2
CELL_63413,Neuron,21.11,29,83.02
CELL_56007,Stem Cell,30.81,26,65.75
CELL_42393,Erythrocyte,24.12,5,68.82
CELL_24666,Epithelial,90.36,7,54.64
CELL_59635,Erythrocyte,92.06,14,80.49
CELL_64478,Epithelial,24.69,10,86.41
CELL_86163,Epithelial,101.43,9,70.28
CELL_22826,Erythrocyte,111.19,35,60.28
CELL_52462,Leukocyte,64.82,10,50.88
CELL_22749,Neuron,26.61,30,95.56
CELL_19058,Epithelial,52.72,42,78.5
CELL_98317,Erythrocyte,30.46,48,51.99
CELL_12780,Leukocyte,14.77,13,55.76
CELL_26716,Stem Cell,94.76,32,54.61
CELL_96165,Neuron,41.54,35,87.14
CELL_29076,Stem Cell,36.19,26,52.8
CELL_81167,Fibroblast,117.55,39,85.52
CELL_49516,Stem Cell,23.8,36,92.7
CELL_93803,Leukocyte,27.75,34,70.13
CELL_71199,Epithelial,36.73,32,50.76
CELL_92774,Stem Cell,116.9,40,65.71
CELL_46288,Myocyte,60.53,28,86.63
CELL_41963,Fibroblast,110.18,28,61.05
CELL_21161,Epithelial,53.05,25,79.98
CELL_80859,Myocyte,39.47,31,82.61
CELL_92609,Erythrocyte,28.61,7,89.51
CELL_79139,Epithelial,74.73,37,60.74
CELL_59949,Epithelial,101.95,27,95.47
CELL_53215,Myocyte,100.09,48,78.27
CELL_28583,Leukocyte,83.01,6,81.6
CELL_86441,Fibroblast,20.42,22,80.35
CELL_99756,Myocyte,66.63,50,87.24
CELL_12919,Epithelial,81.06,9,97.72
CELL_60819,Stem Cell,109.84,39,66.91
CELL_26582,Leukocyte,101.75,10,59.94
CELL_46005,Stem Cell,108.15,48,75.27
CELL_59682,Erythrocyte,94.01,30,59.89
CELL_68652,Erythrocyte,119.72,39,85.71
CELL_92177,Stem Cell,83.01,28,96.22
CELL_48280,Epithelial,9.44,38,98.89
CELL_62408,Epithelial,55.72,34,59.45
CELL_99961,Epithelial,53.88,30,81.39
CELL_64067,Myocyte,27.07,24,56.51
CELL_58171,Fibroblast,25.04,10,89.26
CELL_32219,Epithelial,75.02,5,71.5
CELL_67823,Erythrocyte,82.38,37,72.31
CELL_25624,Stem Cell,109.58,19,71.38
CELL_73714,Neuron,15.08,36,71.81
CELL_66416,Fibroblast,95.66,24,87.99
CELL_53048,Erythrocyte,109.51,31,84.78
CELL_49254,Erythrocyte,99.23,21,85.59
CELL_76449,Epithelial,26.78,7,81.63
CELL_64958,Fibroblast,45.65,42,74.61
CELL_41488,Erythrocyte,117.62,37,64.2
CELL_22619,Fibroblast,35.61,39,56.67
CELL_99835,Erythrocyte,22.31,28,78.56
CELL_58548,Neuron,72.06,23,88.75
CELL_96689,Neuron,86.35,29,99.69
CELL_55850,Erythrocyte,97.1,46,89.35
CELL_13998,Fibroblast,107.26,12,69.25
CELL_51313,Myocyte,116.76,9,58.2
CELL_84375,Neuron,14.98,42,94.11
CELL_57527,Myocyte,35.29,9,55.99
CELL_82588,Neuron,37.6,30,90.18
CELL_13817,Stem Cell,101.66,37,88.28
CELL_34695,Erythrocyte,24.44,11,58.42
CELL_99144,Neuron,72.43,20,57.56
CELL_41791,Myocyte,106.15,34,80.87
CELL_25403,Myocyte,69.21,24,64.25
CELL_52501,Erythrocyte,71.26,25,71.04
CELL_25413,Neuron,61.36,17,79.15
CELL_65546,Myocyte,105.33,40,65.35
CELL_53483,Stem Cell,94.55,17,60.17
CELL_75148,Myocyte,76.45,18,83.41
CELL_46379,Leukocyte,98.55,6,69.88
CELL_76554,Fibroblast,35.58,29,69.82
CELL_49608,Fibroblast,102.32,39,51.19
CELL_40127,Leukocyte,88.99,29,56.59
CELL_58380,Erythrocyte,46.54,47,52.49
