compound,formula,mw,pka,solubility_mg_ml,class
Serotonin,C9H19N3O7,871.75,5.94,687.93,Alkaloid
Ethanol,C10H16N3O7,402.49,6.23,189.941,Amide
Urea,C16H25N5O4,133.65,3.75,29.799,Amide
Adenosine triphosphate,C13H33N1O7,970.58,8.37,785.798,Carbohydrate
Adenosine triphosphate,C8H34N1O2,657.26,13.17,705.712,Lipid
Adenosine triphosphate,C18H38N3O10,164.33,11.49,256.467,Alkaloid
Aspirin,C20H29N2O2,936.84,N/A,83.001,Carbohydrate
Cholesterol,C3H7N0O9,259.26,N/A,376.593,Carbohydrate
Dopamine,C9H13N0O5,153.5,3.0,260.618,Nucleotide
Caffeine,C2H34N5O0,340.17,3.58,804.646,Lipid
Urea,C18H8N5O5,225.0,N/A,447.6,Lipid
Dopamine,C11H25N3O0,625.97,6.72,232.412,Carbohydrate
Glucose,C14H35N0O7,829.55,8.23,683.004,Lipid
Aspirin,C17H7N1O8,890.49,2.28,572.526,Neurotransmitter
Adrenaline,C13H7N5O10,681.4,13.21,818.941,Lipid
Urea,C7H14N5O4,882.13,6.4,73.328,Organic Compound
Aspirin,C2H4N0O8,968.19,N/A,13.987,Alcohol
Cholesterol,C10H9N4O0,869.64,6.64,714.123,Lipid
Adrenaline,C2H8N3O7,640.41,N/A,702.893,Organic Compound
Glucose,C5H40N3O3,594.71,13.63,786.775,Alkaloid
Caffeine,C17H21N4O2,888.93,8.95,312.751,Nucleotide
Serotonin,C18H37N4O8,953.96,13.61,822.849,Organic Compound
Adenosine triphosphate,C10H3N3O1,403.06,13.45,994.905,Nucleotide
Dopamine,C19H38N0O8,610.12,7.59,638.408,Lipid
Dopamine,C9H1N2O2,639.37,12.77,129.256,Carbohydrate
Dopamine,C9H7N1O2,314.91,2.38,273.476,Alcohol
Caffeine,C2H3N3O7,362.18,10.75,543.329,Neurotransmitter
Serotonin,C12H9N0O5,92.02,8.33,700.589,Organic Compound
Urea,C9H15N0O4,577.94,8.74,202.316,Alcohol
Serotonin,C3H23N4O9,197.9,11.9,15.999,Hormone
Adenosine triphosphate,C16H33N4O7,943.26,N/A,355.586,Alcohol
Dopamine,C4H17N5O2,480.44,12.73,631.518,Alkaloid
Caffeine,C10H30N5O4,175.8,N/A,633.683,Carbohydrate
Dopamine,C16H38N0O7,946.22,10.59,228.14,Amide
Serotonin,C16H34N5O4,865.65,10.65,868.802,Nucleotide
Ethanol,C16H29N1O3,692.8,8.27,744.933,Neurotransmitter
Adrenaline,C15H29N5O0,717.31,3.61,455.922,Amide
Urea,C7H15N1O6,101.96,N/A,958.431,Alcohol
Aspirin,C18H33N0O10,307.2,12.34,886.027,Organic Compound
Serotonin,C14H13N4O5,751.91,12.44,310.913,Carbohydrate
Cholesterol,C19H26N1O6,892.96,13.37,908.823,Organic Compound
Dopamine,C10H11N1O10,913.93,4.98,115.86,Neurotransmitter
Serotonin,C1H24N2O8,611.37,6.34,528.237,Carbohydrate
Ethanol,C19H12N4O8,618.6,N/A,126.636,Neurotransmitter
Adenosine triphosphate,C20H26N1O2,348.14,3.89,535.839,Hormone
Aspirin,C9H21N5O5,335.32,N/A,485.611,Alkaloid
Adrenaline,C2H2N2O4,976.29,8.58,840.277,Lipid
Cholesterol,C9H25N4O6,61.3,10.8,485.596,Amide
Glucose,C14H24N3O9,859.39,10.4,333.71,Amide
Caffeine,C20H11N3O0,678.35,10.35,892.227,Carbohydrate
Serotonin,C15H17N4O10,809.67,N/A,752.661,Neurotransmitter
Ethanol,C13H37N2O1,561.14,6.15,783.284,Organic Compound
Ethanol,C13H8N1O2,331.48,5.07,397.262,Hormone
Serotonin,C5H23N0O0,839.51,13.67,923.103,Lipid
Urea,C3H15N1O0,807.62,13.74,506.301,Hormone
Urea,C4H25N0O0,354.1,13.9,618.115,Amide
Ethanol,C6H29N0O7,797.56,10.37,859.626,Lipid
Ethanol,C15H24N4O7,842.02,1.23,857.382,Amide
Adrenaline,C11H16N0O6,676.54,12.09,978.339,Neurotransmitter
Ethanol,C1H16N5O10,173.86,2.41,562.529,Organic Compound
Adenosine triphosphate,C18H8N4O7,433.4,N/A,192.307,Alkaloid
Aspirin,C17H18N4O0,461.23,1.24,729.773,Alcohol
Dopamine,C11H17N5O3,243.66,13.88,24.51,Hormone
Ethanol,C18H7N4O1,913.25,N/A,308.198,Lipid
Dopamine,C19H32N5O6,570.86,N/A,896.048,Lipid
Adenosine triphosphate,C20H8N5O8,700.06,N/A,307.527,Nucleotide
Ethanol,C2H3N1O0,461.41,11.77,144.443,Hormone
Serotonin,C12H25N5O1,548.7,8.04,225.606,Amide
Adenosine triphosphate,C7H17N0O4,258.4,6.97,931.567,Hormone
Aspirin,C6H3N5O7,966.8,5.06,844.855,Organic Compound
Cholesterol,C9H11N2O2,111.98,4.65,36.125,Amide
Caffeine,C1H35N5O4,98.94,11.53,647.883,Organic Compound
Adenosine triphosphate,C20H18N4O5,269.94,7.12,531.597,Lipid
Dopamine,C14H24N3O6,803.11,11.95,388.959,Amide
Glucose,C4H29N3O7,324.85,13.87,239.962,Lipid
Caffeine,C4H32N0O0,676.97,8.31,866.044,Carbohydrate
Dopamine,C11H25N3O5,265.49,1.41,620.714,Amide
Aspirin,C16H13N4O3,998.36,13.22,391.46,Carbohydrate
Ethanol,C13H10N2O8,463.41,1.87,501.755,Amide
Aspirin,C2H13N4O7,252.17,7.79,377.506,Neurotransmitter
Caffeine,C17H2N3O6,192.38,6.78,943.191,Alkaloid
Urea,C17H12N0O1,385.46,N/A,461.718,Neurotransmitter
Caffeine,C1H27N3O3,531.7,4.97,349.615,Amide
Caffeine,C11H2N3O1,621.36,4.1,458.721,Organic Compound
Serotonin,C1H28N1O0,604.61,2.72,4.752,Alcohol
Cholesterol,C14H1N1O5,452.33,3.3,910.033,Neurotransmitter
Serotonin,C18H27N1O2,701.12,6.75,906.141,Hormone
Cholesterol,C20H33N1O5,274.63,3.5,826.474,Amide
Glucose,C15H10N0O6,58.29,1.53,6.974,Alkaloid
Aspirin,C13H25N0O5,396.48,9.36,345.116,Alcohol
Serotonin,C15H14N5O4,773.38,N/A,126.305,Nucleotide
Adenosine triphosphate,C5H2N3O1,588.2,N/A,803.369,Neurotransmitter
Glucose,C1H9N1O9,163.08,N/A,189.703,Amide
Ethanol,C14H33N3O10,929.79,3.65,630.716,Alkaloid
Aspirin,C16H37N3O3,96.86,10.87,488.463,Amide
Cholesterol,C17H13N5O9,769.4,1.86,835.606,Carbohydrate
Caffeine,C6H17N2O7,512.13,2.68,737.041,Neurotransmitter
Caffeine,C13H32N5O0,250.0,5.04,725.494,Organic Compound
Serotonin,C1H5N3O9,819.33,12.24,254.445,Alcohol
Glucose,C12H39N5O1,781.24,N/A,106.484,Organic Compound
Aspirin,C20H8N5O4,489.5,5.2,123.813,Hormone
Glucose,C15H27N5O3,737.49,2.55,562.363,Organic Compound
Cholesterol,C6H15N5O4,187.73,3.51,326.568,Alcohol
Serotonin,C3H36N5O7,373.57,N/A,26.29,Lipid
Aspirin,C5H1N4O5,297.11,9.32,918.109,Nucleotide
Ethanol,C12H30N1O10,949.75,2.05,683.318,Neurotransmitter
Adrenaline,C17H9N5O7,634.38,7.59,879.32,Hormone
Serotonin,C3H34N5O7,519.24,4.5,632.875,Organic Compound
Urea,C10H20N4O7,238.85,5.42,114.295,Amide
Cholesterol,C14H7N3O10,368.2,9.62,314.141,Carbohydrate
Glucose,C17H13N4O3,322.39,N/A,706.751,Lipid
Adenosine triphosphate,C7H10N4O2,287.64,11.28,878.277,Amide
Aspirin,C16H16N3O4,619.02,11.94,802.116,Hormone
Glucose,C11H13N1O2,508.62,8.63,857.605,Carbohydrate
Cholesterol,C4H1N4O9,703.4,6.59,208.862,Amide
Cholesterol,C3H34N5O9,780.53,N/A,569.364,Hormone
Caffeine,C2H4N2O6,797.84,12.81,135.358,Nucleotide
Urea,C6H2N1O5,416.8,6.4,636.881,Nucleotide
Cholesterol,C2H30N5O7,154.19,9.53,224.966,Carbohydrate
Serotonin,C3H37N1O3,277.25,2.82,113.182,Alcohol
Caffeine,C13H22N4O7,991.5,N/A,197.451,Neurotransmitter
Glucose,C12H14N2O3,740.67,5.87,440.501,Alkaloid
Caffeine,C19H23N0O10,239.35,1.57,219.613,Lipid
Urea,C15H34N1O6,317.62,2.18,512.355,Neurotransmitter
Dopamine,C10H31N4O7,646.42,N/A,459.706,Alkaloid
Serotonin,C20H20N4O0,294.53,8.46,199.934,Carbohydrate
Aspirin,C20H7N3O0,897.55,5.33,472.726,Neurotransmitter
Adrenaline,C6H24N5O0,555.52,9.66,738.358,Lipid
Aspirin,C1H27N4O7,537.17,N/A,885.927,Hormone
Caffeine,C18H10N0O3,765.13,2.62,625.806,Amide
Aspirin,C13H39N2O9,283.71,N/A,92.958,Alkaloid
Dopamine,C10H27N3O1,646.52,6.6,193.083,Nucleotide
Dopamine,C6H20N4O9,425.84,7.1,210.062,Lipid
Glucose,C9H2N1O5,370.7,N/A,284.544,Carbohydrate
Serotonin,C16H35N5O6,236.44,3.95,531.093,Nucleotide
Caffeine,C13H37N2O8,513.3,12.58,682.445,Nucleotide
Adrenaline,C11H15N2O2,170.85,4.48,84.847,Alkaloid
Aspirin,C9H24N0O5,463.22,9.25,179.394,Carbohydrate
Ethanol,C6H35N4O0,894.4,N/A,160.129,Alkaloid
Caffeine,C12H19N5O0,177.86,3.0,202.94,Alkaloid
Adrenaline,C15H1N3O4,360.97,4.0,960.979,Organic Compound
Serotonin,C4H6N1O0,529.1,7.48,486.223,Organic Compound
Adenosine triphosphate,C11H31N4O3,469.65,3.66,777.085,Neurotransmitter
Serotonin,C7H9N5O4,615.38,N/A,290.761,Alcohol
Aspirin,C15H11N2O7,204.93,N/A,163.81,Carbohydrate
Dopamine,C1H24N5O4,822.94,1.26,305.801,Nucleotide
Aspirin,C4H6N4O8,207.75,8.68,259.373,Nucleotide
Cholesterol,C15H32N4O6,496.68,6.86,580.868,Hormone
Cholesterol,C16H18N1O7,805.87,2.73,718.541,Lipid
Adenosine triphosphate,C1H17N0O7,613.28,N/A,982.705,Amide
Adenosine triphosphate,C15H28N5O9,267.95,1.61,562.893,Nucleotide
Caffeine,C7H20N0O5,80.27,7.38,943.932,Carbohydrate
Adrenaline,C6H38N4O2,477.41,11.91,840.417,Alkaloid
Adenosine triphosphate,C11H38N5O3,163.92,9.88,678.802,Neurotransmitter
Adenosine triphosphate,C10H1N0O8,146.92,N/A,723.519,Nucleotide
Adenosine triphosphate,C1H35N3O10,535.45,N/A,840.206,Carbohydrate
Adrenaline,C9H22N0O9,216.28,N/A,897.626,Neurotransmitter
Cholesterol,C16H4N4O6,621.54,N/A,5.31,Neurotransmitter
Serotonin,C2H31N1O8,498.28,4.82,90.984,Organic Compound
Adrenaline,C9H32N1O9,751.82,11.62,145.708,Alcohol
Ethanol,C1H9N2O0,785.94,N/A,263.304,Neurotransmitter
Ethanol,C5H30N1O3,719.62,N/A,630.293,Nucleotide
Aspirin,C14H29N5O9,656.56,13.85,747.384,Neurotransmitter
Aspirin,C6H34N2O8,259.96,5.93,571.249,Organic Compound
Adenosine triphosphate,C7H7N3O6,231.53,10.66,691.78,Amide
Adenosine triphosphate,C4H37N1O9,130.17,N/A,976.048,Amide
Aspirin,C14H31N5O3,949.82,12.02,396.734,Organic Compound
Aspirin,C14H39N4O9,605.56,10.5,329.879,Alcohol
Adrenaline,C11H27N1O0,480.09,6.7,269.29,Lipid
Glucose,C19H22N0O2,379.34,9.26,920.014,Neurotransmitter
Cholesterol,C20H37N1O6,187.71,10.22,134.0,Neurotransmitter
Serotonin,C7H10N0O0,92.01,3.8,901.469,Neurotransmitter
Dopamine,C18H10N0O7,984.67,6.86,735.42,Lipid
Cholesterol,C4H5N5O4,219.59,13.56,54.739,Amide
Caffeine,C19H18N3O4,229.1,13.58,460.178,Carbohydrate
Serotonin,C10H14N3O3,779.0,9.13,869.713,Organic Compound
Adenosine triphosphate,C5H2N1O1,722.6,3.17,492.264,Nucleotide
Ethanol,C17H11N4O0,654.45,5.59,277.927,Organic Compound
Adenosine triphosphate,C9H15N2O10,189.9,N/A,105.677,Nucleotide
Caffeine,C1H2N5O5,95.19,1.12,742.984,Alcohol
Dopamine,C3H12N5O5,547.48,N/A,751.067,Alkaloid
Cholesterol,C4H38N4O3,436.25,N/A,991.706,Hormone
Caffeine,C15H2N4O0,853.16,8.05,358.98,Lipid
Adenosine triphosphate,C3H36N0O3,987.22,7.36,230.753,Hormone
Adrenaline,C19H26N1O1,218.7,N/A,832.155,Alcohol
Adrenaline,C2H1N2O2,753.41,8.76,322.374,Organic Compound
Caffeine,C13H29N5O6,850.31,N/A,862.592,Neurotransmitter
Caffeine,C11H21N2O3,925.78,7.45,299.975,Hormone
Adrenaline,C11H31N1O6,604.0,4.4,188.687,Nucleotide
Glucose,C11H37N3O4,946.46,11.8,329.67,Hormone
Dopamine,C4H20N3O0,636.36,5.01,784.062,Amide
Ethanol,C10H5N2O6,257.66,N/A,223.593,Lipid
Ethanol,C4H14N4O8,467.19,7.76,424.458,Neurotransmitter
Adenosine triphosphate,C7H21N5O3,54.28,4.33,346.431,Organic Compound
Urea,C17H38N3O5,523.9,10.06,304.122,Neurotransmitter
Cholesterol,C20H37N5O6,266.28,13.09,58.575,Carbohydrate
Urea,C7H11N4O10,763.59,3.84,980.235,Nucleotide
Glucose,C7H24N1O2,765.55,10.54,800.119,Hormone
Urea,C6H29N5O1,466.96,5.96,673.458,Neurotransmitter
Caffeine,C5H15N4O8,641.44,1.93,610.901,Alcohol
Glucose,C3H24N5O6,56.06,2.17,455.326,Hormone
Serotonin,C14H17N1O10,266.31,N/A,673.734,Carbohydrate
Ethanol,C20H4N2O6,973.55,N/A,201.055,Lipid
Adenosine triphosphate,C10H32N2O4,810.85,6.67,132.969,Alcohol
Urea,C10H40N1O2,930.84,7.84,467.865,Lipid
Aspirin,C3H33N2O7,499.08,12.83,136.354,Carbohydrate
Caffeine,C11H18N4O5,335.41,1.58,122.888,Alcohol
Glucose,C4H37N3O4,676.56,1.53,303.275,Neurotransmitter
Adenosine triphosphate,C2H30N1O10,50.59,9.47,120.013,Nucleotide
Caffeine,C6H27N2O6,724.59,N/A,475.405,Amide
Urea,C11H1N1O2,552.96,5.68,35.4,Neurotransmitter
Glucose,C13H22N3O3,491.39,N/A,596.974,Organic Compound
Glucose,C20H25N2O7,832.3,2.91,147.617,Nucleotide
Glucose,C6H7N1O7,871.23,5.72,789.547,Alcohol
Adrenaline,C5H32N2O4,613.87,11.8,527.583,Organic Compound
Caffeine,C13H10N0O2,795.76,7.28,332.457,Alcohol
Dopamine,C2H19N2O3,217.21,13.97,492.142,Amide
Ethanol,C10H8N0O10,67.22,7.86,268.564,Alcohol
Caffeine,C18H8N3O3,896.23,9.09,918.338,Alcohol
Serotonin,C4H18N5O1,408.32,12.68,797.13,Alkaloid
Caffeine,C1H24N0O6,533.53,N/A,623.837,Alkaloid
Dopamine,C11H5N5O8,994.97,6.42,108.054,Lipid
Urea,C17H16N3O1,279.57,4.49,439.947,Amide
Cholesterol,C16H21N0O6,848.56,11.02,241.191,Hormone
Cholesterol,C12H1N3O6,411.25,N/A,712.318,Alcohol
Serotonin,C19H38N2O4,246.1,2.81,637.301,Amide
Dopamine,C10H20N2O3,531.17,4.12,299.107,Organic Compound
Cholesterol,C2H9N2O6,446.09,N/A,762.381,Neurotransmitter
Adrenaline,C1H15N0O6,896.07,N/A,822.069,Organic Compound
Glucose,C20H28N0O9,474.57,N/A,663.764,Nucleotide
Adenosine triphosphate,C16H4N0O3,165.32,N/A,485.788,Lipid
Glucose,C9H11N1O2,123.71,2.0,32.904,Carbohydrate
Aspirin,C5H19N5O3,401.01,6.47,753.396,Organic Compound
Aspirin,C11H13N3O8,125.3,5.36,434.622,Organic Compound
Aspirin,C1H13N2O10,942.12,N/A,166.897,Amide
Adrenaline,C10H38N2O5,200.41,8.08,567.383,Neurotransmitter
Aspirin,C18H10N0O8,799.96,9.76,18.895,Amide
Ethanol,C11H37N1O1,553.47,3.52,79.378,Alkaloid
Glucose,C4H31N3O10,426.68,1.23,691.988,Amide
Adenosine triphosphate,C3H29N4O0,594.46,2.88,304.57,Amide
Cholesterol,C10H6N4O10,765.18,7.68,192.767,Neurotransmitter
Ethanol,C10H7N3O1,170.17,11.99,668.939,Carbohydrate
Glucose,C17H15N2O8,814.3,9.65,867.76,Carbohydrate
Adrenaline,C17H8N4O7,530.08,2.27,432.019,Organic Compound
Adrenaline,C7H37N4O3,970.98,4.07,57.218,Amide
Ethanol,C5H37N5O2,636.87,10.43,447.763,Carbohydrate
Dopamine,C16H23N4O0,743.83,7.73,873.852,Amide
Urea,C10H28N5O10,428.28,6.06,279.409,Amide
Ethanol,C15H24N3O6,915.28,1.96,60.374,Neurotransmitter
Caffeine,C1H9N4O10,793.76,5.66,83.062,Organic Compound
Ethanol,C1H17N5O0,168.66,8.22,680.324,Neurotransmitter
Glucose,C6H30N1O1,649.92,N/A,390.286,Nucleotide
Adenosine triphosphate,C8H21N1O1,988.23,9.8,970.2,Alkaloid
Dopamine,C3H25N0O0,125.17,10.35,658.615,Amide
Cholesterol,C14H31N2O5,880.07,5.48,260.952,Alcohol
Adenosine triphosphate,C7H32N4O4,185.61,N/A,174.708,Organic Compound
Glucose,C7H8N4O8,920.24,3.88,598.866,Organic Compound
Urea,C2H11N4O1,847.84,1.07,856.468,Carbohydrate
Glucose,C18H39N2O1,75.28,12.43,808.014,Organic Compound
Ethanol,C5H39N3O0,412.83,6.2,632.06,Alkaloid
Aspirin,C17H25N2O3,452.58,6.25,70.527,Organic Compound
Adrenaline,C5H30N2O10,988.5,12.07,861.45,Hormone
Dopamine,C18H29N5O0,726.86,1.22,335.163,Carbohydrate
Cholesterol,C15H18N3O3,806.85,10.71,340.966,Hormone
Aspirin,C11H20N0O5,706.86,5.28,547.952,Neurotransmitter
Adenosine triphosphate,C9H29N3O8,834.28,7.83,777.316,Neurotransmitter
Dopamine,C10H7N3O9,951.21,5.93,863.78,Amide
Urea,C17H15N4O6,774.09,10.59,89.943,Lipid
Cholesterol,C16H19N5O5,521.01,1.15,396.985,Lipid
Aspirin,C16H27N0O6,291.71,3.83,182.124,Neurotransmitter
Dopamine,C11H30N3O10,453.02,1.96,52.832,Carbohydrate
Serotonin,C10H27N5O4,797.09,2.73,151.248,Organic Compound
Ethanol,C14H14N4O4,72.88,N/A,149.278,Nucleotide
Glucose,C19H38N0O2,206.27,9.03,99.624,Alkaloid
Dopamine,C8H6N4O7,158.31,N/A,120.447,Alkaloid
Aspirin,C15H37N5O6,983.87,13.71,644.841,Alkaloid
Serotonin,C4H19N4O7,293.01,13.17,506.695,Lipid
Dopamine,C13H10N0O1,200.12,10.78,633.53,Carbohydrate
Glucose,C2H23N0O7,218.55,2.04,293.493,Alkaloid
Aspirin,C11H13N0O9,729.72,5.89,299.726,Organic Compound
Adrenaline,C9H18N5O2,464.49,4.89,671.567,Alcohol
Dopamine,C10H36N4O1,708.52,5.6,733.84,Organic Compound
Adrenaline,C12H34N1O0,88.86,2.54,315.022,Neurotransmitter
Aspirin,C5H19N4O2,973.32,8.29,168.996,Alcohol
Aspirin,C9H27N5O10,166.02,N/A,534.615,Alkaloid
Aspirin,C11H32N4O5,202.68,6.31,380.378,Carbohydrate
Adenosine triphosphate,C19H20N2O9,266.5,1.31,837.158,Neurotransmitter
Adrenaline,C11H33N0O2,699.03,7.99,178.903,Organic Compound
Aspirin,C7H5N1O5,220.63,N/A,400.847,Lipid
Ethanol,C7H19N4O2,978.02,11.73,997.334,Nucleotide
Serotonin,C15H5N0O0,662.19,N/A,648.074,Nucleotide
Caffeine,C6H38N4O1,306.15,8.52,96.94,Neurotransmitter
Glucose,C14H14N4O10,643.8,10.45,297.3,Alkaloid
Urea,C5H34N4O10,899.45,11.16,350.526,Neurotransmitter
Serotonin,C19H14N5O3,535.56,8.58,17.9,Neurotransmitter
Dopamine,C10H17N2O2,358.46,4.76,709.098,Amide
Urea,C5H35N2O0,371.96,N/A,875.203,Carbohydrate
Adrenaline,C17H5N2O8,410.55,12.2,134.155,Alcohol
Aspirin,C5H4N2O0,111.66,5.71,886.852,Amide
Caffeine,C6H1N0O3,511.45,N/A,351.437,Organic Compound
Glucose,C2H2N4O9,203.26,11.06,55.892,Alcohol
Caffeine,C20H17N1O3,571.03,2.22,890.338,Organic Compound
Adrenaline,C12H34N2O9,801.83,2.21,125.6,Amide
Adrenaline,C7H38N4O3,376.28,6.72,793.561,Lipid
Aspirin,C5H7N3O2,429.2,8.07,549.762,Organic Compound
Serotonin,C1H26N0O10,479.61,N/A,594.101,Amide
Dopamine,C4H19N1O2,383.87,1.27,316.062,Nucleotide
Adenosine triphosphate,C11H31N0O4,52.55,5.97,530.97,Carbohydrate
Urea,C19H1N5O3,619.55,9.67,409.74,Lipid
Urea,C6H7N3O4,544.0,7.37,456.006,Alcohol
Serotonin,C15H31N3O4,559.31,7.04,930.964,Lipid
Adenosine triphosphate,C9H3N3O8,980.25,8.07,320.534,Carbohydrate
Adenosine triphosphate,C8H23N2O2,697.28,7.08,788.306,Carbohydrate
Caffeine,C3H30N2O4,370.39,5.26,195.176,Organic Compound
Ethanol,C11H31N3O7,706.56,1.57,754.71,Carbohydrate
Ethanol,C9H18N0O0,698.28,9.59,924.696,Lipid
Dopamine,C11H17N5O10,950.13,13.85,939.601,Carbohydrate
Dopamine,C13H2N3O4,684.48,8.18,827.049,Nucleotide
Caffeine,C14H11N2O0,887.52,9.27,548.087,Lipid
Adrenaline,C3H31N3O1,769.87,6.2,107.606,Organic Compound
Glucose,C10H36N2O5,562.16,7.2,491.757,Carbohydrate
Serotonin,C13H30N3O0,235.22,11.4,462.274,Nucleotide
Serotonin,C18H12N2O2,74.99,4.72,234.9,Organic Compound
Dopamine,C10H2N3O4,239.64,11.17,177.056,Organic Compound
Dopamine,C10H32N2O8,230.08,8.55,403.118,Alkaloid
Serotonin,C9H6N5O8,666.32,N/A,899.464,Alcohol
Adrenaline,C8H15N5O6,498.28,1.65,109.586,Carbohydrate
Glucose,C10H8N4O9,218.8,10.25,112.949,Lipid
Cholesterol,C11H10N5O7,647.6,N/A,293.37,Hormone
Ethanol,C10H29N1O10,364.84,3.66,93.24,Neurotransmitter
Serotonin,C18H22N1O1,901.94,13.28,271.104,Nucleotide
Aspirin,C13H15N1O4,374.21,3.9,552.979,Hormone
Adenosine triphosphate,C13H23N1O2,655.14,2.99,767.995,Alkaloid
Urea,C17H3N4O5,153.83,N/A,243.439,Nucleotide
Urea,C11H30N5O9,295.22,3.46,896.654,Carbohydrate
Adenosine triphosphate,C12H27N5O5,775.62,N/A,862.337,Alkaloid
Aspirin,C13H33N5O6,213.4,1.35,895.717,Hormone
Caffeine,C3H7N5O10,975.71,5.13,71.092,Carbohydrate
Caffeine,C19H34N0O9,587.75,N/A,484.683,Organic Compound
Aspirin,C2H8N1O8,198.8,1.13,131.939,Lipid
Aspirin,C12H34N2O7,965.15,9.17,382.019,Alkaloid
Dopamine,C5H19N4O7,822.25,2.86,920.44,Alkaloid
Caffeine,C17H37N3O4,146.48,8.06,943.756,Lipid
Dopamine,C2H6N0O4,509.53,3.74,753.691,Carbohydrate
Caffeine,C14H30N0O3,277.32,4.26,281.479,Organic Compound
Adrenaline,C9H11N4O9,498.66,6.72,86.02,Amide
Serotonin,C18H22N3O0,734.3,N/A,655.748,Organic Compound
Caffeine,C16H23N2O7,606.34,7.78,582.584,Hormone
Ethanol,C17H11N5O10,654.96,N/A,687.43,Alkaloid
Urea,C11H35N2O7,125.8,6.74,577.72,Nucleotide
Glucose,C2H21N0O3,58.01,3.68,805.517,Carbohydrate
Adrenaline,C5H4N0O0,444.42,12.9,706.808,Alcohol
Serotonin,C8H40N0O2,108.96,1.64,408.652,Amide
Serotonin,C6H23N2O3,332.78,3.2,240.243,Organic Compound
Cholesterol,C19H38N2O0,786.96,2.51,41.685,Carbohydrate
Caffeine,C8H20N3O4,887.4,8.46,588.983,Amide
Ethanol,C6H28N0O5,907.13,12.85,502.79,Neurotransmitter
Adenosine triphosphate,C3H12N1O8,348.51,4.39,294.641,Carbohydrate
Dopamine,C8H24N1O3,757.2,7.11,39.634,Lipid
Aspirin,C1H33N3O1,611.72,10.46,465.47,Carbohydrate
Urea,C9H36N3O8,215.39,7.38,540.535,Nucleotide
Glucose,C6H20N5O2,629.73,N/A,208.893,Alcohol
Adrenaline,C3H7N4O10,275.07,1.85,971.641,Neurotransmitter
Aspirin,C19H25N1O2,803.74,9.44,663.799,Lipid
Aspirin,C15H29N1O7,409.85,4.64,117.918,Nucleotide
Glucose,C20H40N0O8,991.7,4.41,540.229,Alkaloid
Urea,C9H40N0O1,343.24,2.96,684.717,Alkaloid
Dopamine,C8H21N1O9,912.61,1.78,236.294,Alkaloid
Aspirin,C9H4N2O2,383.31,9.17,937.984,Carbohydrate
Aspirin,C12H9N5O0,739.06,2.65,223.815,Lipid
Cholesterol,C5H28N5O10,623.95,12.26,294.543,Neurotransmitter
Adrenaline,C4H1N4O4,957.6,6.31,123.761,Hormone
Cholesterol,C11H28N5O6,216.74,13.67,180.883,Alcohol
Adenosine triphosphate,C4H29N1O9,461.18,11.9,287.693,Hormone
Glucose,C3H4N1O8,107.05,2.89,602.54,Lipid
Serotonin,C20H9N3O9,531.11,11.65,360.252,Alcohol
Aspirin,C5H28N5O9,252.51,6.37,102.929,Organic Compound
Adrenaline,C17H23N4O0,225.43,10.99,360.268,Lipid
Glucose,C13H39N3O6,50.61,10.27,685.043,Alcohol
Cholesterol,C14H23N3O8,796.18,10.13,201.315,Neurotransmitter
Glucose,C3H26N1O8,943.91,N/A,764.774,Organic Compound
Serotonin,C9H15N5O1,280.11,5.53,511.796,Carbohydrate
Dopamine,C18H28N5O7,514.35,9.12,256.426,Lipid
Adenosine triphosphate,C19H15N0O0,335.79,N/A,232.567,Alkaloid
Serotonin,C2H5N1O4,177.33,1.2,325.412,Carbohydrate
Cholesterol,C18H19N5O6,984.37,N/A,898.338,Alcohol
Adrenaline,C9H30N4O0,997.35,9.29,894.034,Hormone
Aspirin,C14H20N5O0,767.67,12.06,373.764,Lipid
Adenosine triphosphate,C4H3N4O1,446.48,10.83,191.941,Lipid
Adenosine triphosphate,C9H1N3O3,611.44,N/A,650.271,Nucleotide
Adrenaline,C13H22N3O1,912.38,13.34,804.792,Carbohydrate
Adenosine triphosphate,C14H8N3O5,815.62,13.16,243.328,Carbohydrate
Serotonin,C13H39N0O5,447.95,6.79,375.036,Nucleotide
Cholesterol,C6H24N1O7,609.46,7.31,856.232,Lipid
Glucose,C19H30N2O2,900.01,N/A,893.928,Alcohol
Adrenaline,C9H39N2O7,323.07,N/A,71.118,Organic Compound
Cholesterol,C18H17N4O2,284.76,N/A,155.657,Neurotransmitter
Caffeine,C10H35N1O4,915.09,1.88,160.572,Alcohol
Dopamine,C3H6N3O0,533.69,7.93,405.986,Amide
Cholesterol,C13H36N4O0,651.44,5.29,734.514,Carbohydrate
Ethanol,C3H4N4O1,703.04,5.2,995.151,Organic Compound
Urea,C11H10N4O4,166.71,10.58,708.556,Amide
Urea,C5H32N1O4,886.92,2.09,558.878,Amide
Dopamine,C17H38N5O1,584.57,3.63,449.18,Carbohydrate
Adenosine triphosphate,C14H18N2O9,198.56,N/A,717.434,Carbohydrate
Ethanol,C18H26N1O4,462.21,5.32,126.546,Neurotransmitter
Dopamine,C8H3N0O4,912.51,12.69,5.961,Hormone
Adrenaline,C18H25N1O0,329.73,3.84,770.687,Amide
Caffeine,C14H1N5O1,553.9,N/A,782.015,Amide
Glucose,C13H25N3O7,737.62,13.16,962.447,Alcohol
Adrenaline,C20H27N0O0,619.16,N/A,465.712,Organic Compound
Adenosine triphosphate,C8H29N2O5,789.69,N/A,674.843,Carbohydrate
Ethanol,C4H12N5O10,65.69,6.6,75.946,Alkaloid
Caffeine,C12H5N2O3,931.66,N/A,958.354,Lipid
Cholesterol,C17H3N3O5,526.58,8.45,218.325,Amide
Aspirin,C4H31N5O3,592.08,8.68,559.289,Carbohydrate
Ethanol,C9H13N1O9,418.05,6.34,855.119,Lipid
Urea,C1H38N4O1,389.48,13.35,324.196,Nucleotide
Ethanol,C18H7N1O4,447.66,2.45,711.646,Nucleotide
Glucose,C9H35N3O9,922.48,N/A,105.554,Alkaloid
Dopamine,C2H19N0O9,719.3,11.06,638.45,Alcohol
Ethanol,C2H2N2O7,680.46,N/A,674.946,Alkaloid
Cholesterol,C20H26N3O1,111.74,12.07,134.501,Alkaloid
Caffeine,C13H23N4O1,721.7,N/A,77.662,Alcohol
Dopamine,C5H35N4O5,213.04,N/A,660.642,Neurotransmitter
Glucose,C18H11N1O9,951.91,8.57,15.722,Nucleotide
Adrenaline,C14H9N1O2,743.2,10.59,614.915,Alcohol
Dopamine,C5H11N4O3,287.49,8.8,6.059,Nucleotide
Adrenaline,C12H39N2O4,737.17,2.96,828.797,Carbohydrate
Cholesterol,C12H4N5O1,874.96,3.64,320.979,Alcohol
Aspirin,C7H13N2O5,362.4,10.92,2.286,Organic Compound
Serotonin,C10H9N4O2,399.02,N/A,783.447,Nucleotide
Urea,C16H5N3O2,871.14,13.56,655.799,Nucleotide
Serotonin,C18H31N5O7,165.23,5.97,599.708,Lipid
Ethanol,C16H2N4O2,665.78,6.89,743.361,Nucleotide
Aspirin,C11H20N3O9,270.03,2.01,990.22,Alkaloid
Aspirin,C2H3N1O7,262.1,N/A,574.097,Hormone
Aspirin,C3H33N3O4,241.28,10.23,591.256,Lipid
Glucose,C19H10N0O1,749.22,8.73,287.739,Amide
Ethanol,C11H12N1O0,214.71,4.27,559.18,Carbohydrate
Caffeine,C6H16N5O6,105.02,6.22,357.199,Nucleotide
Dopamine,C8H27N3O2,697.63,6.29,759.874,Organic Compound
Adrenaline,C5H33N1O0,642.68,2.62,233.911,Hormone
Cholesterol,C15H2N4O5,612.52,N/A,159.742,Organic Compound
Dopamine,C3H9N1O0,697.28,7.79,893.344,Lipid
Glucose,C11H31N2O9,835.75,7.94,388.862,Neurotransmitter
Serotonin,C18H7N3O5,72.97,10.3,940.07,Nucleotide
Serotonin,C3H22N1O7,418.92,2.24,886.062,Carbohydrate
Urea,C7H35N1O9,560.03,9.43,475.142,Hormone
Glucose,C14H21N2O4,647.69,N/A,351.216,Alcohol
Dopamine,C18H16N1O1,885.68,8.55,621.524,Hormone
Adrenaline,C8H40N1O4,955.52,9.25,380.245,Nucleotide
Caffeine,C20H14N0O8,635.97,7.18,290.736,Neurotransmitter
Serotonin,C5H31N3O3,90.6,N/A,571.493,Organic Compound
Adenosine triphosphate,C15H11N3O10,51.15,8.99,876.713,Carbohydrate
Caffeine,C9H28N1O1,587.29,1.16,478.83,Organic Compound
Adrenaline,C10H34N5O8,200.74,N/A,266.215,Carbohydrate
Caffeine,C17H30N1O0,282.95,N/A,280.811,Alcohol
Ethanol,C10H12N3O1,746.95,13.73,679.789,Lipid
Glucose,C4H14N0O7,176.62,N/A,388.443,Amide
Adrenaline,C15H21N4O2,194.8,13.64,508.953,Organic Compound
Dopamine,C1H12N1O7,666.62,10.06,617.579,Organic Compound
Dopamine,C9H39N0O9,613.51,9.66,597.398,Hormone
Urea,C20H33N2O6,990.38,9.75,458.563,Alcohol
Glucose,C6H10N2O0,456.94,12.1,534.68,Organic Compound
Serotonin,C7H14N4O2,632.15,11.06,0.732,Neurotransmitter
Glucose,C11H36N1O7,748.43,6.33,837.379,Hormone
Adenosine triphosphate,C13H14N5O0,299.12,9.91,858.416,Carbohydrate
Adrenaline,C12H3N0O0,707.71,N/A,209.121,Carbohydrate
Ethanol,C14H8N2O8,364.7,4.07,345.167,Alcohol
Adenosine triphosphate,C13H35N3O1,931.79,4.85,107.283,Amide
Adrenaline,C20H1N1O9,457.11,7.83,348.662,Organic Compound
Dopamine,C2H7N4O6,891.14,2.89,743.611,Nucleotide
Caffeine,C1H12N2O2,228.83,12.1,941.41,Amide
Glucose,C6H38N0O1,933.42,12.62,986.92,Hormone
Aspirin,C3H35N2O3,809.71,4.14,942.458,Carbohydrate
Serotonin,C17H36N1O9,793.74,7.68,170.027,Organic Compound
Urea,C11H24N2O4,813.61,N/A,523.214,Amide
Urea,C18H12N1O4,129.89,11.58,694.88,Organic Compound
Cholesterol,C13H8N1O6,838.18,11.36,422.398,Hormone
Aspirin,C12H23N4O10,880.62,8.49,156.027,Nucleotide
Caffeine,C20H29N1O8,353.5,N/A,237.438,Lipid
Serotonin,C2H18N0O5,524.22,11.15,210.584,Neurotransmitter
Aspirin,C2H23N0O3,755.43,N/A,506.199,Organic Compound
Serotonin,C14H31N0O4,197.49,6.23,37.503,Lipid
Adenosine triphosphate,C20H19N3O7,881.88,8.76,218.717,Lipid
Urea,C19H15N0O2,691.4,12.84,341.798,Lipid
Urea,C19H18N2O1,754.45,11.48,85.626,Alcohol
Glucose,C5H12N4O7,486.29,1.57,257.258,Carbohydrate
Caffeine,C4H33N0O3,178.52,N/A,181.146,Amide
Adenosine triphosphate,C13H35N2O5,208.94,4.23,888.564,Organic Compound
Ethanol,C18H7N4O3,830.75,N/A,585.024,Nucleotide
Adenosine triphosphate,C2H6N3O1,751.16,N/A,929.282,Amide
Adenosine triphosphate,C17H18N3O1,824.83,N/A,409.744,Carbohydrate
Caffeine,C5H2N2O7,501.02,9.51,266.46,Organic Compound
Ethanol,C8H14N2O1,160.83,1.09,397.38,Amide
Aspirin,C20H10N4O1,737.0,12.41,804.839,Neurotransmitter
Aspirin,C7H30N5O5,750.52,10.7,419.746,Lipid
Adenosine triphosphate,C3H21N0O5,769.84,12.79,40.509,Carbohydrate
Glucose,C12H33N0O5,170.47,1.86,284.857,Alkaloid
Ethanol,C16H36N2O2,980.83,9.16,162.02,Hormone
Urea,C9H33N4O9,314.45,7.07,798.781,Carbohydrate
Serotonin,C2H7N2O2,354.41,9.52,693.404,Lipid
Dopamine,C6H27N4O5,915.14,1.57,665.143,Carbohydrate
Serotonin,C8H15N4O4,782.89,N/A,390.635,Hormone
Aspirin,C10H23N4O9,91.32,4.03,842.333,Organic Compound
Serotonin,C2H6N1O0,696.24,6.95,169.962,Alcohol
Glucose,C11H22N4O4,977.48,N/A,367.353,Carbohydrate
Dopamine,C19H9N3O8,402.25,11.31,271.035,Hormone
Caffeine,C20H36N2O0,240.24,N/A,427.247,Neurotransmitter
Adrenaline,C3H3N5O3,581.16,8.57,258.738,Neurotransmitter
Adrenaline,C16H37N3O10,477.22,7.11,598.198,Nucleotide
Urea,C10H1N0O1,688.93,4.76,379.414,Amide
Ethanol,C7H7N5O1,805.46,4.9,163.64,Organic Compound
Urea,C14H23N0O3,972.41,9.31,351.501,Neurotransmitter
Adenosine triphosphate,C9H14N1O6,273.6,12.57,152.397,Lipid
Aspirin,C14H37N4O5,557.31,N/A,755.83,Nucleotide
Urea,C11H29N3O9,810.04,9.27,772.659,Neurotransmitter
Aspirin,C7H35N4O3,227.01,7.3,277.631,Alcohol
Caffeine,C2H17N1O0,730.22,5.44,733.233,Neurotransmitter
Caffeine,C4H10N4O5,489.61,7.01,28.339,Alcohol
Aspirin,C14H20N3O7,197.22,N/A,730.944,Alkaloid
Urea,C11H37N2O7,394.64,11.6,776.596,Hormone
Dopamine,C7H12N5O8,519.75,2.24,72.131,Hormone
Glucose,C8H34N5O1,550.02,N/A,970.994,Alcohol
Ethanol,C16H9N4O4,162.47,N/A,706.252,Alcohol
Caffeine,C10H21N5O5,132.53,12.8,740.679,Organic Compound
Ethanol,C6H31N5O0,706.5,10.13,55.806,Alcohol
Ethanol,C19H7N2O6,875.92,12.19,259.229,Carbohydrate
Serotonin,C14H31N4O3,234.56,4.72,664.563,Nucleotide
Glucose,C8H38N5O5,508.22,11.49,219.203,Nucleotide
Dopamine,C10H27N1O7,429.46,1.98,928.778,Neurotransmitter
Adenosine triphosphate,C3H15N4O0,783.33,5.17,89.247,Carbohydrate
Adenosine triphosphate,C9H16N1O3,186.99,3.17,815.33,Alkaloid
Glucose,C1H3N3O8,963.09,9.49,391.578,Amide
Adrenaline,C15H28N1O5,527.8,9.16,115.185,Nucleotide
Caffeine,C11H3N4O2,506.27,4.94,79.748,Hormone
Ethanol,C13H16N2O0,870.77,11.87,587.022,Hormone
Serotonin,C2H18N0O2,491.2,4.11,678.774,Neurotransmitter
Adenosine triphosphate,C20H12N1O3,866.85,5.01,135.071,Carbohydrate
Adrenaline,C10H16N1O10,633.97,1.38,684.823,Alkaloid
Glucose,C6H36N5O2,413.48,10.24,452.873,Alkaloid
Urea,C2H39N2O8,989.73,3.41,758.459,Amide
Cholesterol,C10H22N5O1,823.21,10.18,702.305,Hormone
Urea,C6H37N1O7,652.82,5.95,301.709,Lipid
Ethanol,C7H13N2O8,768.05,5.65,678.185,Neurotransmitter
Ethanol,C7H18N3O7,425.72,4.53,488.976,Alkaloid
Adenosine triphosphate,C10H33N4O5,814.68,N/A,471.952,Organic Compound
Adrenaline,C4H18N3O2,234.75,6.06,161.76,Alkaloid
Aspirin,C10H12N5O10,918.8,6.86,23.201,Carbohydrate
Cholesterol,C6H9N2O1,302.81,11.52,540.831,Alcohol
Aspirin,C4H1N3O7,167.33,5.84,531.64,Nucleotide
Glucose,C19H20N1O10,398.39,11.74,537.771,Lipid
Glucose,C13H21N2O10,118.09,2.88,424.446,Hormone
Adenosine triphosphate,C8H12N1O9,82.32,N/A,142.88,Lipid
Glucose,C6H15N3O0,621.05,7.16,520.389,Nucleotide
Caffeine,C20H14N5O3,221.24,4.97,13.683,Hormone
Urea,C5H11N1O10,80.53,N/A,786.714,Neurotransmitter
Glucose,C17H3N2O8,854.98,5.53,498.335,Organic Compound
Caffeine,C19H14N1O3,874.43,5.76,782.338,Carbohydrate
Serotonin,C15H7N1O10,353.64,11.28,465.539,Lipid
Urea,C14H21N2O10,732.82,6.17,934.445,Carbohydrate
Adenosine triphosphate,C11H20N1O9,690.51,13.71,141.29,Carbohydrate
Ethanol,C2H36N2O2,783.16,1.47,220.101,Alcohol
Urea,C12H30N3O4,498.83,12.23,215.245,Hormone
Serotonin,C7H27N4O9,687.38,8.93,453.564,Nucleotide
Dopamine,C4H18N5O7,234.04,1.52,484.837,Nucleotide
Urea,C9H23N1O5,513.43,N/A,164.48,Hormone
Caffeine,C16H26N1O4,792.41,9.95,372.093,Lipid
Adrenaline,C13H22N3O9,801.55,9.24,982.656,Hormone
Aspirin,C3H10N5O3,263.2,7.48,643.316,Neurotransmitter
Adenosine triphosphate,C13H10N3O6,881.62,3.78,148.504,Alcohol
Urea,C7H12N2O0,715.14,N/A,521.338,Alcohol
Adenosine triphosphate,C4H29N3O6,525.29,12.05,477.165,Hormone
Adenosine triphosphate,C16H15N1O9,941.51,9.89,943.88,Organic Compound
Adenosine triphosphate,C1H13N2O2,379.9,4.65,885.535,Alkaloid
Dopamine,C17H30N1O6,263.98,11.13,784.625,Nucleotide
Glucose,C12H22N2O2,462.53,2.58,688.055,Alcohol
Glucose,C8H11N4O10,200.28,6.29,665.397,Hormone
Dopamine,C7H33N1O8,989.47,9.02,116.94,Alcohol
Serotonin,C1H35N1O10,303.33,9.41,555.288,Alkaloid
Serotonin,C6H40N4O5,434.43,N/A,631.02,Hormone
Serotonin,C6H18N0O7,50.6,1.41,411.01,Amide
Glucose,C10H2N5O6,876.97,N/A,256.49,Carbohydrate
Aspirin,C14H16N5O10,601.84,N/A,310.918,Hormone
Dopamine,C19H2N0O5,316.82,6.91,560.753,Alkaloid
Adrenaline,C15H28N3O7,238.08,N/A,95.882,Organic Compound
Urea,C10H16N2O6,928.38,1.39,988.065,Amide
Urea,C12H35N4O9,620.21,2.79,147.582,Hormone
Serotonin,C7H3N2O3,974.03,N/A,615.757,Carbohydrate
Adenosine triphosphate,C12H20N1O8,822.8,7.28,935.029,Lipid
Urea,C14H11N4O5,686.63,9.09,430.287,Lipid
Cholesterol,C6H8N4O2,792.3,4.82,1.036,Alcohol
Ethanol,C10H25N4O5,184.99,12.49,938.322,Nucleotide
Glucose,C13H38N3O9,401.82,8.97,316.09,Hormone
Caffeine,C10H30N3O4,400.08,9.19,246.206,Neurotransmitter
Cholesterol,C7H15N2O1,700.55,2.01,983.224,Lipid
Glucose,C9H40N4O10,355.41,1.38,341.235,Nucleotide
Adrenaline,C16H14N2O9,316.59,5.04,897.562,Nucleotide
Adenosine triphosphate,C9H8N3O6,574.13,12.97,162.622,Carbohydrate
Adenosine triphosphate,C8H35N2O5,861.15,7.0,316.268,Hormone
Adrenaline,C17H10N1O6,487.5,7.8,806.456,Neurotransmitter
Cholesterol,C6H6N3O9,50.4,11.98,610.576,Alkaloid
Aspirin,C17H3N4O9,683.2,6.28,605.541,Neurotransmitter
Serotonin,C8H16N1O8,700.37,N/A,997.956,Hormone
Adenosine triphosphate,C10H23N0O4,445.88,13.18,275.752,Alcohol
Glucose,C5H9N3O6,583.78,7.63,738.536,Alkaloid
Dopamine,C16H35N3O2,87.9,5.76,791.463,Hormone
Urea,C19H27N3O0,743.71,13.38,774.793,Alkaloid
Aspirin,C13H30N5O2,71.33,N/A,664.371,Alkaloid
Adenosine triphosphate,C8H31N3O10,102.14,8.09,994.244,Carbohydrate
Aspirin,C11H40N2O4,390.9,1.56,491.155,Lipid
Glucose,C12H36N4O2,320.1,1.11,183.519,Neurotransmitter
Adrenaline,C9H18N5O9,861.25,3.82,509.366,Alkaloid
Adrenaline,C13H18N5O3,196.5,11.95,746.693,Nucleotide
Adrenaline,C8H21N4O8,107.71,1.9,335.819,Alcohol
Adrenaline,C9H9N5O4,306.53,7.57,389.547,Alkaloid
Dopamine,C15H31N1O6,657.9,N/A,834.801,Alkaloid
Cholesterol,C8H31N0O5,635.78,11.34,417.303,Neurotransmitter
Adenosine triphosphate,C18H34N0O6,244.19,N/A,868.658,Nucleotide
Adrenaline,C2H25N3O0,253.08,N/A,976.44,Neurotransmitter
Caffeine,C17H22N0O2,349.33,1.4,310.678,Lipid
Ethanol,C10H3N5O7,535.01,1.49,951.093,Hormone
Ethanol,C2H27N4O5,284.59,12.48,112.82,Lipid
Cholesterol,C5H33N2O3,491.64,11.39,899.909,Lipid
Adrenaline,C1H36N3O8,255.94,N/A,572.809,Organic Compound
Dopamine,C18H40N0O0,873.89,13.03,578.575,Carbohydrate
Ethanol,C17H33N5O1,346.94,N/A,580.501,Amide
Ethanol,C19H35N2O7,847.06,N/A,227.707,Carbohydrate
Serotonin,C14H29N2O1,741.94,N/A,214.349,Lipid
Glucose,C20H1N1O5,417.31,5.24,138.921,Nucleotide
Glucose,C11H21N3O9,224.18,5.0,986.906,Alcohol
Adenosine triphosphate,C17H36N4O3,158.22,7.55,911.044,Carbohydrate
Urea,C19H19N2O4,353.48,N/A,201.889,Alcohol
Serotonin,C13H34N4O2,633.01,N/A,341.468,Organic Compound
Glucose,C7H12N0O10,453.96,6.55,127.893,Lipid
Aspirin,C3H31N4O8,69.03,N/A,129.682,Carbohydrate
Adrenaline,C7H35N1O5,131.43,6.44,15.548,Hormone
Adrenaline,C2H19N4O10,475.46,N/A,782.649,Alkaloid
Cholesterol,C20H14N4O6,608.05,12.09,748.009,Alkaloid
Urea,C2H36N0O7,810.27,N/A,175.064,Lipid
Dopamine,C6H14N3O7,434.44,9.95,479.554,Hormone
Adenosine triphosphate,C2H28N0O9,615.57,8.53,765.467,Organic Compound
Urea,C2H1N0O2,307.04,N/A,646.113,Lipid
Dopamine,C16H1N3O7,606.22,5.56,130.821,Alcohol
Serotonin,C3H3N3O6,426.1,2.04,696.928,Nucleotide
Cholesterol,C12H14N5O7,535.06,N/A,510.351,Hormone
Dopamine,C15H31N1O9,373.17,N/A,238.978,Lipid
Adenosine triphosphate,C17H3N3O5,990.02,10.78,220.303,Lipid
Urea,C15H29N3O3,117.26,N/A,949.991,Amide
Ethanol,C12H26N2O9,238.53,5.55,951.411,Hormone
Ethanol,C7H20N4O9,925.04,2.56,18.718,Hormone
Ethanol,C11H28N3O4,428.9,7.24,608.273,Amide
Aspirin,C8H31N5O10,57.72,N/A,51.58,Neurotransmitter
Cholesterol,C12H25N3O9,97.16,N/A,387.367,Hormone
Serotonin,C12H32N2O7,457.6,10.76,877.624,Organic Compound
Adenosine triphosphate,C6H25N3O6,89.29,N/A,30.929,Nucleotide
Adrenaline,C19H8N0O0,376.11,8.84,905.877,Carbohydrate
Serotonin,C10H27N5O6,74.78,N/A,818.631,Hormone
Ethanol,C15H32N3O8,421.69,7.07,47.87,Organic Compound
Glucose,C9H26N1O5,481.88,5.58,665.537,Neurotransmitter
Adenosine triphosphate,C10H35N5O1,605.88,2.27,349.249,Neurotransmitter
Glucose,C2H5N2O8,969.35,4.41,925.16,Organic Compound
Adenosine triphosphate,C20H8N2O3,692.05,N/A,779.16,Alkaloid
Glucose,C7H36N2O8,98.09,10.05,770.925,Hormone
Adenosine triphosphate,C1H16N2O6,204.79,11.85,12.674,Carbohydrate
Ethanol,C18H15N3O1,720.44,13.02,273.197,Lipid
Aspirin,C12H26N3O5,434.08,N/A,747.432,Amide
Ethanol,C18H3N3O8,900.72,5.35,949.067,Carbohydrate
Glucose,C13H4N5O5,349.83,8.61,245.191,Alkaloid
Ethanol,C9H29N2O9,826.3,10.78,749.877,Alkaloid
Adenosine triphosphate,C16H20N4O7,635.1,N/A,896.236,Alcohol
Cholesterol,C11H29N3O10,199.0,5.08,699.258,Neurotransmitter
Aspirin,C16H1N3O6,561.27,N/A,57.075,Nucleotide
Adenosine triphosphate,C19H33N3O8,824.01,2.93,981.162,Amide
Ethanol,C12H22N2O5,214.57,N/A,300.788,Organic Compound
Ethanol,C13H30N2O5,814.52,11.85,593.019,Amide
Caffeine,C19H29N5O10,929.93,8.77,656.466,Nucleotide
Serotonin,C11H15N1O6,811.26,1.86,489.991,Amide
Dopamine,C20H30N1O10,604.03,5.6,209.385,Alcohol
Aspirin,C2H34N1O6,908.18,13.74,166.42,Carbohydrate
Glucose,C3H35N4O8,594.13,12.19,580.844,Hormone
Adrenaline,C20H7N0O7,539.05,6.06,321.92,Organic Compound
Urea,C15H15N2O8,215.18,N/A,9.051,Alkaloid
Cholesterol,C11H21N4O0,552.39,N/A,723.877,Carbohydrate
Adrenaline,C7H19N1O3,276.85,1.07,951.047,Neurotransmitter
Glucose,C3H21N4O7,654.27,8.45,210.001,Neurotransmitter
Urea,C9H37N1O9,945.11,2.57,660.172,Neurotransmitter
Adenosine triphosphate,C16H8N1O2,883.31,5.65,300.246,Nucleotide
Dopamine,C20H15N5O0,206.62,6.63,27.173,Organic Compound
Aspirin,C10H38N0O10,232.01,7.37,685.765,Carbohydrate
Adrenaline,C19H2N3O5,429.77,3.65,595.395,Lipid
Serotonin,C19H3N1O6,206.64,N/A,166.355,Organic Compound
Urea,C19H21N3O7,799.28,2.12,247.821,Alkaloid
Glucose,C5H3N4O10,549.28,10.23,316.267,Nucleotide
Ethanol,C5H29N0O3,971.33,4.01,506.191,Neurotransmitter
Caffeine,C18H27N0O5,111.71,N/A,111.692,Lipid
Glucose,C20H17N0O6,683.77,5.89,649.915,Organic Compound
Dopamine,C7H21N4O0,558.15,12.6,381.893,Carbohydrate
Adenosine triphosphate,C19H32N2O4,56.07,N/A,8.41,Amide
Glucose,C11H18N4O1,359.41,7.19,550.518,Nucleotide
Dopamine,C1H22N5O6,210.59,8.94,775.535,Organic Compound
Serotonin,C7H2N4O2,460.42,5.06,412.493,Neurotransmitter
Serotonin,C4H35N1O3,69.0,N/A,542.176,Lipid
Glucose,C2H36N0O8,922.13,6.06,307.112,Neurotransmitter
Adenosine triphosphate,C2H32N4O4,135.96,3.66,473.42,Carbohydrate
Aspirin,C12H18N1O4,815.89,N/A,793.889,Amide
Serotonin,C11H16N4O10,710.26,N/A,373.429,Nucleotide
Caffeine,C18H8N5O3,859.44,N/A,499.566,Neurotransmitter
Aspirin,C16H35N4O5,319.91,6.42,478.134,Neurotransmitter
Ethanol,C11H17N3O0,693.09,13.64,934.916,Alcohol
Ethanol,C3H6N3O6,782.23,N/A,162.4,Alcohol
Adrenaline,C20H2N0O1,422.41,7.79,61.902,Alkaloid
Ethanol,C6H4N4O6,985.55,13.34,196.764,Carbohydrate
Glucose,C16H36N0O9,963.5,10.0,523.794,Organic Compound
Dopamine,C8H2N2O5,722.04,12.98,757.531,Neurotransmitter
Glucose,C13H2N3O9,995.02,9.38,676.535,Carbohydrate
Caffeine,C10H12N0O10,70.14,N/A,603.367,Alkaloid
Glucose,C5H34N4O3,119.11,8.9,353.298,Organic Compound
Urea,C4H39N5O4,369.36,N/A,986.037,Nucleotide
Cholesterol,C16H32N5O9,524.9,N/A,250.134,Alcohol
Adrenaline,C11H7N2O5,57.42,7.92,205.638,Nucleotide
Serotonin,C11H37N4O7,397.42,N/A,940.68,Alcohol
Adenosine triphosphate,C9H3N3O8,413.49,11.62,100.309,Lipid
Caffeine,C3H18N5O5,58.31,7.49,812.189,Alkaloid
Ethanol,C17H17N2O7,470.43,11.45,901.429,Carbohydrate
Adrenaline,C5H3N5O10,243.7,N/A,158.51,Nucleotide
Urea,C14H15N1O3,306.56,13.94,846.45,Amide
Adrenaline,C16H32N2O10,457.47,3.9,993.429,Hormone
Urea,C4H10N2O10,364.85,2.54,752.917,Carbohydrate
Dopamine,C4H20N3O0,920.9,8.94,703.162,Organic Compound
Adenosine triphosphate,C17H39N2O5,730.25,7.2,285.936,Carbohydrate
Ethanol,C16H26N4O9,126.77,1.88,405.87,Amide
Cholesterol,C14H11N1O1,472.5,2.03,932.979,Alcohol
Aspirin,C20H29N4O2,805.7,6.12,156.554,Lipid
Glucose,C4H30N3O8,732.32,8.61,270.653,Lipid
Dopamine,C9H38N4O2,771.84,9.38,740.89,Alkaloid
Adrenaline,C1H23N1O10,106.45,N/A,840.588,Amide
Ethanol,C16H15N3O10,804.4,N/A,770.634,Amide
Adrenaline,C13H32N5O0,663.13,8.75,224.401,Hormone
Urea,C16H23N4O5,989.19,10.9,320.046,Carbohydrate
Adrenaline,C20H17N4O0,175.48,6.45,39.471,Carbohydrate
Cholesterol,C11H12N2O5,801.67,4.76,429.47,Alcohol
Adrenaline,C2H8N3O8,132.53,N/A,990.17,Alcohol
Adenosine triphosphate,C6H32N1O6,489.5,3.11,105.317,Nucleotide
Adenosine triphosphate,C5H10N3O0,628.16,4.4,346.911,Amide
Aspirin,C17H22N4O7,948.36,1.44,293.949,Hormone
Urea,C9H34N2O10,577.41,N/A,466.399,Alkaloid
Dopamine,C20H26N2O2,294.46,6.8,163.093,Alkaloid
Ethanol,C6H32N2O9,857.51,12.43,893.711,Neurotransmitter
Caffeine,C2H25N4O9,885.26,8.53,41.324,Neurotransmitter
Adenosine triphosphate,C18H3N5O9,380.02,5.49,862.293,Alcohol
Serotonin,C15H11N5O1,414.63,5.22,233.526,Carbohydrate
Urea,C7H28N2O2,603.84,6.39,815.965,Neurotransmitter
Caffeine,C9H5N1O5,404.34,4.77,600.905,Nucleotide
Adenosine triphosphate,C11H36N1O0,677.51,8.03,82.772,Neurotransmitter
Caffeine,C18H3N1O0,108.48,12.29,427.666,Nucleotide
Adenosine triphosphate,C19H36N1O5,477.64,13.92,582.76,Alcohol
Cholesterol,C15H9N3O2,293.88,1.82,912.402,Alcohol
Ethanol,C3H39N0O5,775.33,2.48,165.875,Alkaloid
Cholesterol,C15H21N2O9,631.02,N/A,739.275,Alcohol
Adrenaline,C20H27N0O0,630.14,9.46,588.448,Organic Compound
Ethanol,C3H25N5O9,221.26,3.79,373.381,Organic Compound
Serotonin,C10H40N4O3,181.68,10.82,295.522,Hormone
Ethanol,C9H33N1O2,106.19,2.8,500.617,Hormone
Adrenaline,C10H17N3O5,120.43,5.78,559.114,Alkaloid
Cholesterol,C14H34N0O3,816.48,N/A,980.343,Amide
Glucose,C20H3N5O10,531.82,8.23,108.92,Nucleotide
Adrenaline,C10H15N1O10,289.83,2.21,467.569,Amide
Serotonin,C9H35N1O6,788.4,5.74,390.08,Alcohol
Ethanol,C3H5N3O10,211.42,10.68,965.618,Organic Compound
Aspirin,C6H30N4O0,327.1,N/A,795.889,Hormone
Caffeine,C9H12N3O7,310.62,8.29,158.123,Amide
Adenosine triphosphate,C9H28N2O10,415.29,12.62,155.554,Alcohol
Adenosine triphosphate,C14H22N1O6,665.79,N/A,762.558,Alkaloid
Glucose,C12H19N5O10,545.78,6.83,944.14,Nucleotide
Caffeine,C11H35N5O10,835.28,4.73,103.828,Alkaloid
Dopamine,C4H2N4O0,417.79,13.37,154.843,Amide
Dopamine,C7H15N2O7,392.84,4.04,959.625,Hormone
Dopamine,C19H27N2O4,289.97,8.72,919.215,Lipid
Adrenaline,C17H8N1O9,852.99,6.54,687.84,Alcohol
Glucose,C16H16N0O10,485.91,8.28,40.401,Amide
Glucose,C16H31N2O3,612.38,2.31,631.43,Neurotransmitter
Serotonin,C15H40N3O4,674.6,N/A,637.581,Alcohol
Adenosine triphosphate,C20H23N3O10,265.29,2.0,489.294,Hormone
Ethanol,C19H39N5O7,94.14,1.07,23.394,Hormone
Serotonin,C6H11N0O5,248.69,6.47,212.625,Neurotransmitter
Aspirin,C16H27N2O3,807.82,8.09,310.264,Amide
Aspirin,C5H38N2O7,877.52,9.46,938.501,Neurotransmitter
Dopamine,C17H6N1O1,350.37,13.47,344.384,Carbohydrate
Ethanol,C10H22N1O9,287.82,10.36,815.395,Lipid
Dopamine,C1H26N5O5,384.89,12.73,484.492,Amide
Adenosine triphosphate,C6H16N2O2,335.12,7.73,290.116,Hormone
Aspirin,C18H28N0O6,981.44,6.0,510.12,Hormone
Adrenaline,C17H7N4O7,454.32,2.11,168.445,Alkaloid
Urea,C19H19N0O9,510.32,3.51,907.807,Nucleotide
Adenosine triphosphate,C19H6N3O10,494.87,11.27,24.209,Alkaloid
Glucose,C9H33N1O9,311.42,6.19,124.957,Alkaloid
Dopamine,C18H20N1O7,266.11,2.81,863.837,Neurotransmitter
Caffeine,C20H5N3O8,914.06,N/A,932.15,Neurotransmitter
Dopamine,C9H28N5O6,733.0,N/A,585.96,Hormone
Adenosine triphosphate,C2H35N5O10,280.26,2.16,825.116,Lipid
Dopamine,C14H2N2O8,663.36,N/A,462.328,Carbohydrate
Aspirin,C17H30N0O10,502.05,9.32,328.538,Lipid
Urea,C5H38N1O3,567.88,9.75,430.527,Alkaloid
Serotonin,C10H15N0O4,495.75,N/A,756.399,Amide
Caffeine,C18H11N1O8,79.69,4.96,833.178,Amide
Aspirin,C2H17N4O8,937.68,10.72,783.775,Hormone
Cholesterol,C10H32N5O8,876.76,7.26,574.58,Carbohydrate
Dopamine,C9H16N0O3,555.14,9.06,438.337,Alkaloid
Serotonin,C16H10N3O3,640.17,4.85,433.998,Hormone
Urea,C3H24N3O10,347.02,7.41,970.979,Amide
Adenosine triphosphate,C8H32N5O2,879.9,N/A,585.713,Alkaloid
Glucose,C18H29N5O3,116.13,5.14,428.134,Carbohydrate
Urea,C6H10N5O3,384.45,2.45,604.693,Lipid
Serotonin,C17H6N2O10,136.34,6.26,234.105,Alkaloid
Cholesterol,C2H23N4O3,880.21,2.68,428.759,Neurotransmitter
Urea,C14H2N1O3,342.36,5.95,328.198,Lipid
Glucose,C11H36N1O6,217.76,8.25,402.901,Lipid
Caffeine,C15H2N1O8,591.79,5.67,24.868,Lipid
Serotonin,C8H3N5O4,146.56,N/A,315.378,Alkaloid
Glucose,C7H5N5O6,882.28,11.37,43.485,Alkaloid
Urea,C6H6N2O3,883.48,10.19,401.848,Carbohydrate
Aspirin,C2H16N1O1,63.16,N/A,74.219,Hormone
Caffeine,C1H21N3O1,871.1,N/A,315.175,Neurotransmitter
Adrenaline,C16H37N5O6,977.75,8.66,135.084,Hormone
Caffeine,C13H20N2O0,517.06,N/A,31.271,Neurotransmitter
Aspirin,C15H33N5O3,343.77,N/A,74.802,Lipid
Cholesterol,C11H14N1O9,562.53,4.13,564.923,Amide
Adenosine triphosphate,C17H39N3O4,51.71,12.32,517.831,Hormone
Caffeine,C4H18N1O7,288.38,N/A,315.135,Carbohydrate
Serotonin,C9H5N4O2,709.25,5.13,424.293,Nucleotide
Caffeine,C13H9N1O2,101.39,4.62,759.732,Alkaloid
Urea,C4H38N5O8,848.25,2.26,3.432,Lipid
Adrenaline,C10H12N2O10,338.47,8.0,148.76,Neurotransmitter
Cholesterol,C17H32N3O2,484.79,N/A,759.398,Neurotransmitter
Urea,C9H39N4O7,889.57,2.52,609.539,Carbohydrate
Urea,C4H18N3O5,693.03,3.16,663.017,Hormone
Urea,C2H1N2O4,627.75,5.56,304.948,Amide
Serotonin,C10H20N0O4,696.25,1.3,523.676,Organic Compound
Aspirin,C17H34N1O3,177.49,1.29,481.937,Hormone
Adrenaline,C16H34N2O5,956.69,13.08,350.085,Lipid
Aspirin,C13H32N3O3,134.48,11.1,461.367,Nucleotide
Adrenaline,C16H6N5O8,280.32,4.89,130.007,Organic Compound
Ethanol,C3H27N0O9,527.63,N/A,34.964,Carbohydrate
Caffeine,C6H5N1O5,443.79,1.06,910.391,Alkaloid
Cholesterol,C1H5N3O0,121.92,10.76,101.723,Alcohol
Glucose,C7H11N4O9,206.13,3.11,826.851,Amide
Aspirin,C16H28N1O1,897.28,2.38,93.713,Alkaloid
Adenosine triphosphate,C19H27N4O5,857.86,5.67,461.663,Amide
Urea,C17H19N5O10,987.19,1.71,522.395,Carbohydrate
Adrenaline,C1H3N1O3,599.77,2.56,734.262,Hormone
Urea,C17H16N3O6,176.17,N/A,980.969,Lipid
Adrenaline,C14H28N5O7,347.75,12.85,521.498,Alcohol
Urea,C2H8N3O10,487.63,1.62,298.672,Alkaloid
Aspirin,C14H38N4O4,225.16,9.18,757.412,Organic Compound
Adenosine triphosphate,C12H26N4O6,896.61,4.68,760.1,Carbohydrate
Ethanol,C2H17N4O8,640.81,N/A,863.591,Alcohol
Serotonin,C2H23N0O4,266.27,9.07,307.031,Neurotransmitter
Urea,C19H35N3O6,950.96,13.31,281.159,Carbohydrate
Cholesterol,C8H36N1O5,253.14,2.54,887.704,Lipid
Ethanol,C16H21N4O2,260.92,2.51,828.005,Hormone
Dopamine,C17H4N5O0,219.26,2.38,488.182,Nucleotide
Ethanol,C20H24N0O0,392.36,13.94,204.776,Alcohol
Urea,C15H40N1O6,671.12,N/A,519.595,Alkaloid
Adenosine triphosphate,C6H13N5O4,964.39,9.3,894.713,Alcohol
Urea,C2H13N2O4,942.25,N/A,227.807,Organic Compound
Cholesterol,C15H2N2O7,561.43,12.77,244.004,Hormone
Dopamine,C4H4N2O0,984.75,N/A,282.424,Carbohydrate
Glucose,C17H35N3O9,862.95,12.57,47.006,Neurotransmitter
Cholesterol,C20H17N1O1,397.99,N/A,137.358,Alkaloid
Dopamine,C19H3N4O6,310.4,9.15,103.57,Nucleotide
Ethanol,C8H4N2O4,148.26,12.51,319.517,Alcohol
Adrenaline,C1H23N4O3,891.35,7.6,640.573,Carbohydrate
Glucose,C1H14N1O7,424.44,13.31,37.205,Neurotransmitter
Adenosine triphosphate,C2H13N3O3,264.2,6.68,772.766,Organic Compound
Glucose,C10H39N3O5,977.58,5.38,387.638,Neurotransmitter
Urea,C13H31N3O10,771.8,12.9,413.742,Carbohydrate
Ethanol,C17H31N1O10,617.89,4.19,36.301,Amide
Adenosine triphosphate,C14H3N1O2,233.18,2.82,35.769,Amide
Adrenaline,C6H11N5O6,58.72,2.93,707.59,Amide
Cholesterol,C16H37N3O9,788.23,10.11,752.966,Organic Compound
Aspirin,C20H16N4O6,554.16,4.36,174.407,Alkaloid
Aspirin,C2H38N3O8,70.88,6.5,878.286,Alcohol
Ethanol,C8H24N0O0,577.98,N/A,618.314,Neurotransmitter
Urea,C16H28N4O6,347.55,7.22,917.487,Alkaloid
Cholesterol,C20H13N2O10,400.53,9.1,207.234,Amide
Aspirin,C10H10N3O7,431.93,N/A,627.685,Lipid
Cholesterol,C8H4N2O8,345.72,12.68,148.349,Neurotransmitter
Caffeine,C9H18N2O9,592.47,9.13,309.523,Amide
Adenosine triphosphate,C9H14N2O7,915.08,12.98,466.815,Carbohydrate
Cholesterol,C9H27N5O7,245.3,8.05,633.569,Nucleotide
Urea,C6H8N0O0,549.58,3.9,530.751,Amide
Caffeine,C15H19N2O8,295.03,3.08,400.738,Hormone
Adrenaline,C15H40N1O4,724.66,3.42,98.364,Organic Compound
Aspirin,C20H15N2O1,155.32,11.33,969.567,Lipid
Aspirin,C15H22N3O0,219.42,11.04,542.084,Lipid
Dopamine,C9H6N2O6,614.5,9.27,606.012,Nucleotide
Serotonin,C17H26N2O10,237.72,8.41,439.495,Alkaloid
Cholesterol,C2H11N0O8,961.73,9.13,743.882,Organic Compound
Urea,C10H29N3O5,371.79,4.56,896.375,Lipid
Ethanol,C2H24N2O9,631.69,13.33,478.077,Hormone
Glucose,C17H34N5O3,875.7,9.63,797.208,Hormone
Serotonin,C12H22N1O2,883.78,11.32,586.427,Alcohol
Cholesterol,C13H1N4O7,700.61,13.66,742.306,Organic Compound
Urea,C16H24N2O10,248.08,5.98,638.124,Amide
Caffeine,C13H19N3O4,775.54,6.93,367.043,Organic Compound
Dopamine,C17H2N1O3,213.81,N/A,571.66,Organic Compound
Cholesterol,C1H5N0O1,901.2,N/A,386.605,Amide
Glucose,C10H23N1O5,807.1,N/A,708.782,Neurotransmitter
Serotonin,C13H8N4O5,103.14,1.42,400.693,Alcohol
Urea,C19H15N0O9,480.4,12.59,389.739,Organic Compound
Cholesterol,C20H25N3O5,962.1,9.41,534.857,Neurotransmitter
Cholesterol,C4H40N2O0,366.6,13.59,565.137,Organic Compound
Dopamine,C10H34N4O8,314.57,5.51,355.001,Lipid
Aspirin,C19H34N1O1,730.52,1.51,920.37,Organic Compound
Cholesterol,C6H31N1O1,330.41,1.46,882.888,Organic Compound
Serotonin,C10H7N0O9,607.12,11.76,635.268,Alkaloid
Ethanol,C6H26N3O9,71.57,N/A,578.205,Carbohydrate
Dopamine,C20H39N3O1,86.63,11.18,232.287,Alkaloid
Urea,C15H22N1O3,151.67,4.76,307.255,Amide
Aspirin,C3H4N4O9,217.42,3.53,975.411,Nucleotide
Serotonin,C9H13N3O9,641.25,2.94,488.453,Organic Compound
Urea,C12H28N2O10,782.45,N/A,974.661,Amide
Caffeine,C4H27N4O3,590.77,7.47,421.927,Alkaloid
Glucose,C15H28N1O10,554.08,7.8,472.519,Hormone
Urea,C9H3N0O2,281.58,N/A,195.266,Nucleotide
Urea,C10H18N4O4,889.38,6.03,272.905,Alkaloid
Glucose,C20H26N0O8,530.26,1.77,687.342,Hormone
Urea,C12H20N2O6,241.74,9.08,422.942,Neurotransmitter
Ethanol,C7H2N3O3,500.51,8.7,818.157,Carbohydrate
Adenosine triphosphate,C12H15N3O8,990.15,9.21,669.916,Alkaloid
Urea,C8H19N4O5,843.74,8.32,432.088,Neurotransmitter
Adrenaline,C19H4N3O7,473.04,N/A,261.408,Amide
Caffeine,C4H26N2O6,59.59,4.4,558.85,Nucleotide
Ethanol,C1H15N1O0,910.37,3.15,175.807,Lipid
Adenosine triphosphate,C9H15N3O0,866.29,1.0,931.586,Carbohydrate
Dopamine,C14H9N3O2,350.75,2.59,354.764,Neurotransmitter
Aspirin,C4H26N4O4,468.09,10.37,854.874,Carbohydrate
Adrenaline,C8H16N3O2,432.39,11.29,871.9,Carbohydrate
Adrenaline,C8H11N4O0,412.08,8.76,704.912,Alkaloid
Aspirin,C11H1N5O7,233.65,N/A,403.257,Organic Compound
Glucose,C10H34N1O7,369.01,8.36,444.887,Neurotransmitter
Dopamine,C10H3N3O1,446.52,N/A,769.772,Hormone
Adrenaline,C16H36N3O9,359.69,8.69,714.13,Carbohydrate
Dopamine,C11H4N3O5,968.13,12.56,501.197,Lipid
Glucose,C13H3N0O4,753.67,9.17,579.169,Hormone
Caffeine,C10H16N2O1,556.37,N/A,969.431,Hormone
Aspirin,C15H27N0O10,674.99,8.06,428.736,Neurotransmitter
Caffeine,C19H20N0O10,257.63,5.04,775.703,Alkaloid
Adrenaline,C12H2N0O4,663.58,2.69,200.615,Amide
Adenosine triphosphate,C8H27N4O1,182.59,N/A,635.449,Nucleotide
Aspirin,C17H14N0O4,660.82,7.33,509.289,Amide
Caffeine,C12H7N5O8,344.08,12.18,90.785,Alkaloid
Aspirin,C6H30N4O3,391.37,6.35,844.544,Alkaloid
Adrenaline,C18H8N2O1,152.16,13.53,672.46,Amide
Adrenaline,C19H39N1O1,94.56,N/A,78.13,Nucleotide
Caffeine,C7H31N0O4,351.04,13.62,548.549,Alcohol
Aspirin,C3H13N5O9,979.85,8.97,142.289,Amide
Aspirin,C20H27N3O10,474.09,6.55,407.616,Lipid
Caffeine,C4H20N0O1,650.78,5.36,608.137,Nucleotide
Cholesterol,C9H36N3O9,192.35,7.64,475.461,Nucleotide
Serotonin,C12H17N0O0,449.84,12.85,836.925,Amide
Urea,C5H22N2O9,141.44,10.08,158.973,Hormone
Dopamine,C8H14N5O1,397.45,12.16,108.499,Alcohol
Aspirin,C3H21N3O8,519.88,13.53,236.307,Organic Compound
Cholesterol,C18H3N4O0,932.15,N/A,992.023,Nucleotide
Glucose,C14H33N5O10,670.21,11.44,743.584,Carbohydrate
Caffeine,C4H19N0O10,447.01,1.06,836.438,Carbohydrate
Adrenaline,C6H6N1O3,896.37,5.26,620.185,Carbohydrate
Aspirin,C13H37N1O9,202.26,9.31,988.013,Organic Compound
Cholesterol,C6H15N5O10,689.15,5.49,88.455,Organic Compound
Serotonin,C14H29N3O8,204.07,9.8,966.417,Nucleotide
Caffeine,C8H15N4O2,748.24,13.78,785.728,Alkaloid
Dopamine,C13H14N4O6,822.1,N/A,405.738,Hormone
Ethanol,C15H29N3O6,805.72,13.53,448.65,Organic Compound
Glucose,C17H25N3O3,312.65,4.99,647.918,Alkaloid
Ethanol,C3H5N5O5,413.71,10.28,766.806,Alkaloid
Ethanol,C2H39N5O7,411.56,11.29,154.268,Lipid
Cholesterol,C1H33N2O0,679.15,2.22,587.999,Alcohol
Adrenaline,C13H19N4O2,73.96,10.39,819.288,Hormone
Glucose,C11H3N4O2,687.21,8.72,800.784,Nucleotide
Cholesterol,C15H1N5O1,249.01,2.38,35.885,Alcohol
Glucose,C12H28N5O0,131.64,2.16,633.383,Lipid
Adrenaline,C2H2N5O7,862.98,8.64,945.697,Carbohydrate
Adrenaline,C8H27N1O3,984.28,8.26,888.19,Lipid
Dopamine,C7H13N5O7,75.75,7.55,608.518,Neurotransmitter
Adenosine triphosphate,C14H10N0O4,802.04,N/A,615.882,Alkaloid
Urea,C4H16N0O10,149.95,N/A,492.785,Nucleotide
Dopamine,C15H23N3O3,255.17,11.2,0.872,Carbohydrate
Caffeine,C17H20N1O6,571.42,9.09,857.001,Nucleotide
Cholesterol,C4H30N4O7,413.05,6.91,591.274,Lipid
Aspirin,C19H23N1O9,478.11,5.85,251.284,Alcohol
Aspirin,C16H5N3O7,528.86,12.77,999.057,Neurotransmitter
Ethanol,C10H20N0O2,656.18,8.39,385.508,Hormone
Dopamine,C3H25N2O0,407.18,5.44,239.014,Alkaloid
Ethanol,C3H24N4O10,244.63,9.08,374.995,Hormone
Aspirin,C18H31N0O3,576.57,6.5,645.486,Organic Compound
Adenosine triphosphate,C2H34N3O6,359.71,3.68,679.863,Neurotransmitter
Cholesterol,C12H13N2O2,179.76,6.58,62.159,Lipid
Urea,C18H38N5O0,990.38,7.36,779.229,Organic Compound
Dopamine,C8H32N0O3,555.18,7.71,453.403,Alkaloid
Dopamine,C14H5N2O0,895.51,5.06,931.314,Alcohol
Caffeine,C14H12N2O6,391.87,4.64,578.789,Lipid
Cholesterol,C18H17N1O9,75.44,6.54,783.675,Organic Compound
Aspirin,C1H15N4O4,526.28,13.9,986.832,Hormone
Aspirin,C20H39N4O2,137.29,N/A,361.905,Alkaloid
Adrenaline,C19H30N5O3,974.95,1.88,853.01,Alkaloid
Caffeine,C4H29N0O5,498.21,10.6,564.801,Amide
Adenosine triphosphate,C12H11N5O9,590.73,11.59,21.207,Lipid
Dopamine,C8H4N1O8,775.59,8.72,648.347,Neurotransmitter
Cholesterol,C18H17N1O0,76.52,3.12,853.55,Alkaloid
Ethanol,C19H18N2O5,579.68,N/A,305.648,Organic Compound
Cholesterol,C20H9N0O3,588.44,8.9,733.056,Amide
Serotonin,C17H16N4O4,105.47,13.6,886.875,Organic Compound
Caffeine,C10H40N3O10,304.93,N/A,474.391,Alkaloid
Adenosine triphosphate,C2H27N4O4,227.95,N/A,626.334,Alcohol
Urea,C16H33N3O9,294.59,4.63,12.168,Nucleotide
Aspirin,C7H37N5O0,817.38,12.3,696.015,Alkaloid
Urea,C20H12N0O0,232.14,2.39,740.939,Alkaloid
Serotonin,C3H8N0O0,350.7,7.78,731.343,Organic Compound
Dopamine,C11H5N4O3,874.37,N/A,83.252,Lipid
Adrenaline,C10H15N5O0,405.29,2.81,403.812,Hormone
Dopamine,C6H20N4O2,344.52,7.73,513.071,Hormone
Serotonin,C19H12N0O4,346.9,N/A,753.521,Neurotransmitter
Caffeine,C10H40N5O5,82.19,11.84,970.179,Neurotransmitter
Caffeine,C7H19N1O7,923.35,10.94,185.46,Amide
Aspirin,C14H29N2O8,493.64,11.15,594.344,Hormone
Cholesterol,C15H15N2O8,453.9,7.31,324.589,Carbohydrate
Serotonin,C2H22N5O5,159.18,1.7,794.638,Neurotransmitter
Cholesterol,C3H3N4O0,985.02,4.76,213.602,Nucleotide
Caffeine,C3H13N2O7,845.21,3.86,443.326,Amide
Cholesterol,C4H27N0O0,739.77,6.24,825.094,Organic Compound
Serotonin,C6H21N1O1,172.63,13.45,549.871,Alcohol
Aspirin,C1H28N1O2,534.75,1.62,631.091,Carbohydrate
Urea,C17H26N5O9,182.97,1.69,996.102,Nucleotide
Dopamine,C13H5N3O3,134.25,N/A,131.582,Alcohol
Cholesterol,C19H1N5O10,314.87,8.55,525.469,Alcohol
Urea,C4H19N4O9,126.05,11.16,487.476,Neurotransmitter
Adenosine triphosphate,C20H29N5O4,155.33,7.6,679.725,Carbohydrate
Serotonin,C18H3N3O5,351.87,5.36,88.277,Amide
Caffeine,C13H25N0O4,511.54,N/A,417.749,Amide
Ethanol,C13H32N0O0,704.41,4.04,754.303,Nucleotide
Dopamine,C9H40N5O4,469.11,N/A,232.166,Neurotransmitter
Ethanol,C18H1N0O0,522.16,3.32,905.846,Nucleotide
Adrenaline,C20H18N1O5,755.87,N/A,576.294,Neurotransmitter
Ethanol,C19H17N0O5,328.82,14.0,55.438,Hormone
Caffeine,C15H25N2O9,144.24,N/A,705.497,Alcohol
Urea,C7H36N0O3,835.96,10.8,735.847,Amide
Urea,C10H2N4O6,452.87,12.79,596.256,Amide
Urea,C2H31N2O3,986.21,12.74,980.711,Alkaloid
Glucose,C8H31N2O8,771.87,9.96,910.469,Lipid
Caffeine,C6H35N1O4,315.42,13.92,140.767,Lipid
Ethanol,C10H37N1O9,683.23,11.23,546.456,Alcohol
Cholesterol,C15H37N5O9,930.74,11.38,210.851,Nucleotide
Adenosine triphosphate,C16H30N3O4,374.58,13.56,867.846,Amide
Adrenaline,C6H26N4O7,387.93,6.05,649.881,Alcohol
Ethanol,C7H8N2O7,794.07,2.5,509.216,Carbohydrate
Adenosine triphosphate,C8H36N1O6,367.92,N/A,794.783,Hormone
Cholesterol,C13H4N4O1,327.49,2.87,830.883,Hormone
Urea,C5H39N5O1,186.7,12.05,862.839,Organic Compound
Cholesterol,C4H1N4O10,616.27,5.24,475.857,Carbohydrate
Ethanol,C13H24N5O8,297.78,5.52,907.276,Lipid
Dopamine,C20H4N2O9,537.35,4.41,109.625,Alkaloid
Urea,C19H16N0O5,340.29,2.11,989.203,Neurotransmitter
Caffeine,C6H26N0O4,327.18,5.37,188.447,Lipid
Caffeine,C15H30N5O2,998.96,10.28,905.432,Amide
Adenosine triphosphate,C20H8N2O5,295.52,N/A,33.978,Nucleotide
Dopamine,C3H13N0O8,455.7,5.62,531.354,Nucleotide
Dopamine,C10H33N2O9,788.19,N/A,1.258,Alkaloid
Adenosine triphosphate,C1H16N2O5,774.48,7.32,74.498,Hormone
Urea,C9H2N2O5,552.8,13.73,163.677,Organic Compound
Glucose,C17H3N5O4,616.97,4.43,103.73,Neurotransmitter
Dopamine,C11H39N3O6,402.11,6.92,238.244,Alkaloid
Urea,C14H11N1O7,250.15,3.64,338.278,Alcohol
Urea,C8H9N1O8,217.59,11.46,99.07,Amide
Dopamine,C5H31N2O7,428.17,2.68,54.717,Nucleotide
Cholesterol,C16H11N3O6,633.65,N/A,888.653,Alcohol
Ethanol,C14H6N4O9,268.63,11.08,361.494,Alkaloid
Glucose,C19H10N3O7,587.52,3.79,169.577,Alkaloid
Aspirin,C1H8N2O9,689.1,2.44,25.564,Amide
Serotonin,C19H15N0O10,214.78,3.47,162.85,Neurotransmitter
Aspirin,C6H30N1O10,819.34,7.23,482.249,Hormone
Cholesterol,C3H23N4O4,589.88,8.51,415.841,Amide
Ethanol,C8H37N1O1,249.69,10.97,985.227,Nucleotide
Adrenaline,C5H33N1O9,554.13,13.62,363.027,Alkaloid
Dopamine,C10H15N5O2,776.91,10.84,115.797,Lipid
Cholesterol,C10H18N2O5,208.67,10.31,833.11,Organic Compound
Serotonin,C19H23N1O0,647.08,N/A,221.141,Nucleotide
Urea,C14H5N1O10,158.25,N/A,744.199,Alkaloid
Aspirin,C11H23N5O0,714.78,10.07,765.926,Lipid
Dopamine,C9H18N5O8,309.2,6.84,49.794,Lipid
Dopamine,C4H36N5O5,381.41,N/A,604.765,Organic Compound
Adenosine triphosphate,C8H11N0O1,907.32,11.42,157.193,Alcohol
Cholesterol,C13H14N2O9,907.1,8.89,779.596,Alcohol
Caffeine,C16H29N5O5,599.71,3.86,781.778,Lipid
Glucose,C18H7N5O7,100.52,N/A,930.978,Alcohol
Urea,C16H29N2O7,289.82,13.4,352.47,Organic Compound
Serotonin,C20H2N2O2,287.39,7.15,236.952,Neurotransmitter
Aspirin,C9H1N0O10,887.03,5.87,441.814,Lipid
Ethanol,C19H29N0O9,327.23,12.26,261.844,Organic Compound
Ethanol,C5H37N2O2,64.15,13.11,887.9,Carbohydrate
Ethanol,C20H20N5O5,195.09,N/A,902.087,Neurotransmitter
Ethanol,C19H9N3O6,78.72,N/A,641.405,Carbohydrate
Glucose,C3H13N5O7,232.01,2.0,50.756,Lipid
Serotonin,C1H38N0O1,81.55,2.54,394.602,Nucleotide
Adenosine triphosphate,C1H1N0O8,878.5,7.41,675.667,Hormone
Dopamine,C4H14N3O5,430.3,11.92,313.206,Organic Compound
Dopamine,C15H3N4O10,424.43,4.84,97.199,Alcohol
Cholesterol,C15H8N4O5,605.4,12.24,261.253,Carbohydrate
Serotonin,C20H30N1O1,556.12,12.25,280.598,Hormone
Ethanol,C19H14N5O3,378.23,6.44,289.908,Lipid
Urea,C18H5N2O3,564.93,N/A,960.761,Hormone
Cholesterol,C7H24N1O2,718.72,13.51,979.835,Neurotransmitter
Adrenaline,C3H33N1O7,245.33,6.84,151.309,Neurotransmitter
Glucose,C11H2N3O5,737.14,N/A,961.632,Neurotransmitter
Urea,C13H37N4O7,838.26,3.51,493.187,Nucleotide
Caffeine,C6H32N1O9,807.87,N/A,43.069,Alcohol
Adenosine triphosphate,C4H33N0O8,199.98,2.32,21.906,Amide
Ethanol,C7H25N4O7,766.88,13.92,838.389,Amide
Ethanol,C11H10N0O1,752.37,12.77,681.738,Organic Compound
Caffeine,C2H39N3O8,178.09,N/A,219.237,Lipid
Dopamine,C2H9N4O4,78.78,N/A,121.425,Alcohol
Urea,C10H16N1O5,405.23,11.02,664.369,Carbohydrate
Caffeine,C7H27N4O1,62.28,N/A,217.246,Hormone
Dopamine,C1H28N2O9,716.69,3.73,813.373,Alcohol
Cholesterol,C9H8N0O5,366.26,7.55,162.834,Lipid
Glucose,C3H2N2O10,242.58,3.81,776.302,Amide
Adenosine triphosphate,C7H34N4O5,160.81,3.55,649.718,Nucleotide
Aspirin,C13H5N4O8,233.49,11.13,144.386,Alkaloid
Urea,C8H5N2O8,886.12,N/A,899.327,Nucleotide
Glucose,C12H25N3O4,194.24,N/A,382.014,Carbohydrate
Ethanol,C11H39N4O1,986.71,13.05,132.25,Neurotransmitter
Aspirin,C9H16N0O3,372.53,6.89,355.946,Carbohydrate
Dopamine,C6H1N3O3,188.14,N/A,738.737,Alkaloid
Ethanol,C19H40N0O1,122.89,2.26,28.885,Alkaloid
Urea,C15H21N3O8,276.49,9.2,355.907,Neurotransmitter
Glucose,C19H5N2O9,189.8,13.16,594.067,Amide
Adrenaline,C19H38N2O0,794.9,6.08,119.171,Amide
Urea,C18H12N5O7,517.52,2.81,498.239,Lipid
Urea,C2H32N0O0,140.53,2.18,635.388,Alkaloid
Cholesterol,C19H5N1O3,123.03,8.27,22.757,Organic Compound
Adenosine triphosphate,C1H13N1O4,691.38,1.69,469.812,Alkaloid
Adenosine triphosphate,C7H4N1O6,354.97,13.97,478.343,Hormone
Urea,C11H6N5O4,173.74,9.17,41.886,Alcohol
Aspirin,C20H7N4O4,941.85,N/A,921.205,Lipid
Cholesterol,C9H6N2O7,931.54,2.12,430.916,Lipid
Aspirin,C8H4N1O9,456.0,7.94,685.082,Alcohol
Serotonin,C20H3N2O3,899.33,12.22,727.054,Amide
Adenosine triphosphate,C1H18N3O0,266.11,12.48,773.64,Amide
Serotonin,C14H17N0O8,841.73,13.52,976.583,Alkaloid
Glucose,C11H36N4O0,963.26,5.67,646.864,Alkaloid
Caffeine,C5H31N5O1,159.37,10.2,544.174,Nucleotide
Glucose,C18H14N0O2,374.25,12.26,378.895,Lipid
Urea,C2H34N0O7,121.39,4.47,550.501,Amide
Aspirin,C3H21N0O10,899.18,6.67,772.363,Alcohol
Adrenaline,C3H4N3O6,981.42,N/A,500.111,Nucleotide
Adenosine triphosphate,C14H31N2O10,856.97,10.4,346.232,Carbohydrate
Cholesterol,C20H10N2O3,166.0,10.09,994.592,Carbohydrate
Glucose,C1H16N2O1,729.65,7.35,336.123,Lipid
Dopamine,C3H35N0O9,272.88,11.15,827.61,Hormone
Adrenaline,C6H14N0O2,510.33,N/A,831.146,Alcohol
Dopamine,C6H39N5O5,299.82,5.7,680.658,Amide
Glucose,C11H16N2O6,606.54,11.74,0.681,Organic Compound
Dopamine,C13H23N5O1,75.68,11.83,724.088,Nucleotide
Aspirin,C15H25N2O10,124.98,13.94,279.338,Carbohydrate
Glucose,C20H28N1O3,508.91,12.78,15.998,Neurotransmitter
Urea,C11H28N4O4,993.17,N/A,130.296,Organic Compound
Urea,C12H13N1O1,130.67,11.1,795.812,Alkaloid
Urea,C9H30N5O2,104.05,7.28,723.841,Amide
Adenosine triphosphate,C14H37N0O7,441.91,13.71,166.568,Hormone
Ethanol,C12H23N1O10,560.4,5.52,576.242,Amide
Caffeine,C15H38N3O9,170.26,N/A,674.518,Alcohol
Urea,C9H35N3O3,203.38,10.64,401.562,Carbohydrate
Dopamine,C9H30N2O5,973.03,2.98,25.64,Organic Compound
Ethanol,C13H28N0O9,648.21,9.18,655.978,Neurotransmitter
Cholesterol,C5H1N5O3,439.15,7.16,503.985,Carbohydrate
Dopamine,C13H29N3O10,298.46,11.96,99.141,Organic Compound
Dopamine,C13H13N2O1,931.45,8.65,920.388,Amide
Cholesterol,C10H3N1O4,228.36,5.83,786.516,Hormone
Adenosine triphosphate,C18H30N5O6,198.9,N/A,945.606,Lipid
Glucose,C15H25N3O3,458.89,2.84,12.97,Lipid
Urea,C14H38N0O5,825.79,N/A,93.121,Lipid
Urea,C3H38N2O4,539.7,N/A,281.78,Lipid
Ethanol,C8H11N5O3,996.97,2.3,406.742,Neurotransmitter
Serotonin,C18H3N1O8,466.1,N/A,386.223,Organic Compound
Urea,C4H7N5O3,87.68,2.69,408.79,Lipid
Urea,C15H18N1O5,727.25,13.16,535.621,Alcohol
Serotonin,C9H5N1O8,661.69,4.69,610.28,Alkaloid
Cholesterol,C10H32N4O2,803.95,4.9,618.773,Alcohol
Caffeine,C3H32N0O6,895.25,11.94,652.982,Alkaloid
Caffeine,C15H28N1O9,574.49,1.0,949.188,Amide
Urea,C7H2N4O3,361.46,1.36,773.726,Hormone
Adenosine triphosphate,C3H37N1O6,294.3,11.01,781.133,Hormone
Cholesterol,C2H17N5O5,200.75,8.38,507.026,Organic Compound
Serotonin,C5H8N2O0,842.51,5.04,920.931,Nucleotide
Dopamine,C4H21N0O6,89.17,4.87,724.821,Lipid
Adrenaline,C17H11N3O6,447.17,3.42,164.533,Organic Compound
Glucose,C7H21N2O8,635.1,12.49,591.181,Amide
Adrenaline,C8H14N1O6,93.22,12.88,640.126,Alcohol
Glucose,C12H10N2O1,982.15,13.63,645.848,Organic Compound
Glucose,C12H16N2O4,439.48,1.0,248.849,Carbohydrate
Glucose,C17H3N5O0,226.93,13.2,388.506,Amide
Adenosine triphosphate,C10H25N2O7,720.46,13.1,555.958,Carbohydrate
Adrenaline,C2H36N5O10,832.48,13.16,789.21,Alcohol
Adrenaline,C10H11N1O5,421.23,N/A,200.332,Neurotransmitter
Glucose,C7H3N0O7,379.26,N/A,814.675,Alcohol
Aspirin,C2H29N5O4,713.38,4.27,246.851,Amide
Caffeine,C1H35N1O4,790.42,3.01,30.108,Carbohydrate
Cholesterol,C20H17N0O4,92.1,N/A,981.104,Hormone
Glucose,C2H16N0O3,241.27,9.61,618.254,Lipid
Urea,C19H32N2O1,360.7,2.98,101.702,Hormone
Dopamine,C19H5N3O0,470.43,N/A,114.802,Hormone
Adenosine triphosphate,C14H39N4O4,922.12,5.6,563.648,Organic Compound
Dopamine,C2H23N2O6,259.35,4.34,861.402,Lipid
Serotonin,C16H6N3O5,960.99,2.88,45.91,Hormone
Cholesterol,C16H16N1O4,900.77,N/A,840.633,Amide
Ethanol,C4H24N4O5,580.32,11.75,194.078,Alcohol
Adrenaline,C4H33N5O10,943.92,13.16,188.978,Alkaloid
Cholesterol,C7H39N2O9,425.37,7.43,741.293,Hormone
Ethanol,C7H3N1O4,487.33,4.81,622.666,Carbohydrate
Ethanol,C3H7N4O1,926.74,1.9,936.597,Hormone
Aspirin,C20H18N2O8,254.06,N/A,694.624,Alcohol
Glucose,C6H26N0O9,509.97,13.65,584.292,Alcohol
Urea,C18H22N5O9,385.35,11.47,618.241,Organic Compound
Glucose,C20H10N2O5,491.35,3.32,405.485,Carbohydrate
Cholesterol,C13H9N5O10,216.0,7.66,412.518,Hormone
Urea,C19H38N1O7,299.8,1.18,10.78,Carbohydrate
Caffeine,C20H39N0O9,805.48,3.74,458.512,Nucleotide
Dopamine,C20H16N3O2,411.42,3.39,443.464,Nucleotide
Caffeine,C8H19N3O9,409.9,11.08,848.139,Hormone
Glucose,C12H37N4O3,883.14,8.6,259.243,Alcohol
Urea,C17H7N1O6,313.27,6.63,489.794,Nucleotide
Aspirin,C8H36N4O3,703.16,9.06,816.609,Hormone
Aspirin,C8H38N4O9,730.05,1.98,31.48,Alkaloid
Serotonin,C19H26N3O3,529.88,8.63,901.367,Nucleotide
Cholesterol,C20H33N0O1,535.64,1.45,698.21,Organic Compound
Serotonin,C4H40N2O7,861.61,2.33,668.022,Alkaloid
Serotonin,C17H3N3O10,237.92,4.84,612.655,Carbohydrate
Glucose,C17H35N0O5,984.67,3.35,558.072,Alcohol
Serotonin,C12H14N2O8,620.69,10.47,410.459,Alcohol
Glucose,C20H6N3O2,631.09,N/A,394.537,Carbohydrate
Aspirin,C5H22N1O4,513.04,1.26,640.177,Neurotransmitter
Aspirin,C9H14N1O0,433.51,9.63,368.765,Nucleotide
Ethanol,C20H25N4O2,723.78,11.31,927.025,Alkaloid
Ethanol,C20H7N4O4,821.49,10.06,952.566,Hormone
Caffeine,C1H9N1O9,782.1,5.67,607.58,Lipid
Glucose,C15H3N5O2,453.78,3.54,933.393,Neurotransmitter
Adenosine triphosphate,C10H25N5O5,548.37,N/A,727.839,Nucleotide
Glucose,C7H13N5O7,391.31,N/A,349.32,Amide
Aspirin,C4H11N5O9,370.32,4.61,647.565,Hormone
Adenosine triphosphate,C19H39N2O4,428.16,4.96,419.984,Lipid
Serotonin,C10H4N3O4,98.25,6.69,81.679,Lipid
Caffeine,C3H27N0O3,903.12,3.32,674.826,Hormone
Adrenaline,C20H23N1O8,123.04,6.14,881.393,Alcohol
Caffeine,C15H12N5O2,936.5,13.77,968.052,Organic Compound
Adrenaline,C6H28N4O5,170.95,11.5,807.811,Lipid
Urea,C7H9N4O10,206.66,2.95,71.228,Hormone
Urea,C9H19N1O4,997.66,5.02,688.041,Nucleotide
Ethanol,C10H8N4O5,541.19,2.61,626.312,Alcohol
Ethanol,C14H13N5O7,504.76,4.29,610.876,Neurotransmitter
Caffeine,C12H32N1O8,887.7,2.02,1.541,Alcohol
Ethanol,C16H16N1O4,197.56,5.32,691.917,Nucleotide
Urea,C8H9N5O2,605.34,9.13,85.368,Carbohydrate
Caffeine,C5H6N1O3,627.76,12.42,638.637,Lipid
