species,latitude,longitude,population,date,habitat
Rule fish,-70.723402,30.001713,51934,2017-01-01,Desert
Themselves provide,78.02388,101.391562,41405,2021-05-05,Marine
Pressure personal,-47.486731,104.023788,57624,2021-05-27,Tundra
Staff staff,-41.15502,57.684401,96492,2020-09-20,Marine
Next process,-37.074238,-115.878569,77566,2020-10-04,Urban
Agreement civil,-68.275588,117.412405,36966,2021-01-30,Wetland
Mission foot,-20.361365,-78.576325,33385,2017-01-26,Wetland
Camera hit,32.170513,102.503611,307,2018-06-21,Desert
Source strong,63.908505,-177.331826,26490,2024-04-20,Grassland
See let,58.379981,177.019673,84118,2023-04-08,Grassland
Reduce too,45.915581,-19.462815,12654,2026-02-24,Freshwater
Claim bad,-7.556651,165.981234,52275,2022-10-02,Tundra
Democrat film,35.426426,160.869043,5228,2025-09-22,Urban
Go than,-31.447182,-136.12773,35605,2023-10-11,Grassland
Each especially,75.854941,-108.885077,3479,2018-02-24,Wetland
Piece us,85.450413,-142.936442,25284,2024-11-01,Freshwater
Together technology,-3.615366,165.979386,69521,2018-05-20,Desert
Station image,89.321686,-71.167972,13235,2023-07-26,Tundra
Bag film,-39.833684,137.663568,34756,2021-11-02,Desert
Manager design,-14.165792,115.814408,95412,2025-01-12,Urban
Smile arm,68.289399,70.17268,72680,2022-04-20,Wetland
War rate,-19.369851,-114.524908,14176,2021-01-12,Desert
Listen blue,-78.768884,156.595245,36977,2022-06-04,Freshwater
Cut chair,-29.015864,-65.688577,26780,2018-03-11,Tundra
Fast natural,30.061431,-152.772595,28317,2025-08-11,Urban
Door ahead,47.06999,-147.820994,92792,2024-12-19,Freshwater
Year case,75.863116,141.99943,71815,2023-02-12,Forest
Number firm,75.322429,-2.613971,85451,2017-07-31,Grassland
Art marriage,2.938707,123.780875,55241,2020-04-28,Wetland
Sound nothing,-84.187621,51.578768,31381,2021-11-30,Grassland
Plan at,-84.420022,66.756091,40314,2019-06-20,Desert
Worry eye,19.399979,-103.680297,25596,2017-02-16,Grassland
Military group,75.303383,141.313948,97459,2021-09-09,Freshwater
Off too,-87.972287,-7.105057,86676,2017-03-16,Freshwater
Mission hear,17.433703,154.931718,85328,2020-07-17,Grassland
Page western,-83.970185,-78.436683,99141,2016-08-27,Urban
Alone likely,-19.502404,107.238372,66209,2025-11-06,Grassland
Improve clearly,-22.308017,111.015123,63311,2020-12-22,Desert
Single their,-73.528297,118.282591,16032,2021-01-26,Tundra
Information experience,81.869884,174.786815,74741,2025-03-02,Urban
Anything respond,-61.933844,-25.322756,58525,2025-01-31,Forest
Appear place,34.146148,148.572519,80405,2021-08-05,Tundra
Sound employee,-28.737186,75.130583,36936,2018-06-25,Marine
Attack try,36.054039,-1.609594,49805,2021-05-15,Freshwater
Allow ready,-53.024848,114.644299,20294,2018-01-28,Urban
Season moment,-59.791199,-157.824239,17756,2020-10-17,Desert
Election that,53.515101,128.276272,23908,2023-09-03,Grassland
City read,-66.243296,64.277957,7796,2025-05-04,Urban
Now coach,85.574094,111.411451,81642,2019-09-11,Grassland
Find drug,-40.628232,24.546985,70599,2022-10-31,Urban
Stop itself,-48.850906,-127.606205,63336,2020-07-15,Marine
Capital lose,-31.504698,131.73696,13420,2025-10-07,Urban
Fine Democrat,84.463423,108.770244,47061,2024-03-22,Desert
Cup wall,59.253679,57.056229,14423,2018-04-06,Freshwater
Control order,-26.193636,169.065847,71557,2022-12-19,Tundra
Economy election,-49.994815,-35.587985,85464,2017-10-30,Marine
Summer begin,66.210317,-74.470912,97563,2022-09-29,Urban
Share past,39.289055,-59.532373,1339,2018-01-14,Marine
World official,-19.06594,-59.215913,90344,2026-06-27,Urban
Prove information,-85.5178,-3.963415,81860,2021-01-25,Marine
Pay bank,75.628861,72.758847,90092,2017-05-14,Freshwater
Time main,3.678117,114.879748,6834,2026-04-17,Marine
Best measure,-50.686786,53.607951,42636,2023-01-25,Grassland
Month exactly,-64.048677,12.82704,15904,2020-07-27,Tundra
First couple,19.806469,81.51808,42270,2025-01-04,Forest
Home or,40.312814,-1.249097,35491,2020-05-15,Freshwater
Civil center,-48.338146,-133.352837,81783,2017-02-17,Marine
Because more,79.137302,62.025714,57803,2023-11-09,Urban
Dinner perform,22.057605,57.974664,9235,2023-07-28,Forest
Ground husband,64.683929,-57.884467,48380,2026-04-25,Forest
Show same,40.040259,45.3442,36134,2026-04-08,Urban
Great fight,-57.460469,164.064134,84752,2026-04-16,Marine
Cell degree,12.049424,46.65468,92823,2026-03-24,Urban
Build serve,-5.844096,88.395793,97861,2023-07-27,Freshwater
Since raise,2.061433,-89.157066,37327,2019-03-05,Freshwater
Thought great,82.059109,-9.416736,50115,2017-04-15,Desert
Goal get,-43.735118,-65.425477,37373,2017-04-20,Wetland
Ahead sport,-46.274198,143.736498,4008,2020-07-04,Forest
Charge career,83.050084,-91.471244,2085,2022-05-30,Marine
Event hundred,10.346927,-12.133009,63880,2018-09-26,Desert
Expect language,31.327403,-176.805603,13883,2022-07-19,Grassland
Question black,-60.398605,22.583546,44991,2020-03-18,Wetland
Suddenly arm,-80.601018,80.683961,24095,2020-07-31,Forest
Move guy,-17.054188,120.19338,90305,2024-09-08,Desert
Officer cold,-8.38014,-152.884939,6778,2018-02-17,Forest
Stand until,-12.757403,119.941451,94911,2025-04-01,Wetland
Instead responsibility,83.00019,37.893207,493,2026-05-20,Forest
Section establish,11.113585,-147.854851,69698,2025-08-11,Wetland
Major whom,-21.862113,-76.498123,47242,2026-01-23,Tundra
Heavy why,87.026127,-128.678324,44111,2016-08-03,Forest
Whether current,-68.888904,-57.534958,23971,2021-09-08,Grassland
Store audience,-66.121673,6.946104,24019,2022-09-30,Marine
Quality glass,18.7497,134.711461,55016,2020-08-28,Grassland
Pressure series,-12.791186,97.352066,1024,2024-10-26,Desert
Around by,-64.355308,34.507682,41996,2021-03-12,Wetland
Media sure,44.883653,92.978947,66436,2022-10-07,Desert
Hope town,17.350048,-67.826355,44522,2026-03-19,Grassland
Religious walk,-16.318331,-134.22508,27251,2023-12-12,Urban
Others economic,-86.042609,-68.774575,8792,2020-05-21,Freshwater
Sometimes into,-47.006424,-158.120827,19797,2021-02-12,Wetland
Vote prevent,33.107512,-143.114014,63199,2023-06-22,Marine
Method former,-82.018832,-35.21582,26184,2023-05-21,Wetland
Without prepare,-85.106792,6.34323,45883,2024-12-31,Desert
Yet their,-31.582788,-155.861657,1153,2021-05-27,Tundra
Very image,23.510844,-149.974474,61650,2026-06-14,Urban
Challenge live,12.564907,46.424576,39219,2024-02-18,Urban
Scientist central,44.88261,69.596377,67963,2020-10-15,Tundra
College cover,-10.474519,-83.66449,71841,2020-06-26,Desert
Bed policy,-35.791933,-68.233708,3527,2023-07-22,Desert
Various road,51.784736,-16.849415,20518,2022-03-03,Urban
Sound sometimes,43.971676,15.25187,72064,2020-02-19,Marine
Image agreement,-21.761242,-36.012291,30887,2019-07-30,Desert
Indeed agency,-12.724445,-63.530608,55922,2019-02-21,Forest
Pressure rise,-89.731105,-106.567288,40602,2020-01-18,Desert
Turn herself,-15.75815,-96.036102,67434,2019-08-17,Forest
Instead open,-84.539854,-59.781706,38028,2021-02-18,Freshwater
Give most,35.940095,-88.240985,33951,2019-08-19,Tundra
Eat treat,-3.544222,-171.724115,51484,2016-12-28,Desert
No charge,-82.195922,-140.506476,49164,2019-04-25,Desert
Challenge discover,53.063398,-17.617353,65002,2024-01-10,Forest
Collection institution,10.166186,136.856545,11650,2020-03-09,Tundra
Region market,12.280646,128.573939,93933,2017-07-04,Marine
Newspaper student,28.538882,-144.653576,52841,2020-08-11,Desert
Increase to,8.644812,-36.774654,81486,2024-12-29,Marine
According Mrs,-68.005746,-37.147965,31462,2020-03-27,Marine
Key do,-27.334543,3.562006,34120,2020-02-03,Desert
Nice scientist,-48.218218,111.729355,34209,2024-10-15,Forest
Worker adult,62.098982,39.862883,3140,2020-12-26,Desert
Strong exist,5.283905,-8.913554,98443,2023-11-16,Marine
Wish process,15.369211,8.691573,46735,2021-08-05,Freshwater
Company focus,-13.464999,-138.424798,36556,2019-12-06,Forest
Whatever defense,36.483928,0.850699,69448,2020-03-04,Urban
Indicate site,22.267815,-118.685723,64918,2017-06-29,Forest
Mrs growth,34.14421,-123.331332,67932,2025-02-13,Grassland
Able defense,64.948387,7.20502,58209,2019-09-03,Desert
Order western,8.457852,148.852427,69234,2024-11-11,Tundra
Cost phone,43.060322,-35.977061,49517,2023-04-17,Desert
They our,51.258409,159.613931,55816,2021-04-13,Urban
Among music,-52.279399,100.813986,74704,2023-06-10,Urban
Space debate,69.366747,169.529007,15878,2020-09-08,Tundra
Hundred exactly,22.296678,156.972131,74401,2020-09-19,Freshwater
If teacher,86.911102,58.739682,1180,2025-01-06,Wetland
Deep say,-88.272609,84.636033,51435,2021-01-10,Desert
Fund parent,-25.969439,179.225294,84955,2017-10-13,Forest
Receive feel,-57.771473,-86.619086,27492,2019-06-09,Forest
Republican fast,-40.909166,156.26388,87173,2017-02-09,Freshwater
Thousand include,85.377023,128.874674,43281,2021-09-07,Freshwater
Direction will,70.873454,-27.048045,88246,2026-06-26,Freshwater
Establish affect,11.717177,-7.98324,58448,2024-09-16,Desert
Drive trade,-6.786673,42.08424,28756,2021-03-16,Grassland
Air mind,-49.084295,20.623439,25130,2021-08-23,Marine
Thousand science,49.491188,170.916497,91710,2025-04-20,Wetland
Sea since,74.619392,-17.424803,82463,2016-11-06,Grassland
Sort it,-41.211442,-1.25509,65241,2023-02-10,Forest
Assume accept,15.106597,85.210905,75618,2018-03-16,Urban
Mind blue,-72.393362,-133.920563,57474,2016-11-01,Freshwater
Along better,64.383584,-73.115551,34194,2022-01-01,Wetland
Ten television,46.378347,-14.151828,95874,2025-01-11,Grassland
Give sound,75.098758,-129.142507,51211,2023-09-25,Desert
Military ten,42.078247,-62.76491,75485,2025-09-02,Marine
Enough try,-35.037237,-27.735713,52705,2017-10-30,Freshwater
Agency mention,-79.181559,47.036896,13465,2025-10-10,Forest
Risk its,15.363746,-66.336143,25224,2017-05-03,Freshwater
Walk their,29.605589,35.401334,94867,2017-12-21,Urban
Gun feel,31.459575,73.132936,49757,2022-07-02,Freshwater
Rich customer,-27.300531,-149.171773,50960,2020-07-22,Forest
Thought later,24.549761,-19.894683,32098,2020-01-15,Marine
Section government,-10.029955,22.137344,71857,2021-05-26,Urban
Scene agent,-83.254772,33.630513,70451,2019-04-03,Urban
Me develop,61.054841,-108.625266,76576,2022-08-20,Urban
Candidate baby,-79.044828,87.273928,39381,2019-12-14,Urban
Accept hold,27.204016,52.384498,75901,2022-07-25,Desert
Force ball,70.223871,-72.142929,31511,2018-02-26,Desert
Three reality,-31.817606,48.076626,98911,2025-03-05,Forest
Show foot,-35.742911,130.29547,33067,2022-11-09,Freshwater
Find hear,-1.145776,97.812662,58442,2020-03-13,Freshwater
Although store,63.399318,45.352938,42751,2022-10-11,Grassland
Father expert,21.021089,167.271424,53138,2023-01-10,Freshwater
Save seek,-60.861106,116.136747,30648,2023-09-07,Urban
Foreign law,21.491717,24.58711,85871,2019-07-20,Marine
Miss property,25.025678,-71.409941,99217,2017-09-26,Freshwater
After ready,56.079472,-96.534023,33061,2026-07-03,Desert
Report either,-74.716485,-177.546387,14760,2019-10-19,Desert
May total,9.606048,112.878927,77687,2020-07-05,Urban
Study perform,-37.273284,91.519567,91213,2022-03-03,Grassland
Ok traditional,50.227228,24.153517,60264,2026-05-23,Desert
Magazine establish,-28.370266,-138.176771,75796,2021-05-03,Desert
Able month,-40.614601,-50.388653,30963,2026-01-23,Marine
Course place,69.218083,-137.881244,98444,2020-08-25,Forest
Color instead,-3.321954,119.801819,91800,2021-11-26,Freshwater
Pretty affect,-11.430701,-38.06693,84387,2020-05-09,Urban
Late very,31.289597,-103.813239,82879,2019-09-09,Tundra
Later bag,-76.919383,98.262848,47449,2017-10-22,Forest
Skin challenge,50.292484,99.168113,1694,2021-10-30,Urban
Kid yourself,24.54364,157.18477,62738,2024-06-06,Tundra
Ten possible,-77.509336,-179.186356,33541,2017-05-07,Tundra
Piece artist,52.054102,-76.625239,25242,2023-03-27,Freshwater
Window any,-61.437582,144.496267,3442,2021-05-15,Freshwater
Create moment,-26.757332,-172.193061,10110,2021-02-09,Grassland
Town industry,-58.143329,-13.400567,17962,2018-08-09,Marine
Every high,-88.717369,-44.554236,93735,2022-11-04,Wetland
Move unit,-20.988732,-67.86917,10783,2025-02-27,Forest
Lose write,-64.20663,171.565238,3392,2022-08-11,Desert
Good figure,68.611626,53.569629,70954,2019-01-16,Desert
Board region,-32.129028,29.461707,78157,2023-04-06,Tundra
Example political,-67.727479,34.281426,42297,2025-08-22,Grassland
Bag send,-58.643478,-151.299652,12167,2017-06-07,Wetland
Set local,-8.434492,135.127122,43199,2020-10-13,Tundra
Spring forward,-51.731445,170.999369,6681,2019-11-06,Freshwater
Guy summer,-16.56872,-179.960828,24942,2022-12-01,Marine
On bring,-57.395926,115.038492,48606,2016-07-23,Tundra
During culture,-38.415524,-2.9108,21661,2021-07-22,Desert
Democratic from,-30.634296,15.513915,4960,2018-05-19,Wetland
Himself in,-5.755961,110.012138,63449,2026-03-02,Urban
Feeling thought,51.380155,-89.965212,63517,2019-04-14,Freshwater
Turn amount,78.562049,-9.347237,76476,2020-12-20,Wetland
Trial film,-18.062605,-64.410981,23983,2017-08-27,Grassland
Police along,-77.898089,156.204821,52497,2022-08-19,Urban
American design,79.49854,130.515655,80232,2021-12-20,Wetland
Free story,21.83529,142.483693,43115,2025-02-22,Marine
Book fight,-5.920448,159.555591,2340,2022-04-09,Grassland
Huge middle,20.724963,148.727561,45380,2020-01-02,Tundra
Audience so,-7.351062,-80.563652,72095,2017-04-01,Marine
Result cover,-46.053308,72.610627,30416,2022-09-21,Desert
Off team,68.250257,-141.231837,59884,2020-12-01,Grassland
Get hold,89.922127,70.657097,1558,2021-06-13,Forest
Quickly sort,-58.479097,164.720998,87020,2025-02-25,Urban
Hundred eat,-13.459018,-142.317699,40395,2018-11-07,Desert
Address reduce,-61.798744,-22.363759,80482,2017-07-11,Grassland
Quickly evening,-82.552728,-130.543857,22989,2020-12-05,Urban
Security growth,6.425221,42.709046,37633,2025-09-03,Urban
Let ever,-67.328684,-70.480261,29252,2016-12-21,Desert
Tree who,-28.454722,169.481457,91015,2023-03-10,Forest
Step teach,71.334722,-28.521091,97592,2023-05-10,Forest
Yet hear,-29.351741,6.154733,72459,2026-06-06,Urban
Part article,27.829627,-91.440609,45334,2022-06-07,Forest
Foreign tend,-49.346864,-2.804799,67238,2026-03-30,Wetland
High Republican,82.265108,2.045801,27458,2020-12-01,Tundra
Like significant,45.220581,-47.717608,13278,2020-02-13,Desert
Any analysis,-54.749251,67.842975,79198,2019-02-06,Freshwater
Every trade,87.417535,-17.123316,4868,2022-01-23,Desert
Whole score,-24.297411,46.359821,57456,2024-09-17,Grassland
Tend there,-38.233233,71.538275,26659,2023-08-21,Urban
Exist body,24.684685,178.048301,33806,2016-08-03,Forest
Thousand artist,-75.621922,178.418586,83580,2022-12-01,Grassland
Board mission,51.120979,-51.109482,56793,2019-10-25,Desert
Course show,35.648829,39.468392,25298,2023-12-31,Tundra
Oil garden,-0.918834,97.082914,77463,2017-12-26,Grassland
Eight similar,4.856468,-163.818644,30030,2021-10-15,Tundra
Even car,57.978777,153.144904,90847,2020-08-23,Marine
Test partner,-52.732522,-33.880178,32394,2024-10-10,Marine
Play admit,-28.503193,-124.1604,11359,2025-11-02,Freshwater
Life attack,25.800067,-63.336338,44900,2017-01-12,Tundra
Trade car,5.948076,64.873547,38086,2019-09-04,Grassland
Attention past,-48.652379,-29.308872,21201,2021-02-01,Urban
Drop bed,-87.183682,13.870264,8611,2016-11-25,Tundra
Might kid,-40.168031,30.231848,48550,2021-09-20,Wetland
Wait look,62.798105,-44.461266,7555,2024-01-15,Grassland
Range this,19.733926,97.22507,83665,2021-05-29,Wetland
Risk establish,-32.998498,-138.346661,4176,2026-06-03,Grassland
Condition truth,6.489144,-141.376631,64901,2023-11-05,Forest
Could task,88.719282,-35.404368,52102,2017-03-04,Tundra
Us southern,-39.268388,-178.168183,5119,2020-09-24,Desert
History entire,-25.90657,179.963131,8168,2018-06-19,Grassland
Bank heavy,72.308163,2.260787,37641,2019-01-23,Wetland
Drug lot,71.872152,-168.934666,70781,2023-07-19,Tundra
Follow sister,-33.72274,175.708596,42570,2020-11-14,Grassland
Home big,75.7567,-45.027369,33035,2022-07-17,Grassland
Half owner,57.541284,-49.067066,17309,2022-01-04,Marine
Try about,68.251123,-42.953444,10066,2023-12-06,Marine
Character a,-88.666468,-72.880988,53915,2021-05-22,Urban
Under point,-35.925043,-167.494252,83073,2022-12-15,Marine
Type fire,-79.280298,142.574119,82347,2025-08-07,Desert
Probably few,8.315573,-128.831404,4715,2017-10-22,Tundra
Human performance,-76.779515,149.988527,62787,2019-10-22,Wetland
Reality president,-74.737533,36.491338,57376,2019-08-10,Freshwater
Line station,61.339845,-89.516023,3639,2020-07-10,Wetland
Training past,-76.009591,-92.193253,96551,2017-11-21,Wetland
Fly industry,13.88819,99.121318,10205,2019-09-05,Grassland
Her process,31.421173,-125.906125,43763,2025-08-20,Marine
Site week,-35.600921,-40.645045,20493,2025-02-27,Wetland
Military specific,-28.954697,21.222982,52686,2021-12-29,Wetland
Around seek,-68.60707,-131.579347,72565,2019-04-14,Freshwater
Business management,36.557538,46.669673,89918,2025-11-04,Urban
Bill seven,33.086685,56.768031,43826,2018-10-18,Desert
Figure even,51.273006,-99.19374,49393,2023-05-22,Marine
Ten adult,56.597431,62.040061,91930,2022-07-27,Urban
Offer people,-73.598739,174.219212,27183,2019-06-23,Desert
Money democratic,-55.375475,-29.233247,10208,2025-01-17,Desert
Who notice,42.89899,53.286258,38056,2016-09-19,Tundra
Store hair,-18.584731,-169.133271,2580,2025-07-08,Freshwater
Write need,-62.149876,-57.506042,47892,2021-03-28,Urban
Could bring,-81.207352,-115.82443,92103,2017-08-23,Urban
Fall relationship,15.429316,146.168073,2682,2016-11-27,Marine
Author window,62.660235,137.478478,88708,2017-07-20,Urban
Exist these,-78.463084,76.941727,2010,2025-07-26,Freshwater
Consumer national,51.00317,119.310843,44287,2023-02-05,Tundra
Buy by,34.037999,40.184879,46721,2026-07-09,Tundra
Region interest,29.179856,-90.614339,62931,2025-07-10,Grassland
Number common,-48.191995,44.276562,54075,2022-05-14,Freshwater
Participant develop,0.262807,10.368673,12306,2017-10-12,Grassland
Catch right,1.538757,125.86186,43741,2018-04-20,Urban
Technology anyone,34.651959,147.45833,763,2022-01-03,Marine
Growth tree,-33.185781,-38.239614,25404,2018-01-01,Urban
Nation represent,29.728653,54.534481,98582,2022-06-03,Wetland
Difficult performance,-87.836789,-165.778083,95206,2024-11-03,Forest
Hand kind,18.126469,18.940815,22186,2024-01-02,Wetland
Your president,61.736339,57.025252,12612,2023-05-08,Grassland
Campaign agree,69.509111,-128.602742,97364,2026-03-03,Grassland
Listen catch,-11.772391,69.827572,86053,2023-04-10,Urban
Best yourself,76.381409,-102.481036,72181,2021-05-05,Tundra
Blood board,42.935341,148.900086,69926,2020-05-06,Urban
Employee animal,-61.25959,18.466551,45790,2024-04-04,Grassland
Performance right,18.30863,-27.929172,86240,2021-11-12,Tundra
Return along,-35.12801,81.451069,18351,2026-04-21,Freshwater
Describe describe,35.729106,97.944508,18374,2018-08-27,Marine
Too theory,-30.810358,109.053869,28912,2025-09-27,Tundra
Interest two,48.865351,7.739769,46449,2019-11-01,Freshwater
Spend risk,-68.164738,-157.368474,94183,2023-10-03,Marine
Most approach,50.681286,38.182724,17946,2024-05-30,Urban
Environmental alone,76.809887,12.809793,42145,2022-03-06,Grassland
Light draw,-24.428783,-21.203201,54306,2021-12-17,Forest
Head no,-26.78217,89.081221,71556,2024-10-16,Freshwater
Good wonder,42.160301,-64.614327,75649,2021-08-23,Grassland
Game win,-31.288145,-165.810097,1789,2020-04-29,Tundra
Thousand candidate,-12.444366,141.704997,82715,2019-06-17,Urban
Meeting work,54.490834,-164.044418,54157,2021-03-04,Urban
Interview student,22.588854,-6.686333,40047,2024-11-21,Urban
Successful music,-33.268172,118.424511,54484,2024-02-25,Forest
Marriage worker,-76.199015,164.38856,27535,2020-07-10,Forest
Executive half,-17.623472,-47.007226,58013,2022-09-10,Grassland
Away book,23.578707,-122.942561,82379,2021-02-28,Freshwater
Spring Democrat,-79.684771,-167.734307,61243,2020-12-06,Freshwater
Opportunity magazine,17.402468,100.135893,75371,2022-10-28,Grassland
Set medical,61.881056,-172.408983,72060,2024-12-21,Freshwater
Oil able,-77.656984,114.838129,16588,2023-05-21,Marine
Able similar,66.348146,50.95377,77245,2021-03-11,Forest
Go response,44.301734,50.499048,21716,2018-08-17,Tundra
Cause middle,0.969055,-2.1472,90631,2023-02-24,Grassland
Morning toward,6.511013,147.548451,89511,2026-02-03,Marine
Bar same,-89.444686,-117.719949,20626,2020-06-29,Freshwater
Chance model,-26.699834,177.472149,64718,2016-08-04,Marine
Now music,-16.327538,-164.837719,66279,2018-05-20,Marine
Throughout candidate,5.488953,100.207199,50937,2024-03-20,Desert
This value,-64.296036,-167.10012,89653,2019-10-23,Wetland
Main dark,17.591444,63.95304,86046,2020-05-01,Wetland
Serious chance,-64.007101,143.668351,78433,2019-06-16,Forest
Operation mission,4.053299,-95.065272,13233,2019-09-22,Forest
Eye arm,46.315256,142.587374,8143,2024-08-22,Marine
Hope side,-5.882674,60.637592,19284,2023-03-13,Freshwater
Huge drug,23.682877,47.812928,1777,2024-11-05,Forest
Low space,-3.423587,-176.106532,12805,2023-04-24,Grassland
Would even,-27.171279,56.153458,59884,2017-02-26,Desert
Visit him,63.822959,-47.459561,50407,2018-04-26,Marine
Everybody bring,37.293573,161.426777,66059,2023-02-22,Wetland
Very floor,-27.884019,179.670156,50127,2021-02-15,Marine
Road foot,23.036267,-79.280142,12560,2019-09-20,Forest
Pick hour,-86.849948,101.94225,66627,2017-11-24,Desert
Station plan,-15.897479,65.384682,6092,2017-03-25,Marine
Up the,43.856633,-7.26272,12673,2020-06-08,Wetland
Choice in,-0.695482,159.610166,2477,2017-02-20,Desert
Hear maintain,-6.297197,-162.34908,24503,2025-01-23,Desert
Sister staff,-27.853067,-96.701808,53774,2022-11-07,Wetland
So hotel,74.588932,20.653514,99327,2019-04-12,Urban
Consider participant,14.608815,88.849242,83923,2024-05-23,Marine
Four whole,3.714475,11.962279,35344,2022-02-24,Tundra
Business important,-6.888638,16.238674,35458,2024-12-10,Marine
Decision take,-21.897202,-172.277991,7326,2019-04-16,Marine
Seem responsibility,84.731988,-13.828401,9144,2020-11-29,Urban
Read ago,51.433012,96.749642,27281,2019-04-21,Marine
Peace camera,12.063885,144.048473,31668,2025-03-26,Urban
Player none,15.849169,162.850652,62701,2022-06-19,Tundra
Brother late,-10.402467,71.859531,1916,2022-04-21,Forest
Store crime,-77.414463,-52.542738,19760,2025-07-05,Urban
Cost program,42.224269,171.6642,14069,2020-01-30,Tundra
Despite Congress,60.436531,-169.169165,91422,2019-04-12,Tundra
Base of,37.174477,-153.244249,69244,2021-05-17,Wetland
Yeah story,55.264735,18.821433,8866,2022-06-04,Desert
Spend quite,-34.289094,151.877788,81955,2025-12-22,Marine
Officer now,-60.993425,-136.875723,77845,2016-11-30,Marine
There learn,-48.245778,-35.027635,63486,2026-03-31,Forest
Test himself,78.506027,-83.438234,18163,2022-09-21,Tundra
South pretty,-9.987653,-174.712379,39883,2025-06-25,Urban
After anyone,-41.801465,72.470868,84971,2023-02-19,Tundra
Face office,16.072044,70.77041,67451,2023-11-21,Tundra
Himself three,-27.632976,107.381304,94012,2026-02-19,Tundra
Seek difficult,-73.232942,-122.887871,22854,2018-10-29,Urban
Various economy,-1.88708,63.129414,53912,2020-08-17,Marine
Civil its,-57.571397,118.537175,93501,2018-03-22,Tundra
Final news,25.9127,110.601448,75188,2017-02-11,Urban
Couple right,46.751869,-41.081581,22159,2023-06-17,Marine
Foreign seek,-87.376304,-59.423184,39344,2019-09-26,Desert
Analysis list,-83.300036,170.19467,8955,2020-01-10,Tundra
Strategy morning,51.449915,-6.600979,3321,2026-04-05,Urban
Director parent,-43.959716,37.717338,11498,2022-07-14,Freshwater
Wind window,-75.188306,-90.164056,84964,2017-07-12,Marine
Single nice,-40.533187,-174.60131,64482,2017-12-19,Freshwater
Including put,-74.55027,75.2454,40576,2025-05-12,Forest
Benefit evidence,-3.220211,-28.869249,78830,2022-02-15,Marine
Man a,-10.421888,59.174803,77763,2024-01-12,Freshwater
Same art,-25.706743,107.562282,74985,2017-03-25,Marine
Why explain,26.76246,-74.219237,14159,2020-09-11,Freshwater
Purpose with,-41.045584,174.02723,43946,2024-10-14,Wetland
Use rather,-85.669906,-53.183412,27684,2019-11-07,Grassland
Industry south,-43.835623,-59.322929,55204,2018-08-07,Urban
Go two,36.164016,-138.608572,34491,2024-02-27,Freshwater
Police exactly,-45.373945,21.043915,44176,2016-10-26,Grassland
Receive other,-3.773457,144.114485,73041,2020-10-16,Desert
Though product,-72.714228,-166.183392,50654,2020-04-05,Urban
Matter yourself,53.057331,-59.310302,75520,2024-12-22,Freshwater
First over,-39.22785,-170.929588,86068,2019-11-29,Forest
Size newspaper,-19.289776,-96.33564,6307,2021-05-28,Grassland
Play senior,-37.357401,-121.461036,44677,2021-01-24,Wetland
Simply value,-29.573474,106.155186,18364,2019-06-11,Wetland
Street light,78.120307,11.924682,21748,2019-03-25,Marine
Example morning,73.776869,-176.240461,71361,2025-12-15,Wetland
Sister indeed,39.190526,38.568535,57210,2019-09-02,Desert
Door career,79.563699,1.591955,25434,2020-02-17,Desert
Difference food,3.323464,173.656829,73499,2026-07-13,Forest
Why almost,-79.788669,-96.644783,58917,2024-03-14,Tundra
Tree more,64.650884,109.432838,81162,2023-05-08,Wetland
Law language,-73.369047,-147.469757,50933,2023-03-10,Desert
Eat car,-11.076164,-5.654049,61386,2025-06-29,Tundra
Factor beyond,-61.374989,178.707869,60946,2023-11-02,Tundra
Low body,-2.822157,-93.449906,90075,2020-07-19,Freshwater
Civil your,-53.454273,-81.079951,93981,2020-02-16,Desert
Law if,-7.721759,-94.617805,59815,2019-12-06,Freshwater
Particularly subject,-23.740026,-39.423683,771,2023-03-12,Forest
Meet maintain,-53.648031,163.785282,60737,2020-08-05,Freshwater
Up career,-10.170654,86.95447,63321,2020-11-05,Marine
Improve dinner,8.184086,115.243951,58216,2023-09-07,Urban
Order site,-59.247308,128.941205,62439,2018-11-13,Grassland
Later off,6.952566,-108.190988,18566,2024-01-31,Grassland
Cover free,-58.476161,-162.531013,58791,2019-10-26,Freshwater
Film whose,83.225437,114.423792,54396,2020-09-05,Tundra
Together ready,77.003997,125.012884,2710,2024-03-28,Wetland
Forget believe,13.07301,-77.801338,69907,2023-02-19,Desert
Note collection,13.132656,113.405668,75259,2026-04-16,Marine
Keep others,-88.614122,32.595622,3079,2023-10-06,Forest
Manage protect,16.537789,-112.654997,72984,2017-12-25,Tundra
Nearly provide,-61.352816,49.227373,25876,2021-03-20,Urban
They community,-64.029015,-58.957832,16347,2023-12-01,Desert
White whether,-14.302758,10.924206,96422,2020-09-09,Grassland
Force consider,35.588387,9.496558,15120,2022-10-12,Forest
Each article,82.419567,-76.793366,26778,2017-11-12,Forest
Assume during,69.774662,-103.854925,62382,2026-03-15,Urban
Executive hear,-87.083285,16.173121,51163,2024-12-27,Forest
Social culture,40.741406,-91.601481,35546,2017-10-01,Freshwater
Fine author,38.699478,108.858011,80234,2022-04-19,Wetland
Plan beat,-41.459403,-116.63449,38357,2023-12-28,Desert
West world,65.880936,-79.350032,46221,2021-08-29,Freshwater
Street fund,39.770112,-99.525866,98453,2023-11-08,Freshwater
Change remember,-12.876481,-36.141389,83756,2017-09-09,Marine
That participant,26.176023,142.890908,16723,2016-09-30,Grassland
Tax man,38.005173,56.78558,97458,2016-11-21,Grassland
Agree wife,-16.19346,-111.707816,63368,2020-05-30,Wetland
Wear present,-37.237407,-131.240947,94955,2023-10-03,Marine
Require less,57.07048,62.058623,49444,2019-11-16,Freshwater
Compare natural,45.609169,174.966346,40456,2017-12-23,Tundra
Account step,43.878017,55.986139,56223,2018-03-04,Marine
House business,89.455182,-80.575289,53215,2018-10-01,Wetland
Thus director,-15.772911,-162.130967,43225,2024-05-04,Forest
Team usually,10.34029,-35.688094,39179,2023-07-22,Urban
Probably public,-76.077799,79.491808,9283,2016-07-23,Desert
Sister everyone,19.402825,28.218512,55254,2022-04-10,Urban
Half may,-72.004358,145.409399,19009,2024-04-07,Forest
Positive yourself,1.338618,-104.717648,64244,2018-11-08,Wetland
Grow skill,-59.236529,-87.623675,4748,2021-04-29,Marine
Remain home,16.545994,-25.025123,39072,2022-05-06,Tundra
Speech someone,15.551517,124.604364,57818,2023-02-08,Wetland
Us clearly,-22.28129,95.419277,84665,2025-04-29,Freshwater
Attorney job,80.836395,133.772265,56048,2018-12-25,Grassland
Apply attention,41.221091,160.479333,96732,2023-01-16,Desert
Describe himself,-1.408628,-168.733806,41597,2025-01-24,Wetland
Operation ten,-52.96371,-111.098985,68907,2022-05-12,Grassland
Safe maybe,-86.320236,-40.199121,72607,2025-10-11,Grassland
Argue find,-46.517173,-158.271023,76262,2018-08-02,Forest
Guy he,84.078654,112.998786,97880,2019-01-14,Urban
Avoid husband,2.924492,-78.657594,34880,2020-07-31,Freshwater
Entire indicate,74.906697,-156.802487,61690,2017-09-19,Freshwater
List rather,65.143909,99.167226,87469,2019-06-13,Urban
Difficult teach,31.554601,-64.809053,49568,2024-10-03,Forest
Method soon,-11.895159,158.657021,88462,2025-12-22,Marine
Reason election,-88.706828,59.618977,56287,2020-02-05,Desert
Expert friend,80.332127,96.445062,46154,2026-07-08,Marine
Send attorney,-81.434364,-58.807029,63083,2017-05-03,Desert
Hit however,-45.348186,1.823927,23648,2018-09-05,Tundra
Also measure,-81.539232,135.334993,27622,2017-01-10,Tundra
Here second,60.762911,60.463581,29246,2020-11-04,Wetland
Parent player,35.213701,99.792968,57870,2019-05-25,Freshwater
Grow clear,37.49322,45.890502,80996,2017-12-24,Grassland
Shake key,-48.070635,141.161167,5465,2016-09-07,Tundra
Any why,20.766784,-170.379592,78611,2021-11-23,Tundra
Develop tend,-31.396514,172.192346,65258,2022-06-28,Tundra
Technology similar,-60.29383,140.827068,3303,2018-11-02,Tundra
Hundred anything,-44.960639,99.702779,80068,2023-12-25,Forest
Answer left,-13.171662,-177.040302,93415,2022-10-12,Grassland
Question fish,37.41891,126.190232,25536,2021-02-09,Freshwater
Bed those,-26.679971,-52.699325,15830,2025-01-13,Urban
State war,87.865198,74.178063,88104,2019-09-09,Freshwater
Scientist part,61.238857,27.662509,70624,2022-09-03,Freshwater
Study sort,40.57246,43.577462,40176,2020-03-08,Wetland
Operation reason,-68.720595,143.527522,11165,2023-11-16,Wetland
Tree follow,-46.328182,-105.054903,30680,2021-09-29,Urban
Science forget,-84.11597,171.967812,58583,2026-06-27,Forest
People company,66.803152,-108.805428,87996,2017-07-30,Marine
Civil its,-34.516558,4.124977,2006,2024-11-08,Marine
Wrong Mrs,-35.882803,-97.657798,33222,2018-07-20,Wetland
Red message,67.354102,-7.705049,84128,2025-02-15,Desert
End hot,79.277058,45.093872,74598,2022-10-20,Freshwater
Message boy,-80.475902,-21.387656,9153,2026-04-12,Grassland
The front,36.099361,165.033197,99432,2022-07-31,Grassland
High step,-42.406237,-27.836751,27612,2026-06-03,Desert
Best hospital,18.453626,105.377985,98242,2018-09-12,Grassland
Discuss rise,82.228852,76.499344,93066,2016-12-15,Wetland
Visit effort,78.330554,17.080492,21420,2025-09-18,Urban
Glass usually,-63.377977,105.572144,31559,2026-06-18,Freshwater
Big forget,56.302612,67.854222,67056,2024-09-21,Tundra
Information before,-0.416565,-39.574854,67341,2018-04-23,Wetland
Society across,28.909236,29.322768,58949,2020-02-25,Freshwater
Series with,86.470628,109.916897,96058,2018-09-06,Marine
Pattern recent,44.995932,56.943138,20039,2020-07-26,Freshwater
Sign down,-86.727662,4.702711,16545,2025-03-31,Tundra
Visit service,-56.578289,148.99025,18620,2017-07-28,Wetland
Small where,84.927904,-137.127775,18443,2023-06-01,Tundra
Prevent education,-89.224534,-160.312003,65009,2018-02-23,Forest
Happy four,-64.808522,36.342386,23408,2019-04-23,Forest
Recent southern,-73.415627,-35.075888,82557,2016-09-28,Tundra
Own surface,-82.028611,107.104526,9237,2017-02-11,Marine
College hit,-50.52838,-2.575571,29796,2026-06-13,Marine
Interest present,22.675611,-44.009033,63627,2018-08-20,Desert
Fish house,45.357333,-179.94279,27626,2023-02-12,Urban
Attorney responsibility,-56.229073,55.003317,95730,2018-06-17,Marine
Somebody what,-5.099042,-178.611989,50230,2016-08-11,Marine
Treatment begin,31.894796,-11.243855,2310,2023-04-21,Urban
Now wear,-52.230954,40.277366,65704,2025-05-14,Wetland
Meet left,-80.338647,-59.723091,41340,2017-11-07,Marine
Them include,29.317792,101.588227,31655,2019-08-03,Desert
Whether late,-67.134477,50.410267,83046,2023-12-03,Freshwater
His add,-42.945182,-150.741692,92605,2017-08-05,Forest
Thought itself,53.120601,-6.525457,66297,2024-04-23,Desert
Participant when,-19.631265,-153.230715,3998,2019-10-20,Urban
Foot between,-34.105415,24.272381,58142,2017-04-14,Grassland
Heart gas,-32.634474,110.244202,81298,2026-06-13,Tundra
It far,29.063285,29.254909,83498,2020-06-28,Tundra
Serious try,-71.815937,-178.620384,73266,2017-12-11,Forest
Life management,-21.938577,166.785527,81547,2018-01-03,Wetland
Quickly provide,79.921296,66.522366,66514,2017-09-12,Tundra
Stock bar,72.418879,60.069439,93807,2024-02-03,Wetland
Public race,-35.60886,163.333833,8567,2021-02-17,Freshwater
Among agree,63.441708,166.007485,21377,2018-05-10,Marine
Stop something,-45.086846,-162.010279,81257,2021-10-24,Forest
Sure crime,-4.05963,-13.333916,11694,2016-10-05,Freshwater
While including,41.73705,-125.172585,85275,2021-08-21,Desert
Stop role,46.194696,-117.918973,69005,2019-03-04,Forest
Pay old,-62.295996,108.061724,23630,2023-04-05,Marine
Thousand tonight,23.760089,-159.598325,91348,2017-06-29,Desert
Long energy,85.007568,136.278478,20360,2016-12-08,Forest
Through focus,79.785038,53.831275,52403,2016-12-28,Tundra
Skill wish,45.135053,88.989957,2537,2017-12-14,Wetland
Wish together,74.240466,-97.050401,84123,2024-10-06,Grassland
Imagine too,2.694283,-61.855274,76011,2022-06-01,Freshwater
Season get,17.040605,132.938009,60796,2023-01-24,Forest
Rest class,54.741035,-36.571239,84749,2023-07-21,Freshwater
Quite pay,-83.300191,-175.814858,76518,2025-03-07,Grassland
Once around,44.454843,165.038915,25844,2020-09-12,Wetland
Ten travel,-0.009665,-157.690859,24525,2018-08-26,Urban
Entire senior,12.795362,-63.82701,30764,2025-07-12,Tundra
Imagine upon,-18.702038,55.360731,77922,2019-11-27,Marine
Under hard,73.935513,-169.954936,24324,2020-02-10,Tundra
Believe job,42.857344,154.403277,48489,2024-04-24,Freshwater
Standard happen,-48.632915,28.345033,82592,2020-08-18,Wetland
Dog reality,45.46322,-55.128269,53903,2024-10-01,Freshwater
Camera realize,-24.852135,-15.639931,70922,2018-05-18,Desert
Trouble relationship,-8.694575,-174.754135,20903,2025-05-17,Desert
Speech free,33.022224,-66.887751,79319,2024-01-12,Freshwater
Last task,-14.201126,44.720363,86583,2021-09-30,Desert
Process first,4.910468,-114.279227,2359,2020-04-30,Grassland
Husband allow,-17.743925,9.608859,58951,2026-02-16,Tundra
Discuss board,79.071153,-4.738367,37029,2026-03-31,Grassland
Hit thought,-7.342587,-80.011832,9879,2022-10-10,Wetland
Role radio,-15.261222,-43.059842,65488,2026-05-09,Tundra
Affect gun,89.360471,87.639886,52041,2018-03-01,Grassland
Doctor media,-85.58674,-128.213395,7947,2025-02-27,Freshwater
Item development,-12.826164,-126.895853,11993,2023-07-10,Marine
Dinner point,-52.053108,29.16257,11129,2023-02-09,Forest
Loss public,2.467068,-124.118305,86086,2018-03-04,Desert
Seat fast,-63.580317,119.440886,17220,2023-05-28,Marine
Sound positive,0.130465,29.114533,5831,2024-03-19,Wetland
Father candidate,-30.923416,-127.315701,87330,2024-08-15,Forest
Brother outside,75.047337,-14.522767,82994,2023-09-30,Urban
Agent environmental,-27.017218,-99.405388,57148,2022-01-11,Desert
Moment here,43.319758,88.034639,53188,2020-04-09,Tundra
Painting game,-11.784854,-128.013961,7842,2021-09-28,Marine
Station toward,78.16531,116.878474,64174,2022-05-04,Forest
Walk lay,-32.468054,155.718363,15278,2021-11-15,Grassland
Poor bed,-47.58759,-47.882399,5115,2025-11-12,Grassland
Focus executive,-38.856418,-93.425394,93252,2018-11-02,Wetland
Hotel answer,-48.650326,-45.136951,99354,2020-02-16,Wetland
Executive serious,15.800522,61.162895,39789,2026-01-16,Wetland
Listen would,44.540392,5.172396,89529,2020-12-19,Freshwater
Whom cover,-60.858864,68.086624,18108,2017-03-23,Urban
Appear face,-67.972455,-125.425709,54897,2025-06-25,Forest
Evidence reveal,-15.356713,-149.368794,65383,2020-11-07,Grassland
Especially thing,39.488772,-101.362249,46491,2022-07-18,Grassland
Draw ahead,19.94676,-4.201676,30792,2021-11-20,Tundra
Office look,-57.546707,149.821844,92671,2017-09-16,Marine
Happy again,76.013686,-121.697756,4703,2019-06-21,Marine
Hour look,-66.466746,124.30138,96875,2020-03-22,Desert
Painting box,56.317451,32.719601,18913,2017-05-31,Wetland
Stop edge,-52.591305,134.048098,91594,2019-08-13,Grassland
Dog form,-32.956635,-110.121144,46425,2023-07-28,Marine
Determine record,59.979669,109.706116,65898,2025-03-21,Grassland
Offer western,75.432835,-50.274123,96762,2019-01-03,Grassland
Help down,-29.868748,20.64221,50057,2025-01-25,Grassland
Both center,46.730814,-2.183867,87956,2021-07-07,Urban
Try data,41.993539,100.116645,93712,2019-01-26,Forest
Difference early,39.246585,13.021766,78056,2021-06-30,Tundra
