species,family,leaf_length_cm,flower_color,habitat,region
Debate sure,Rosaceae,21.25,Blue,Urban,Temperate
Assume light,Asteraceae,38.55,Yellow,Wetland,Temperate
With defense,Fabaceae,23.13,Green,Grassland,Mediterranean
Music risk,Poaceae,46.03,Purple,Grassland,Mediterranean
Strategy challenge,Brassicaceae,32.76,Blue,Marine,Polar
Create ok,Solanaceae,14.04,Green,Tundra,Mediterranean
Street language,Rosaceae,8.62,Orange,Forest,Polar
Nearly subject,Solanaceae,13.36,Purple,Desert,Arid
West effect,Fabaceae,23.53,Green,Forest,Temperate
Usually coach,Solanaceae,29.4,Blue,Urban,Polar
Every yourself,Orchidaceae,33.26,Yellow,Desert,Arid
Risk attention,Brassicaceae,5.31,Red,Forest,Arid
Group trouble,Solanaceae,29.57,Orange,Wetland,Polar
Will political,Fabaceae,9.98,Orange,Marine,Arid
Really behind,Solanaceae,20.38,Blue,Tundra,Mediterranean
Art nor,Fabaceae,41.68,Orange,Tundra,Arid
Level personal,Poaceae,13.54,Green,Tundra,Subtropical
Machine gun,Asteraceae,37.36,Red,Tundra,Tropical
Create foreign,Poaceae,43.99,White,Urban,Mediterranean
Cover point,Poaceae,40.34,Yellow,Grassland,Tropical
Page benefit,Rosaceae,32.86,Red,Forest,Polar
Prepare conference,Fabaceae,4.05,Purple,Tundra,Temperate
Carry tonight,Fabaceae,5.72,Green,Tundra,Polar
Open security,Poaceae,48.14,Red,Freshwater,Arid
Serve message,Fabaceae,26.71,Yellow,Urban,Mediterranean
Company listen,Fabaceae,2.9,Orange,Marine,Polar
Line skill,Fabaceae,16.24,Green,Marine,Tropical
Will western,Solanaceae,49.35,Pink,Forest,Mediterranean
Tonight sport,Poaceae,10.54,Pink,Forest,Mediterranean
Expect relate,Fabaceae,11.84,Yellow,Desert,Polar
Sit manager,Fabaceae,10.41,Green,Urban,Tropical
Present a,Fabaceae,9.78,Pink,Desert,Arid
Step want,Solanaceae,40.44,Yellow,Marine,Arid
Story page,Rosaceae,47.22,Pink,Wetland,Subtropical
National rise,Orchidaceae,34.2,White,Wetland,Mediterranean
Me war,Poaceae,49.09,Blue,Grassland,Mediterranean
Both hair,Orchidaceae,6.47,Purple,Desert,Polar
Would government,Poaceae,37.89,Red,Desert,Subtropical
Blue just,Poaceae,48.34,Red,Forest,Polar
Television development,Rosaceae,42.79,Green,Marine,Polar
Maybe light,Rosaceae,33.69,Purple,Wetland,Polar
Own strong,Brassicaceae,27.22,Blue,Wetland,Polar
Either mouth,Fabaceae,28.91,Red,Urban,Mediterranean
Debate hard,Fabaceae,41.21,Green,Grassland,Tropical
Full region,Fabaceae,44.93,Green,Tundra,Arid
Language each,Fabaceae,2.63,Pink,Forest,Temperate
Morning identify,Solanaceae,14.77,Pink,Desert,Temperate
Address several,Brassicaceae,49.07,Orange,Freshwater,Arid
Onto try,Solanaceae,40.51,Orange,Wetland,Arid
Consumer positive,Orchidaceae,1.19,Blue,Freshwater,Temperate
Today five,Poaceae,7.76,Blue,Urban,Arid
Carry music,Poaceae,28.03,Pink,Marine,Mediterranean
Allow for,Asteraceae,31.83,Red,Wetland,Polar
Believe start,Orchidaceae,41.83,White,Grassland,Mediterranean
Entire must,Orchidaceae,25.19,White,Wetland,Subtropical
Just provide,Solanaceae,35.56,Blue,Marine,Mediterranean
Control offer,Solanaceae,34.54,Purple,Grassland,Polar
Our teach,Fabaceae,16.4,Pink,Marine,Arid
Well miss,Solanaceae,14.53,Blue,Tundra,Subtropical
Wonder collection,Fabaceae,43.26,Yellow,Tundra,Arid
Worker before,Brassicaceae,33.93,Yellow,Wetland,Subtropical
Wonder matter,Solanaceae,27.62,Green,Forest,Subtropical
Need card,Solanaceae,17.92,Pink,Desert,Subtropical
Example realize,Poaceae,45.75,Orange,Forest,Tropical
Loss hot,Orchidaceae,36.65,Yellow,Desert,Temperate
Account forward,Rosaceae,33.94,Green,Marine,Arid
General Republican,Asteraceae,43.63,Purple,Tundra,Mediterranean
Religious always,Orchidaceae,23.38,White,Tundra,Temperate
Western enjoy,Fabaceae,7.88,Blue,Desert,Mediterranean
Allow you,Poaceae,4.45,Green,Freshwater,Polar
Enter pass,Poaceae,27.37,Blue,Grassland,Subtropical
Should beyond,Poaceae,29.74,Orange,Wetland,Polar
Number simple,Brassicaceae,5.76,Green,Tundra,Tropical
Star training,Orchidaceae,43.83,Pink,Desert,Polar
Institution certain,Solanaceae,28.98,Pink,Forest,Arid
Successful new,Brassicaceae,4.23,Yellow,Tundra,Arid
Social pattern,Rosaceae,48.49,Yellow,Wetland,Polar
Idea baby,Solanaceae,13.76,Orange,Freshwater,Polar
Truth catch,Fabaceae,45.66,Purple,Tundra,Subtropical
Safe blood,Rosaceae,35.17,Red,Freshwater,Arid
Political begin,Solanaceae,12.45,Yellow,Desert,Mediterranean
House ever,Rosaceae,47.68,White,Grassland,Mediterranean
Activity food,Orchidaceae,42.49,Purple,Urban,Temperate
Peace approach,Rosaceae,12.26,Pink,Forest,Polar
Attack senior,Asteraceae,34.12,Orange,Wetland,Subtropical
Daughter here,Rosaceae,24.6,White,Marine,Temperate
Within kind,Brassicaceae,9.18,Orange,Forest,Tropical
End risk,Fabaceae,7.31,Blue,Marine,Mediterranean
Sound PM,Fabaceae,15.11,Red,Urban,Temperate
Whatever get,Orchidaceae,13.92,White,Forest,Subtropical
Deal lead,Asteraceae,7.4,Red,Tundra,Temperate
Pass no,Poaceae,12.49,Red,Grassland,Subtropical
Major left,Rosaceae,3.16,Orange,Forest,Temperate
Position whole,Solanaceae,41.67,Blue,Freshwater,Tropical
Subject operation,Brassicaceae,18.35,White,Urban,Temperate
Watch assume,Poaceae,39.5,Pink,Urban,Arid
Edge position,Orchidaceae,20.73,Blue,Wetland,Arid
Forget bring,Brassicaceae,15.9,Green,Urban,Tropical
Maintain number,Brassicaceae,24.11,Green,Tundra,Tropical
Beautiful happen,Orchidaceae,2.97,White,Freshwater,Arid
Wait happy,Solanaceae,49.73,Blue,Grassland,Tropical
Civil remember,Brassicaceae,39.37,Pink,Wetland,Temperate
Itself catch,Solanaceae,49.51,Pink,Marine,Mediterranean
Part customer,Poaceae,42.36,Pink,Grassland,Polar
Have might,Fabaceae,27.02,Red,Wetland,Subtropical
Drop dark,Solanaceae,8.21,Orange,Grassland,Mediterranean
Officer hold,Asteraceae,5.27,Pink,Forest,Mediterranean
Five rate,Brassicaceae,10.99,Pink,Freshwater,Polar
About PM,Asteraceae,47.75,Orange,Marine,Arid
Benefit prove,Poaceae,3.02,Blue,Tundra,Arid
Movement wall,Fabaceae,6.55,Green,Wetland,Temperate
Voice with,Rosaceae,41.74,Orange,Desert,Polar
Situation bit,Solanaceae,45.59,Green,Urban,Subtropical
Sea go,Orchidaceae,40.2,Red,Wetland,Polar
Case argue,Fabaceae,43.02,Red,Wetland,Temperate
North activity,Orchidaceae,44.56,Purple,Tundra,Tropical
Herself project,Orchidaceae,35.26,Blue,Forest,Temperate
Catch moment,Orchidaceae,32.11,Green,Freshwater,Tropical
Type cold,Poaceae,48.78,Green,Marine,Arid
Board thing,Poaceae,28.78,Red,Desert,Tropical
Baby quite,Solanaceae,13.9,Purple,Wetland,Polar
Hair area,Solanaceae,5.22,Pink,Wetland,Arid
Entire education,Orchidaceae,34.13,Pink,Forest,Polar
Performance condition,Orchidaceae,24.85,Pink,Desert,Tropical
Mention us,Rosaceae,43.32,Blue,Tundra,Arid
War able,Solanaceae,21.64,Green,Forest,Subtropical
Answer among,Brassicaceae,21.48,Pink,Tundra,Temperate
Would maybe,Poaceae,32.57,Pink,Freshwater,Temperate
Professional Mrs,Brassicaceae,47.29,Blue,Forest,Arid
Room him,Brassicaceae,10.33,Green,Urban,Tropical
Us boy,Fabaceae,43.24,Purple,Tundra,Polar
Firm between,Orchidaceae,44.67,Orange,Freshwater,Tropical
Attention three,Orchidaceae,3.84,Yellow,Urban,Tropical
Growth you,Poaceae,42.43,Blue,Wetland,Arid
Year pretty,Poaceae,28.99,Purple,Marine,Mediterranean
Measure thought,Asteraceae,14.34,Red,Marine,Subtropical
Store inside,Orchidaceae,33.53,Pink,Freshwater,Subtropical
Consider tell,Orchidaceae,7.8,Orange,Freshwater,Arid
Food television,Brassicaceae,23.94,White,Marine,Tropical
Whole for,Rosaceae,18.21,Blue,Wetland,Temperate
Sign whether,Asteraceae,15.37,Purple,Wetland,Arid
Far guy,Orchidaceae,30.23,Green,Marine,Arid
Anything both,Brassicaceae,41.5,Yellow,Freshwater,Tropical
A least,Orchidaceae,45.42,Green,Grassland,Temperate
Onto property,Brassicaceae,24.51,Pink,Marine,Arid
Tonight do,Asteraceae,31.91,Red,Tundra,Mediterranean
Western fish,Brassicaceae,13.52,Green,Wetland,Polar
Message deal,Fabaceae,13.87,Yellow,Urban,Temperate
Necessary kitchen,Asteraceae,39.29,Orange,Tundra,Subtropical
Century nor,Brassicaceae,20.87,Pink,Desert,Arid
Fine say,Fabaceae,18.72,Purple,Wetland,Mediterranean
Operation despite,Rosaceae,9.19,White,Freshwater,Arid
Give week,Solanaceae,26.77,White,Wetland,Arid
Firm end,Solanaceae,4.55,Red,Grassland,Subtropical
Truth meeting,Fabaceae,38.35,Yellow,Grassland,Subtropical
Up think,Rosaceae,44.12,White,Tundra,Polar
Wind building,Rosaceae,37.23,Pink,Marine,Tropical
Cup professional,Rosaceae,24.75,Green,Marine,Mediterranean
Upon trouble,Fabaceae,4.06,Purple,Grassland,Subtropical
Rate this,Poaceae,24.12,Pink,Forest,Subtropical
School throw,Brassicaceae,17.22,Red,Marine,Temperate
General risk,Solanaceae,38.07,Purple,Freshwater,Arid
Let financial,Poaceae,10.45,Yellow,Urban,Subtropical
Article near,Poaceae,20.33,Yellow,Wetland,Polar
Writer carry,Poaceae,31.75,Blue,Urban,Tropical
System although,Solanaceae,42.19,Pink,Freshwater,Temperate
Bring identify,Orchidaceae,42.92,White,Urban,Arid
Management couple,Fabaceae,47.74,Yellow,Marine,Mediterranean
Worry as,Brassicaceae,12.03,Orange,Tundra,Tropical
Other toward,Rosaceae,32.96,Red,Desert,Polar
Option probably,Orchidaceae,7.52,Orange,Marine,Polar
Democrat argue,Brassicaceae,18.74,Yellow,Forest,Arid
Test maybe,Rosaceae,44.02,Green,Forest,Tropical
Prove as,Asteraceae,21.08,Orange,Grassland,Polar
Music computer,Poaceae,29.54,Pink,Freshwater,Subtropical
Real discuss,Rosaceae,4.13,Purple,Grassland,Temperate
Commercial practice,Orchidaceae,22.62,Orange,Tundra,Tropical
Later enough,Poaceae,42.01,Yellow,Grassland,Mediterranean
Generation man,Poaceae,11.08,White,Freshwater,Polar
Manager east,Fabaceae,36.65,Orange,Desert,Subtropical
Behind certain,Fabaceae,20.71,Pink,Grassland,Temperate
Look third,Brassicaceae,17.25,White,Marine,Tropical
Story tell,Fabaceae,8.52,Yellow,Forest,Subtropical
Hotel without,Poaceae,9.3,Purple,Desert,Arid
Direction career,Rosaceae,42.9,Green,Desert,Polar
Very accept,Fabaceae,47.82,Pink,Marine,Temperate
Down know,Fabaceae,36.96,Red,Freshwater,Temperate
Address there,Rosaceae,2.09,Red,Urban,Arid
Despite case,Rosaceae,3.71,Pink,Wetland,Temperate
Sell technology,Asteraceae,33.15,Red,Grassland,Polar
Receive sign,Asteraceae,44.71,Yellow,Forest,Arid
Power feel,Poaceae,47.51,Orange,Freshwater,Tropical
Public simply,Asteraceae,15.43,Red,Wetland,Mediterranean
Future skill,Asteraceae,31.09,White,Freshwater,Polar
So collection,Brassicaceae,22.68,White,Tundra,Temperate
Enough even,Asteraceae,11.51,Pink,Marine,Temperate
If structure,Orchidaceae,49.32,Green,Tundra,Arid
All mind,Brassicaceae,31.53,Pink,Forest,Polar
Conference rise,Orchidaceae,29.36,Green,Wetland,Tropical
Everybody consumer,Asteraceae,29.74,Green,Forest,Subtropical
Color agreement,Poaceae,34.5,Pink,Grassland,Subtropical
Fact son,Rosaceae,23.09,Red,Wetland,Temperate
How civil,Poaceae,39.69,Purple,Tundra,Tropical
Ok wife,Orchidaceae,47.1,Purple,Marine,Temperate
Man stand,Asteraceae,9.73,Red,Forest,Temperate
Ground administration,Fabaceae,44.79,White,Marine,Temperate
Million performance,Rosaceae,26.22,Purple,Forest,Polar
Modern bank,Asteraceae,46.56,Pink,Grassland,Subtropical
Range body,Rosaceae,4.88,Purple,Grassland,Arid
Opportunity structure,Orchidaceae,2.91,Yellow,Desert,Temperate
Professional floor,Brassicaceae,31.4,Green,Wetland,Temperate
News bit,Asteraceae,46.28,Orange,Forest,Mediterranean
Side indicate,Brassicaceae,28.52,Blue,Tundra,Arid
Own each,Poaceae,48.43,Green,Forest,Temperate
Maintain worry,Poaceae,31.18,Yellow,Urban,Mediterranean
Will language,Orchidaceae,28.16,Purple,Desert,Tropical
Protect environment,Orchidaceae,18.27,White,Marine,Temperate
Ten growth,Orchidaceae,25.18,Purple,Wetland,Tropical
Newspaper rise,Solanaceae,35.31,White,Grassland,Temperate
City eye,Fabaceae,27.97,Green,Desert,Subtropical
Peace color,Solanaceae,18.77,Pink,Desert,Tropical
Then government,Fabaceae,39.42,Blue,Tundra,Tropical
By sort,Solanaceae,47.44,Purple,Urban,Tropical
Road prevent,Brassicaceae,42.25,Blue,Freshwater,Tropical
Cover information,Solanaceae,49.62,Blue,Freshwater,Tropical
On mouth,Orchidaceae,12.67,White,Freshwater,Polar
Most much,Fabaceae,49.72,White,Freshwater,Temperate
Type responsibility,Solanaceae,25.37,Orange,Grassland,Polar
Miss run,Orchidaceae,11.41,Green,Freshwater,Arid
Able certainly,Asteraceae,44.21,White,Wetland,Temperate
School toward,Rosaceae,37.79,Orange,Forest,Temperate
Exist school,Orchidaceae,15.2,Pink,Freshwater,Arid
Establish someone,Solanaceae,35.79,Green,Desert,Polar
Happy summer,Fabaceae,10.63,Purple,Desert,Arid
Writer perhaps,Asteraceae,38.29,Purple,Marine,Tropical
Training difference,Poaceae,16.71,White,Urban,Subtropical
War story,Brassicaceae,18.89,Yellow,Desert,Subtropical
Travel sometimes,Rosaceae,40.48,White,Forest,Tropical
World miss,Asteraceae,31.46,Blue,Tundra,Temperate
Movie else,Poaceae,39.34,Pink,Grassland,Subtropical
Property end,Rosaceae,19.03,Pink,Marine,Polar
Rather lay,Orchidaceae,35.72,Purple,Wetland,Mediterranean
Forget own,Rosaceae,4.68,White,Grassland,Arid
Door window,Brassicaceae,43.92,Pink,Urban,Temperate
Drop wait,Orchidaceae,16.2,Blue,Grassland,Mediterranean
Trouble soldier,Asteraceae,4.52,Green,Wetland,Arid
Kitchen any,Asteraceae,40.33,Green,Tundra,Arid
Say piece,Asteraceae,27.38,Purple,Urban,Temperate
Part direction,Fabaceae,47.1,Purple,Forest,Polar
Likely tell,Asteraceae,46.61,White,Tundra,Mediterranean
Consider imagine,Poaceae,43.12,Pink,Urban,Mediterranean
To democratic,Fabaceae,38.48,Green,Urban,Temperate
Word which,Solanaceae,23.39,White,Urban,Mediterranean
Us surface,Orchidaceae,9.7,White,Forest,Subtropical
Painting itself,Fabaceae,43.51,Pink,Marine,Mediterranean
Close direction,Fabaceae,1.13,White,Marine,Mediterranean
Box but,Asteraceae,14.01,Yellow,Forest,Tropical
Too practice,Fabaceae,16.79,White,Tundra,Polar
Mr right,Brassicaceae,14.12,Purple,Wetland,Arid
News name,Asteraceae,24.24,Orange,Desert,Subtropical
Form floor,Poaceae,32.78,Pink,Marine,Tropical
Arm themselves,Brassicaceae,8.62,Green,Tundra,Mediterranean
Eat themselves,Rosaceae,33.35,Pink,Urban,Mediterranean
Open since,Asteraceae,29.12,Green,Forest,Polar
Instead away,Brassicaceae,10.18,Green,Forest,Mediterranean
Role pass,Orchidaceae,11.01,Purple,Forest,Mediterranean
Position until,Solanaceae,35.64,White,Tundra,Mediterranean
Two high,Brassicaceae,5.06,Yellow,Grassland,Tropical
Win that,Brassicaceae,14.82,White,Freshwater,Polar
Else even,Asteraceae,9.4,Orange,Marine,Temperate
Rock law,Brassicaceae,13.8,Green,Tundra,Temperate
Care training,Brassicaceae,26.05,Orange,Wetland,Arid
Success large,Asteraceae,44.35,White,Desert,Temperate
Fire area,Poaceae,20.71,Purple,Grassland,Mediterranean
Current theory,Rosaceae,14.37,White,Marine,Temperate
Democrat hope,Fabaceae,49.79,Orange,Grassland,Mediterranean
The we,Rosaceae,20.95,Green,Marine,Arid
Worry nation,Poaceae,47.95,Green,Tundra,Polar
Traditional put,Solanaceae,1.41,Red,Urban,Subtropical
Picture expert,Poaceae,29.07,Purple,Urban,Subtropical
Woman mean,Solanaceae,11.38,Red,Tundra,Subtropical
Human about,Solanaceae,24.67,Green,Wetland,Polar
Significant million,Poaceae,13.29,Blue,Marine,Tropical
Husband address,Solanaceae,49.73,White,Freshwater,Arid
Economic trial,Rosaceae,32.02,Blue,Forest,Temperate
Responsibility probably,Rosaceae,1.8,Red,Tundra,Temperate
Scene lawyer,Orchidaceae,15.47,Purple,Wetland,Tropical
Citizen air,Fabaceae,47.87,Orange,Desert,Tropical
Answer involve,Brassicaceae,44.77,Orange,Tundra,Mediterranean
Either rock,Solanaceae,31.83,White,Marine,Temperate
Speech maybe,Fabaceae,7.89,Yellow,Freshwater,Polar
Year view,Orchidaceae,46.84,Pink,Desert,Polar
Challenge fast,Poaceae,5.93,White,Forest,Mediterranean
Or college,Brassicaceae,5.55,Red,Grassland,Tropical
Stay focus,Rosaceae,40.93,Green,Tundra,Tropical
Up rest,Fabaceae,29.9,Blue,Forest,Tropical
President treat,Rosaceae,47.7,Pink,Desert,Subtropical
Area painting,Orchidaceae,18.83,Orange,Freshwater,Polar
Share draw,Rosaceae,9.95,White,Tundra,Tropical
Heavy boy,Asteraceae,45.87,Blue,Forest,Tropical
Question series,Brassicaceae,31.6,Blue,Wetland,Temperate
Tough dream,Solanaceae,36.46,White,Tundra,Tropical
Speech health,Poaceae,12.98,Blue,Urban,Polar
Professional night,Rosaceae,34.79,Green,Freshwater,Subtropical
Pm hand,Asteraceae,42.39,Purple,Wetland,Temperate
Hundred thousand,Brassicaceae,26.69,Pink,Desert,Tropical
Hundred manage,Solanaceae,17.12,Green,Freshwater,Mediterranean
National condition,Fabaceae,16.19,Green,Freshwater,Arid
Security deal,Rosaceae,22.03,Yellow,Freshwater,Polar
Close suffer,Fabaceae,20.56,Blue,Grassland,Tropical
Court citizen,Solanaceae,11.66,Orange,Urban,Arid
Least pressure,Fabaceae,39.42,Orange,Urban,Temperate
Itself not,Brassicaceae,22.14,Orange,Urban,Tropical
Exactly a,Rosaceae,30.28,Blue,Marine,Temperate
Purpose page,Rosaceae,1.0,Green,Grassland,Temperate
Mission name,Brassicaceae,12.07,Purple,Urban,Temperate
Beat similar,Rosaceae,4.54,White,Desert,Polar
Test it,Asteraceae,21.74,Pink,Wetland,Tropical
Against woman,Orchidaceae,49.8,Blue,Grassland,Arid
Meet unit,Brassicaceae,39.82,Green,Desert,Subtropical
Specific military,Brassicaceae,46.95,Pink,Marine,Temperate
Use human,Poaceae,45.2,Green,Urban,Arid
Four section,Orchidaceae,19.06,Yellow,Grassland,Subtropical
Stock outside,Orchidaceae,20.96,Blue,Freshwater,Mediterranean
Beyond so,Brassicaceae,7.42,Yellow,Forest,Polar
Main future,Brassicaceae,7.16,Orange,Tundra,Temperate
Dog whole,Asteraceae,19.05,Yellow,Wetland,Polar
Peace which,Poaceae,47.78,Orange,Wetland,Polar
Particular soldier,Poaceae,7.02,Pink,Tundra,Temperate
Politics executive,Fabaceae,4.93,Pink,Forest,Arid
There effect,Poaceae,34.81,Blue,Wetland,Tropical
Suffer newspaper,Orchidaceae,20.06,Red,Urban,Polar
Adult entire,Fabaceae,40.97,Red,Tundra,Subtropical
Red develop,Orchidaceae,24.51,Pink,Freshwater,Mediterranean
Hospital song,Poaceae,19.71,Pink,Forest,Temperate
At believe,Rosaceae,46.52,Orange,Freshwater,Tropical
Prevent bed,Asteraceae,21.85,White,Forest,Polar
Set heavy,Fabaceae,4.29,Pink,Desert,Subtropical
Reveal them,Brassicaceae,34.11,Blue,Tundra,Tropical
Mrs question,Solanaceae,7.88,Purple,Wetland,Mediterranean
Eight authority,Solanaceae,3.13,Green,Marine,Polar
Realize group,Brassicaceae,44.42,Purple,Grassland,Temperate
Company hospital,Solanaceae,49.32,Orange,Marine,Polar
National attack,Fabaceae,5.98,Yellow,Urban,Mediterranean
Culture game,Poaceae,5.55,Purple,Forest,Polar
Item chair,Rosaceae,36.4,Purple,Grassland,Tropical
Actually born,Brassicaceae,5.37,Yellow,Urban,Mediterranean
So good,Poaceae,41.07,Green,Marine,Polar
National believe,Brassicaceae,32.2,Purple,Wetland,Arid
Month environmental,Rosaceae,9.2,Green,Marine,Tropical
Poor art,Poaceae,24.54,Blue,Freshwater,Polar
Mouth lose,Poaceae,8.32,Green,Tundra,Mediterranean
Carry ten,Orchidaceae,34.48,Pink,Desert,Polar
Management less,Orchidaceae,8.52,Orange,Tundra,Polar
Fight cut,Poaceae,9.31,Pink,Freshwater,Temperate
Citizen improve,Solanaceae,6.09,Purple,Urban,Temperate
Maybe eat,Asteraceae,14.18,White,Grassland,Tropical
Series include,Asteraceae,27.35,Green,Freshwater,Polar
Society mean,Asteraceae,46.06,Red,Wetland,Polar
Realize service,Solanaceae,6.1,Blue,Tundra,Mediterranean
Various Mr,Solanaceae,40.77,Red,Wetland,Subtropical
Close trouble,Brassicaceae,2.1,Blue,Forest,Tropical
Protect talk,Rosaceae,1.28,Red,Freshwater,Temperate
Special old,Rosaceae,49.89,Yellow,Grassland,Tropical
Investment race,Orchidaceae,35.36,White,Freshwater,Arid
Camera other,Asteraceae,39.82,Purple,Urban,Polar
Of plan,Solanaceae,45.55,Blue,Wetland,Subtropical
Item hour,Fabaceae,45.22,White,Marine,Mediterranean
According help,Fabaceae,28.96,Purple,Urban,Temperate
Beautiful moment,Brassicaceae,35.25,Green,Grassland,Temperate
Step bit,Asteraceae,10.8,Yellow,Tundra,Subtropical
Weight side,Fabaceae,9.37,Green,Freshwater,Temperate
We major,Orchidaceae,8.36,Red,Marine,Subtropical
Force day,Brassicaceae,20.68,Blue,Urban,Mediterranean
Positive space,Solanaceae,23.62,Green,Tundra,Tropical
Woman everybody,Brassicaceae,21.67,Blue,Desert,Subtropical
Head all,Rosaceae,31.68,Orange,Forest,Tropical
Pattern message,Solanaceae,20.56,Yellow,Forest,Tropical
Data according,Fabaceae,7.83,Green,Forest,Subtropical
Scene ago,Brassicaceae,31.85,Pink,Grassland,Temperate
Game son,Asteraceae,13.47,Green,Marine,Polar
Federal cell,Brassicaceae,40.91,Pink,Desert,Arid
Set attack,Orchidaceae,39.51,White,Desert,Subtropical
Event Mrs,Fabaceae,19.63,Pink,Freshwater,Temperate
Reveal either,Brassicaceae,44.05,Purple,Urban,Tropical
Customer phone,Asteraceae,49.12,Green,Freshwater,Polar
City agency,Poaceae,4.12,Red,Desert,Temperate
Cell center,Rosaceae,27.23,Purple,Forest,Polar
Project could,Brassicaceae,28.53,White,Desert,Temperate
Total answer,Rosaceae,13.23,White,Urban,Polar
Investment worry,Rosaceae,16.87,Green,Forest,Polar
Involve game,Solanaceae,15.65,Red,Desert,Arid
By front,Solanaceae,32.98,Pink,Freshwater,Tropical
Cup majority,Orchidaceae,32.46,Purple,Urban,Polar
Clearly strong,Rosaceae,43.07,Purple,Tundra,Tropical
Significant effort,Brassicaceae,2.44,Blue,Freshwater,Tropical
Institution sometimes,Fabaceae,13.48,Orange,Marine,Mediterranean
Be statement,Poaceae,29.11,Purple,Freshwater,Tropical
Go service,Orchidaceae,10.34,Red,Marine,Arid
Than eat,Brassicaceae,42.28,Red,Marine,Temperate
Sometimes available,Fabaceae,33.04,White,Marine,Polar
Close there,Fabaceae,26.98,Purple,Wetland,Polar
Simply government,Rosaceae,49.22,Red,Tundra,Temperate
Ask account,Solanaceae,20.42,Green,Forest,Arid
Employee likely,Orchidaceae,18.43,Pink,Desert,Subtropical
Should Democrat,Solanaceae,31.88,Pink,Marine,Subtropical
Much age,Rosaceae,30.55,Yellow,Forest,Mediterranean
Debate leader,Poaceae,2.6,Green,Freshwater,Mediterranean
Oil west,Solanaceae,44.05,Red,Urban,Tropical
After instead,Asteraceae,12.65,Pink,Tundra,Polar
Always truth,Solanaceae,7.65,Purple,Tundra,Polar
Along road,Fabaceae,41.98,White,Desert,Arid
Should hear,Brassicaceae,14.88,Purple,Freshwater,Temperate
International last,Solanaceae,25.79,Blue,Urban,Temperate
House however,Orchidaceae,2.94,Orange,Freshwater,Arid
Wind best,Rosaceae,33.82,Blue,Wetland,Subtropical
Reduce state,Brassicaceae,23.24,Orange,Tundra,Arid
Fact lose,Poaceae,24.66,Green,Grassland,Subtropical
Create east,Solanaceae,47.64,Blue,Urban,Tropical
Fill member,Poaceae,36.21,White,Forest,Tropical
Pretty street,Rosaceae,26.03,White,Forest,Arid
Lawyer wrong,Brassicaceae,4.38,Orange,Forest,Temperate
Training enjoy,Solanaceae,26.66,Pink,Forest,Arid
Then most,Brassicaceae,6.95,Red,Tundra,Arid
Care nation,Fabaceae,43.78,Blue,Freshwater,Polar
Send camera,Asteraceae,19.84,Blue,Freshwater,Tropical
Everything half,Brassicaceae,4.09,Purple,Grassland,Mediterranean
Law face,Rosaceae,33.87,Pink,Marine,Subtropical
Every building,Fabaceae,41.57,White,Urban,Arid
Stage return,Fabaceae,37.54,White,Wetland,Subtropical
Country general,Solanaceae,7.91,White,Tundra,Arid
Yes peace,Brassicaceae,31.04,Orange,Grassland,Tropical
Summer view,Orchidaceae,39.89,Pink,Forest,Polar
Throw president,Rosaceae,46.88,Orange,Freshwater,Temperate
Stop job,Solanaceae,12.38,Green,Urban,Polar
When lose,Orchidaceae,35.23,Green,Marine,Arid
Former system,Brassicaceae,35.67,Red,Wetland,Arid
Short along,Brassicaceae,38.54,Pink,Forest,Mediterranean
Least these,Orchidaceae,8.69,White,Wetland,Polar
Behind choice,Orchidaceae,15.16,Yellow,Grassland,Mediterranean
Sure today,Orchidaceae,5.99,Purple,Forest,Arid
Join threat,Fabaceae,16.95,Red,Tundra,Arid
Water teacher,Fabaceae,45.92,Purple,Freshwater,Mediterranean
Debate activity,Fabaceae,28.33,Blue,Tundra,Subtropical
Thing sister,Orchidaceae,1.92,Orange,Tundra,Mediterranean
Unit rather,Poaceae,5.69,White,Urban,Tropical
Protect control,Fabaceae,28.29,Purple,Tundra,Mediterranean
These anything,Poaceae,17.7,Yellow,Urban,Mediterranean
Follow heavy,Solanaceae,40.43,Blue,Forest,Mediterranean
Official strong,Fabaceae,37.37,Yellow,Forest,Polar
Family man,Orchidaceae,42.69,Yellow,Desert,Mediterranean
Government Mr,Orchidaceae,39.08,Orange,Urban,Subtropical
Factor political,Orchidaceae,6.48,Yellow,Freshwater,Subtropical
Degree floor,Brassicaceae,40.9,White,Urban,Tropical
Final smile,Asteraceae,31.19,Green,Desert,Arid
Big peace,Orchidaceae,27.46,Yellow,Wetland,Arid
Pattern senior,Rosaceae,17.12,White,Tundra,Temperate
Clearly allow,Solanaceae,22.96,Pink,Forest,Polar
Plan meeting,Fabaceae,3.22,Blue,Freshwater,Tropical
Individual knowledge,Brassicaceae,35.61,Yellow,Forest,Tropical
Deal four,Fabaceae,4.21,Green,Urban,Mediterranean
First start,Asteraceae,14.37,White,Freshwater,Mediterranean
Position by,Brassicaceae,8.06,Blue,Forest,Arid
Could main,Asteraceae,47.95,Yellow,Grassland,Temperate
Against raise,Poaceae,4.19,White,Forest,Polar
Anyone class,Rosaceae,6.08,Blue,Forest,Subtropical
Same build,Orchidaceae,33.47,Pink,Wetland,Subtropical
Everything ten,Solanaceae,45.98,Purple,Marine,Mediterranean
Somebody include,Brassicaceae,18.32,Blue,Wetland,Tropical
Which skin,Orchidaceae,38.17,Purple,Forest,Tropical
Science mission,Poaceae,7.19,Green,Marine,Arid
Mission paper,Asteraceae,47.25,Green,Tundra,Tropical
Trial power,Rosaceae,42.58,Green,Forest,Temperate
Debate speech,Orchidaceae,38.06,Orange,Urban,Polar
Data other,Asteraceae,28.35,Green,Grassland,Mediterranean
On school,Asteraceae,37.06,Pink,Tundra,Arid
The today,Solanaceae,36.92,Green,Grassland,Arid
Forget result,Brassicaceae,42.92,Orange,Marine,Mediterranean
Yes question,Poaceae,42.27,Red,Forest,Tropical
Few particularly,Orchidaceae,8.23,White,Marine,Subtropical
Go a,Orchidaceae,41.12,White,Forest,Mediterranean
Want east,Rosaceae,30.15,Red,Forest,Arid
See simply,Poaceae,28.48,Blue,Marine,Temperate
Effort participant,Poaceae,15.33,Green,Wetland,Temperate
However security,Solanaceae,3.48,Purple,Forest,Mediterranean
Wife culture,Brassicaceae,39.76,Green,Freshwater,Polar
Learn section,Rosaceae,4.32,Blue,Desert,Tropical
Include he,Solanaceae,36.84,Purple,Desert,Temperate
Language information,Fabaceae,20.09,White,Tundra,Temperate
Despite customer,Solanaceae,45.76,Purple,Forest,Mediterranean
Front pay,Orchidaceae,13.27,Red,Forest,Mediterranean
Anyone enter,Solanaceae,32.35,White,Wetland,Subtropical
Statement TV,Brassicaceae,2.41,Blue,Grassland,Polar
Ball sell,Orchidaceae,2.72,Orange,Wetland,Tropical
Explain whole,Poaceae,35.46,Pink,Tundra,Polar
Personal generation,Solanaceae,23.04,Pink,Urban,Subtropical
Whether activity,Rosaceae,45.42,Yellow,Forest,Mediterranean
Law to,Fabaceae,40.84,Blue,Tundra,Mediterranean
Pass than,Brassicaceae,20.86,Yellow,Wetland,Temperate
Know during,Solanaceae,36.55,Yellow,Forest,Polar
Idea add,Rosaceae,41.09,Yellow,Tundra,Tropical
Difference although,Fabaceae,12.91,Red,Urban,Subtropical
Feel all,Solanaceae,26.79,Yellow,Freshwater,Mediterranean
Under hope,Orchidaceae,4.6,Purple,Urban,Tropical
Term yard,Solanaceae,36.9,Green,Marine,Temperate
Hope go,Fabaceae,43.83,Orange,Urban,Mediterranean
Change difficult,Asteraceae,8.49,Green,Tundra,Subtropical
Carry down,Brassicaceae,10.4,Blue,Grassland,Polar
Standard central,Asteraceae,41.19,Purple,Wetland,Tropical
Herself reason,Solanaceae,40.33,White,Urban,Subtropical
For who,Brassicaceae,48.72,Purple,Marine,Tropical
Red official,Fabaceae,7.5,Blue,Marine,Polar
Money can,Rosaceae,7.82,Purple,Wetland,Arid
Human increase,Solanaceae,23.86,White,Marine,Subtropical
Various approach,Fabaceae,46.25,White,Desert,Temperate
And make,Asteraceae,32.62,Pink,Desert,Polar
Art choice,Asteraceae,16.67,Blue,Grassland,Mediterranean
Public change,Orchidaceae,17.66,Red,Desert,Temperate
Too tend,Fabaceae,4.0,Blue,Forest,Tropical
First at,Rosaceae,33.57,Red,Urban,Subtropical
Quality sit,Fabaceae,20.78,Purple,Freshwater,Arid
Myself issue,Asteraceae,25.87,White,Grassland,Temperate
Them wall,Fabaceae,38.66,Red,Urban,Temperate
Site capital,Poaceae,27.31,Green,Marine,Tropical
Garden wonder,Fabaceae,5.99,White,Marine,Temperate
Manage population,Brassicaceae,35.59,Green,Marine,Tropical
Benefit magazine,Solanaceae,37.05,Green,Freshwater,Tropical
Course it,Orchidaceae,4.93,Pink,Forest,Tropical
Industry believe,Brassicaceae,34.88,Blue,Urban,Mediterranean
Speak between,Poaceae,17.32,White,Desert,Arid
Next especially,Solanaceae,42.22,Blue,Wetland,Temperate
Consumer together,Fabaceae,20.65,Blue,Forest,Tropical
Woman suggest,Asteraceae,29.09,Yellow,Freshwater,Mediterranean
World create,Orchidaceae,4.9,Blue,Desert,Subtropical
Red amount,Solanaceae,18.2,Yellow,Wetland,Subtropical
Us space,Poaceae,10.71,Pink,Marine,Subtropical
Help feeling,Poaceae,37.92,Pink,Forest,Polar
Quickly hit,Rosaceae,27.82,Red,Forest,Polar
Throw protect,Poaceae,7.12,Blue,Marine,Mediterranean
Adult soon,Solanaceae,5.04,Pink,Tundra,Subtropical
Use degree,Solanaceae,2.02,Blue,Desert,Arid
Show address,Brassicaceae,16.72,Orange,Marine,Arid
Behavior service,Fabaceae,14.65,Red,Marine,Arid
Street matter,Solanaceae,12.91,Green,Tundra,Tropical
Respond imagine,Solanaceae,23.4,Red,Marine,Arid
Pattern themselves,Poaceae,36.66,Green,Forest,Polar
Technology later,Orchidaceae,22.52,Red,Marine,Temperate
Less less,Brassicaceae,7.66,Pink,Freshwater,Subtropical
Age budget,Asteraceae,19.03,White,Wetland,Polar
Design responsibility,Asteraceae,11.69,Blue,Urban,Polar
Expect apply,Rosaceae,7.61,Yellow,Grassland,Mediterranean
Guess pressure,Asteraceae,46.69,Yellow,Tundra,Polar
Technology dinner,Fabaceae,44.32,Pink,Marine,Polar
Moment attack,Solanaceae,44.48,Pink,Wetland,Subtropical
Family call,Orchidaceae,29.45,Yellow,Tundra,Mediterranean
True manager,Brassicaceae,44.35,Yellow,Forest,Tropical
Area hold,Orchidaceae,28.48,Orange,Freshwater,Polar
Report life,Poaceae,1.77,Pink,Wetland,Subtropical
Indeed name,Fabaceae,36.58,Pink,Desert,Mediterranean
Born rest,Fabaceae,2.9,White,Freshwater,Polar
A clear,Solanaceae,11.94,White,Forest,Temperate
Official name,Rosaceae,41.86,Pink,Marine,Temperate
Realize method,Brassicaceae,36.47,Green,Grassland,Arid
Real perform,Solanaceae,1.26,Blue,Tundra,Subtropical
Race recent,Orchidaceae,27.73,White,Tundra,Tropical
Decade nearly,Rosaceae,27.98,Red,Desert,Subtropical
Concern task,Orchidaceae,39.46,Green,Grassland,Polar
Better reflect,Asteraceae,13.18,Purple,Wetland,Arid
Different nature,Orchidaceae,45.35,White,Desert,Mediterranean
Note argue,Brassicaceae,41.4,Purple,Grassland,Mediterranean
Fish to,Rosaceae,37.19,Purple,Tundra,Temperate
Serious finally,Fabaceae,4.49,Pink,Forest,Mediterranean
Account authority,Rosaceae,31.79,Purple,Urban,Mediterranean
Democratic anyone,Fabaceae,4.7,Yellow,Forest,Mediterranean
Power manager,Fabaceae,36.82,Green,Grassland,Tropical
Though move,Rosaceae,35.73,Green,Marine,Mediterranean
May live,Asteraceae,22.08,Blue,Urban,Mediterranean
Thank establish,Solanaceae,21.77,Pink,Urban,Arid
Hair reason,Brassicaceae,43.61,Yellow,Desert,Polar
Avoid life,Rosaceae,19.97,Yellow,Desert,Tropical
Over strategy,Rosaceae,44.98,Green,Freshwater,Mediterranean
Yeah analysis,Solanaceae,18.05,White,Urban,Temperate
Trade per,Fabaceae,14.11,Blue,Desert,Subtropical
Think water,Orchidaceae,13.19,Purple,Marine,Temperate
Remember tend,Rosaceae,28.02,Yellow,Desert,Mediterranean
Without into,Solanaceae,19.17,Blue,Desert,Temperate
Executive picture,Poaceae,21.95,Blue,Grassland,Mediterranean
Television week,Asteraceae,2.08,Orange,Forest,Temperate
Different require,Solanaceae,14.23,Blue,Wetland,Polar
Sense real,Solanaceae,22.98,Pink,Marine,Subtropical
Magazine sure,Solanaceae,38.98,Purple,Tundra,Tropical
See far,Asteraceae,42.23,White,Wetland,Polar
Election send,Fabaceae,29.34,Green,Desert,Subtropical
Hear thus,Poaceae,34.86,Green,Desert,Temperate
Eye several,Poaceae,22.08,Blue,Freshwater,Tropical
Inside determine,Orchidaceae,31.35,Yellow,Forest,Tropical
Last community,Fabaceae,16.76,Yellow,Urban,Arid
Wrong wind,Poaceae,35.23,Orange,Urban,Temperate
Notice but,Solanaceae,16.79,Pink,Wetland,Polar
Fear today,Asteraceae,16.89,Green,Tundra,Arid
Focus happen,Solanaceae,42.85,Green,Desert,Subtropical
Score shoulder,Poaceae,35.26,Orange,Urban,Temperate
Once perform,Rosaceae,32.48,Green,Desert,Subtropical
Either activity,Brassicaceae,42.77,Orange,Desert,Arid
Detail for,Solanaceae,15.0,Blue,Forest,Arid
Catch line,Rosaceae,22.56,Red,Desert,Arid
End something,Poaceae,33.41,Pink,Tundra,Arid
Face always,Poaceae,11.71,Orange,Marine,Arid
Where want,Solanaceae,20.28,Orange,Desert,Tropical
Surface who,Solanaceae,44.04,Green,Marine,Polar
Business program,Solanaceae,15.87,Blue,Tundra,Subtropical
Edge two,Poaceae,48.41,Yellow,Wetland,Polar
Friend paper,Brassicaceae,47.7,Pink,Freshwater,Arid
Type boy,Rosaceae,35.17,Green,Marine,Mediterranean
Almost customer,Rosaceae,34.54,Purple,Marine,Polar
Customer suggest,Brassicaceae,32.18,Blue,Desert,Temperate
Require short,Orchidaceae,8.84,Orange,Wetland,Arid
Ground better,Brassicaceae,5.84,Purple,Marine,Tropical
Low him,Orchidaceae,1.39,Red,Wetland,Arid
On dog,Asteraceae,7.29,Pink,Urban,Mediterranean
Field business,Solanaceae,10.36,Purple,Freshwater,Mediterranean
Study seem,Fabaceae,48.12,Orange,Freshwater,Subtropical
Bar social,Solanaceae,12.68,White,Urban,Subtropical
Design at,Orchidaceae,4.46,Pink,Urban,Subtropical
Close space,Poaceae,32.5,Yellow,Forest,Tropical
Behind something,Fabaceae,29.14,White,Wetland,Polar
Sometimes economic,Brassicaceae,38.32,White,Forest,Mediterranean
Pay strategy,Rosaceae,15.71,Blue,Urban,Tropical
Course house,Fabaceae,25.72,Blue,Desert,Mediterranean
Church ahead,Poaceae,3.31,Red,Freshwater,Tropical
Measure stay,Solanaceae,5.7,White,Urban,Temperate
Inside up,Rosaceae,2.32,White,Desert,Tropical
Quite move,Orchidaceae,37.17,White,Freshwater,Temperate
Support third,Rosaceae,45.35,Yellow,Grassland,Subtropical
News agree,Asteraceae,2.44,Red,Forest,Temperate
Know matter,Brassicaceae,17.26,Green,Forest,Tropical
Three someone,Fabaceae,45.24,Red,Grassland,Tropical
Carry choice,Asteraceae,47.27,Pink,Desert,Arid
Rate few,Brassicaceae,4.6,Orange,Urban,Mediterranean
Everybody past,Asteraceae,36.56,Yellow,Marine,Subtropical
Spring cell,Solanaceae,26.7,Pink,Tundra,Arid
Science rest,Rosaceae,15.65,White,Tundra,Subtropical
Of per,Fabaceae,21.48,Orange,Marine,Polar
Push prevent,Rosaceae,23.96,Orange,Grassland,Arid
Black firm,Rosaceae,19.34,Yellow,Grassland,Subtropical
Memory growth,Asteraceae,9.34,Yellow,Grassland,Mediterranean
Unit risk,Rosaceae,40.47,Pink,Forest,Polar
Century itself,Asteraceae,19.74,Red,Freshwater,Mediterranean
Budget difference,Fabaceae,13.8,Blue,Grassland,Tropical
Past rich,Rosaceae,49.2,Blue,Wetland,Polar
Situation cost,Asteraceae,1.27,Green,Grassland,Temperate
After yet,Orchidaceae,36.17,Orange,Tundra,Subtropical
Around themselves,Poaceae,26.75,Green,Tundra,Polar
However star,Orchidaceae,18.42,Pink,Forest,Mediterranean
What board,Brassicaceae,22.51,Blue,Marine,Arid
Forward on,Orchidaceae,36.98,Blue,Tundra,Polar
Begin rich,Asteraceae,13.8,Green,Marine,Temperate
Exist kitchen,Poaceae,41.54,White,Desert,Polar
Pay share,Solanaceae,39.97,Yellow,Desert,Polar
Administration likely,Fabaceae,29.44,Pink,Tundra,Polar
Yourself step,Orchidaceae,31.02,Yellow,Desert,Tropical
Argue item,Brassicaceae,37.06,Green,Desert,Mediterranean
Language yourself,Orchidaceae,43.8,Pink,Freshwater,Subtropical
Mother small,Fabaceae,10.85,White,Urban,Subtropical
Recently him,Solanaceae,17.34,Yellow,Forest,Mediterranean
Performance culture,Orchidaceae,38.6,Red,Tundra,Arid
Coach born,Fabaceae,46.97,Purple,Wetland,Arid
Need head,Fabaceae,10.84,White,Grassland,Arid
Since could,Orchidaceae,38.75,Yellow,Desert,Subtropical
Machine drug,Brassicaceae,37.54,Green,Desert,Mediterranean
Join including,Rosaceae,8.84,Blue,Tundra,Subtropical
Window charge,Fabaceae,42.53,Orange,Grassland,Temperate
Performance material,Brassicaceae,38.74,Green,Desert,Arid
Should born,Brassicaceae,46.98,Orange,Wetland,Arid
Support not,Fabaceae,46.18,Red,Wetland,Mediterranean
Trial education,Orchidaceae,22.4,Blue,Urban,Tropical
World child,Poaceae,16.76,White,Freshwater,Subtropical
Address piece,Rosaceae,43.58,Pink,Forest,Arid
Final out,Poaceae,46.15,Yellow,Desert,Temperate
Minute fill,Rosaceae,21.31,Pink,Freshwater,Temperate
Check paper,Orchidaceae,11.56,Orange,Wetland,Temperate
Hard because,Poaceae,28.72,Orange,Desert,Subtropical
Themselves room,Solanaceae,30.64,White,Freshwater,Polar
I fire,Brassicaceae,6.8,Red,Desert,Arid
Myself trip,Poaceae,2.25,White,Forest,Arid
Catch image,Fabaceae,27.53,Yellow,Urban,Subtropical
Yourself major,Poaceae,48.99,White,Grassland,Temperate
Study none,Asteraceae,1.34,Red,Desert,Polar
Position oil,Asteraceae,22.82,Yellow,Marine,Arid
Action which,Solanaceae,5.2,Yellow,Forest,Arid
Become inside,Asteraceae,43.79,Pink,Desert,Mediterranean
Father near,Orchidaceae,46.97,Orange,Grassland,Tropical
Their trial,Rosaceae,48.32,Red,Tundra,Subtropical
Staff fish,Orchidaceae,45.92,Blue,Marine,Polar
Spring final,Poaceae,41.49,White,Wetland,Tropical
Realize doctor,Solanaceae,8.65,Green,Grassland,Mediterranean
Family evidence,Fabaceae,27.97,Blue,Forest,Mediterranean
Probably few,Poaceae,27.07,Orange,Desert,Mediterranean
Material seat,Orchidaceae,6.47,Pink,Grassland,Mediterranean
Wind whatever,Orchidaceae,4.8,Blue,Freshwater,Arid
Program beyond,Solanaceae,1.67,Orange,Urban,Arid
Never question,Orchidaceae,8.02,Yellow,Marine,Mediterranean
According again,Rosaceae,47.41,Orange,Tundra,Arid
Ready TV,Fabaceae,1.46,White,Freshwater,Tropical
With official,Fabaceae,30.14,Pink,Urban,Mediterranean
Require sport,Fabaceae,34.42,Red,Tundra,Polar
Dog culture,Orchidaceae,25.26,Green,Forest,Mediterranean
Production up,Solanaceae,43.25,Green,Desert,Tropical
Capital phone,Asteraceae,11.8,Purple,Marine,Arid
Establish can,Solanaceae,33.64,White,Wetland,Arid
She radio,Fabaceae,18.34,Pink,Forest,Subtropical
Process like,Fabaceae,29.43,Blue,Tundra,Subtropical
Opportunity level,Poaceae,5.92,White,Forest,Polar
Event teacher,Solanaceae,44.81,Green,Forest,Mediterranean
Boy west,Poaceae,33.52,Green,Forest,Subtropical
Without piece,Rosaceae,49.47,Orange,Urban,Arid
Paper suffer,Fabaceae,38.45,Green,Freshwater,Temperate
Wrong ok,Solanaceae,1.5,Red,Urban,Subtropical
Collection good,Rosaceae,37.95,Blue,Freshwater,Subtropical
Activity discover,Orchidaceae,31.24,Pink,Urban,Subtropical
Brother social,Asteraceae,47.71,Orange,Desert,Mediterranean
Computer just,Fabaceae,4.19,Orange,Urban,Subtropical
Trade teacher,Orchidaceae,5.93,Orange,Wetland,Subtropical
Door suddenly,Solanaceae,18.21,Purple,Wetland,Tropical
Hit beautiful,Fabaceae,30.29,Blue,Desert,Tropical
Live choice,Asteraceae,14.06,Pink,Forest,Tropical
Might brother,Poaceae,16.55,White,Desert,Tropical
Option exist,Asteraceae,41.13,Purple,Freshwater,Subtropical
Industry morning,Rosaceae,16.25,White,Grassland,Mediterranean
Baby their,Asteraceae,37.67,Blue,Wetland,Polar
Foot energy,Poaceae,39.35,Yellow,Freshwater,Arid
Authority rule,Rosaceae,48.58,Orange,Freshwater,Polar
Catch everyone,Rosaceae,6.07,Yellow,Desert,Mediterranean
Improve worry,Asteraceae,42.88,Pink,Freshwater,Subtropical
Seek push,Rosaceae,28.54,Pink,Grassland,Arid
Protect floor,Brassicaceae,38.74,Green,Desert,Mediterranean
Base second,Rosaceae,35.41,Blue,Wetland,Subtropical
Yourself increase,Poaceae,35.32,Green,Tundra,Temperate
Marriage listen,Brassicaceae,10.93,Pink,Freshwater,Arid
Resource represent,Rosaceae,45.92,Pink,Wetland,Subtropical
Measure collection,Rosaceae,1.42,Pink,Wetland,Tropical
Glass rock,Fabaceae,24.26,Pink,Grassland,Polar
Nearly somebody,Fabaceae,27.65,Purple,Tundra,Arid
Reality behind,Fabaceae,38.33,Purple,Forest,Temperate
College often,Asteraceae,7.99,Pink,Forest,Subtropical
Degree doctor,Asteraceae,13.18,White,Marine,Temperate
Crime money,Rosaceae,8.5,Red,Freshwater,Mediterranean
Cover area,Solanaceae,23.93,Purple,Grassland,Tropical
Piece career,Poaceae,41.66,Purple,Tundra,Polar
Ask face,Orchidaceae,38.75,Yellow,Forest,Subtropical
Art professional,Rosaceae,17.89,Green,Marine,Temperate
Total head,Orchidaceae,49.37,White,Freshwater,Polar
First air,Poaceae,37.59,Purple,Freshwater,Mediterranean
Good nothing,Solanaceae,38.84,Red,Tundra,Arid
Memory nature,Solanaceae,37.81,Red,Freshwater,Polar
Method floor,Rosaceae,21.32,Blue,Grassland,Polar
Unit feeling,Orchidaceae,12.86,Purple,Marine,Polar
Name issue,Asteraceae,11.66,Purple,Desert,Subtropical
Hit simply,Orchidaceae,11.97,Purple,Freshwater,Temperate
Available kid,Solanaceae,7.34,Orange,Desert,Mediterranean
Push environment,Orchidaceae,27.75,Yellow,Tundra,Arid
Position writer,Orchidaceae,10.1,Pink,Tundra,Temperate
Candidate think,Fabaceae,46.48,Red,Forest,Tropical
Exactly outside,Solanaceae,7.54,Pink,Desert,Subtropical
Early front,Rosaceae,3.36,Green,Desert,Tropical
Event born,Poaceae,48.99,Yellow,Grassland,Arid
Experience actually,Brassicaceae,32.95,Blue,Grassland,Mediterranean
Might line,Solanaceae,7.87,Green,Tundra,Polar
Morning occur,Brassicaceae,12.1,Red,Desert,Arid
Indicate center,Rosaceae,39.34,Purple,Freshwater,Polar
Social area,Solanaceae,14.01,White,Desert,Tropical
Cup smile,Rosaceae,7.16,Purple,Freshwater,Temperate
Share maintain,Rosaceae,36.88,White,Marine,Temperate
Which organization,Brassicaceae,9.73,Orange,Grassland,Temperate
Difference there,Asteraceae,5.13,Orange,Urban,Tropical
Whatever president,Solanaceae,26.87,Blue,Tundra,Arid
Leave focus,Asteraceae,49.92,Blue,Wetland,Temperate
Tonight measure,Brassicaceae,41.75,White,Freshwater,Temperate
May far,Fabaceae,41.39,Green,Grassland,Arid
Product bar,Fabaceae,27.18,Yellow,Grassland,Arid
Tv talk,Rosaceae,16.68,Red,Forest,Arid
Evening agent,Rosaceae,33.74,Red,Grassland,Temperate
Article democratic,Fabaceae,43.22,Yellow,Grassland,Mediterranean
Free center,Poaceae,35.76,Blue,Tundra,Mediterranean
Space should,Fabaceae,47.67,Blue,Tundra,Arid
Part score,Asteraceae,23.8,Green,Desert,Tropical
Citizen beyond,Brassicaceae,17.74,Blue,Freshwater,Tropical
Improve parent,Brassicaceae,32.96,Red,Tundra,Mediterranean
Garden point,Solanaceae,5.05,Purple,Desert,Tropical
Forward such,Fabaceae,39.39,Purple,Freshwater,Subtropical
Great four,Orchidaceae,49.99,Red,Urban,Arid
Newspaper finally,Brassicaceae,3.63,Purple,Forest,Subtropical
City sing,Solanaceae,8.38,Pink,Tundra,Polar
Man bad,Rosaceae,27.19,Orange,Grassland,Mediterranean
The local,Orchidaceae,5.3,Orange,Grassland,Mediterranean
Purpose total,Solanaceae,42.92,Purple,Wetland,Polar
Matter can,Orchidaceae,38.53,Green,Grassland,Temperate
Less for,Brassicaceae,45.35,Green,Desert,Subtropical
Rather form,Poaceae,31.86,Orange,Marine,Arid
Us street,Brassicaceae,11.72,Green,Freshwater,Subtropical
Issue significant,Brassicaceae,43.11,Green,Wetland,Mediterranean
Tonight about,Orchidaceae,28.19,Red,Tundra,Mediterranean
Mean information,Poaceae,40.04,Green,Grassland,Mediterranean
Often interest,Poaceae,42.31,Green,Grassland,Subtropical
Summer manage,Asteraceae,5.22,Orange,Wetland,Tropical
Write note,Orchidaceae,25.28,Green,Urban,Temperate
Forget sit,Poaceae,24.22,White,Forest,Temperate
Along ten,Brassicaceae,44.09,White,Urban,Tropical
Art section,Poaceae,31.75,Green,Marine,Temperate
Produce media,Solanaceae,25.58,Blue,Freshwater,Arid
Compare set,Fabaceae,36.87,Yellow,Wetland,Tropical
Push claim,Asteraceae,11.25,Blue,Urban,Polar
Over spend,Solanaceae,40.39,Blue,Desert,Subtropical
Boy fire,Rosaceae,49.96,Orange,Freshwater,Temperate
Wonder large,Asteraceae,40.5,Red,Desert,Arid
Close teach,Poaceae,11.75,Orange,Wetland,Arid
Small camera,Fabaceae,47.79,Green,Marine,Tropical
Character first,Fabaceae,40.11,Pink,Tundra,Mediterranean
Eight still,Solanaceae,45.4,Red,Urban,Arid
Scientist break,Rosaceae,36.14,White,Marine,Subtropical
Fact hand,Brassicaceae,6.69,Orange,Desert,Tropical
Pay cup,Orchidaceae,22.34,Orange,Wetland,Temperate
Draw notice,Brassicaceae,3.8,Green,Wetland,Mediterranean
Executive together,Orchidaceae,15.48,White,Forest,Polar
Enjoy be,Asteraceae,30.43,Yellow,Grassland,Mediterranean
Me well,Orchidaceae,22.66,Pink,Urban,Temperate
Cultural save,Brassicaceae,28.35,Orange,Urban,Tropical
Art manager,Fabaceae,29.56,Red,Desert,Tropical
Where generation,Poaceae,28.29,Red,Marine,Tropical
Individual gun,Orchidaceae,37.82,Purple,Wetland,Mediterranean
Bag beautiful,Brassicaceae,32.19,Purple,Grassland,Subtropical
Ability all,Asteraceae,27.39,Red,Grassland,Tropical
Any western,Fabaceae,47.73,Pink,Urban,Subtropical
Impact perhaps,Asteraceae,36.2,Blue,Freshwater,Tropical
Indeed laugh,Poaceae,8.06,White,Urban,Mediterranean
Population visit,Fabaceae,8.38,Yellow,Wetland,Mediterranean
Yourself any,Asteraceae,40.29,Pink,Urban,Arid
Small public,Brassicaceae,29.27,Yellow,Wetland,Temperate
Animal where,Solanaceae,46.63,White,Freshwater,Subtropical
You cup,Orchidaceae,18.15,Orange,Wetland,Arid
Avoid responsibility,Rosaceae,7.63,Yellow,Wetland,Polar
Set camera,Solanaceae,5.47,White,Tundra,Polar
Support authority,Solanaceae,25.3,Green,Grassland,Arid
Trial tonight,Rosaceae,40.87,Orange,Desert,Tropical
Talk magazine,Rosaceae,23.38,Purple,Grassland,Subtropical
Organization store,Fabaceae,42.93,Purple,Tundra,Temperate
Risk bill,Brassicaceae,15.43,Red,Freshwater,Subtropical
Only thus,Solanaceae,10.35,Green,Desert,Tropical
Final kitchen,Rosaceae,44.25,White,Urban,Polar
Prevent into,Fabaceae,46.61,Orange,Forest,Subtropical
Thousand reach,Poaceae,7.88,Blue,Desert,Mediterranean
Claim care,Asteraceae,47.46,Orange,Desert,Arid
One enter,Solanaceae,13.54,Purple,Freshwater,Polar
Painting time,Asteraceae,32.92,Yellow,Desert,Mediterranean
Standard call,Solanaceae,5.16,Red,Grassland,Subtropical
Dark scene,Fabaceae,15.52,White,Urban,Tropical
Board loss,Fabaceae,29.96,Yellow,Desert,Polar
Hit or,Asteraceae,26.43,Pink,Tundra,Arid
Pattern bad,Brassicaceae,38.96,Pink,Grassland,Tropical
Do water,Fabaceae,18.73,Orange,Tundra,Polar
Clearly into,Solanaceae,17.18,Orange,Forest,Tropical
City respond,Asteraceae,24.79,White,Wetland,Mediterranean
Many send,Solanaceae,17.4,Green,Freshwater,Subtropical
In store,Asteraceae,43.09,Blue,Urban,Subtropical
Fly fight,Rosaceae,45.02,Purple,Marine,Subtropical
Sea best,Rosaceae,45.52,Pink,Desert,Mediterranean
Then television,Asteraceae,38.77,Yellow,Desert,Arid
Against least,Solanaceae,6.09,White,Urban,Mediterranean
Since instead,Solanaceae,12.26,Green,Urban,Polar
Drive lead,Fabaceae,9.89,Orange,Grassland,Temperate
Artist son,Rosaceae,9.59,Purple,Wetland,Arid
Blue pull,Asteraceae,17.45,Green,Desert,Temperate
Thought yes,Orchidaceae,35.38,Purple,Grassland,Tropical
Up argue,Asteraceae,8.29,Orange,Urban,Temperate
West common,Fabaceae,42.08,Orange,Grassland,Polar
Data generation,Brassicaceae,10.79,Purple,Wetland,Arid
Word mean,Orchidaceae,29.65,Orange,Tundra,Subtropical
Radio common,Solanaceae,44.71,Orange,Tundra,Temperate
You try,Fabaceae,12.67,Pink,Freshwater,Arid
Fine scene,Solanaceae,48.87,Red,Forest,Tropical
Pattern us,Fabaceae,12.92,White,Urban,Mediterranean
Exactly bill,Asteraceae,26.33,Orange,Marine,Polar
Age discuss,Solanaceae,10.12,Yellow,Desert,Temperate
Cut back,Poaceae,16.49,White,Grassland,Temperate
Deep whom,Orchidaceae,2.91,Green,Forest,Polar
However blue,Rosaceae,7.05,Green,Desert,Tropical
Trial prepare,Asteraceae,10.79,White,Forest,Polar
In begin,Asteraceae,25.25,Blue,Forest,Arid
Natural firm,Asteraceae,13.95,White,Wetland,Temperate
Per water,Solanaceae,5.13,Pink,Marine,Subtropical
Clear particular,Orchidaceae,37.78,Orange,Wetland,Mediterranean
Dinner majority,Solanaceae,37.15,Orange,Forest,Temperate
Ahead business,Fabaceae,10.69,Red,Desert,Arid
Site power,Orchidaceae,40.64,Pink,Tundra,Subtropical
Not method,Solanaceae,45.0,Red,Marine,Tropical
Low to,Poaceae,15.57,White,Grassland,Tropical
Discuss interview,Orchidaceae,9.31,Pink,Forest,Mediterranean
Imagine impact,Asteraceae,36.89,Blue,Freshwater,Mediterranean
Good western,Asteraceae,30.75,Purple,Wetland,Polar
Choose forward,Asteraceae,26.97,Purple,Grassland,Tropical
Decide education,Poaceae,32.8,Red,Desert,Polar
Expert half,Asteraceae,24.04,Blue,Tundra,Subtropical
Small region,Fabaceae,10.93,Orange,Forest,Mediterranean
Action bank,Orchidaceae,37.9,Purple,Urban,Arid
Future low,Orchidaceae,23.94,Orange,Wetland,Arid
More far,Asteraceae,22.74,Purple,Marine,Arid
Else identify,Fabaceae,5.69,White,Urban,Temperate
From describe,Poaceae,31.9,Pink,Freshwater,Polar
Performance then,Asteraceae,6.89,Pink,Wetland,Temperate
Day test,Poaceae,19.76,White,Urban,Subtropical
Building sell,Solanaceae,37.97,Orange,Urban,Mediterranean
In cold,Poaceae,12.14,Green,Freshwater,Tropical
Book southern,Asteraceae,14.08,Green,Grassland,Tropical
Person suddenly,Solanaceae,45.84,White,Freshwater,Arid
Big him,Asteraceae,2.62,Purple,Grassland,Mediterranean
Really quite,Poaceae,30.08,Red,Wetland,Subtropical
Game four,Orchidaceae,22.87,White,Urban,Mediterranean
Meet increase,Rosaceae,31.4,Orange,Freshwater,Subtropical
Hear live,Orchidaceae,12.83,Yellow,Forest,Mediterranean
Piece book,Rosaceae,20.33,White,Wetland,Tropical
Of degree,Orchidaceae,20.54,White,Grassland,Subtropical
Chance like,Orchidaceae,25.34,Green,Wetland,Polar
Tax program,Fabaceae,35.16,Purple,Wetland,Tropical
For girl,Solanaceae,4.45,Red,Wetland,Tropical
Middle century,Fabaceae,16.66,Red,Grassland,Arid
Me property,Poaceae,44.25,Red,Grassland,Arid
Current begin,Poaceae,24.31,Blue,Grassland,Arid
Truth firm,Solanaceae,18.74,Red,Forest,Temperate
Still foot,Brassicaceae,8.91,Blue,Grassland,Polar
Myself happy,Orchidaceae,10.49,Red,Marine,Mediterranean
Whether way,Rosaceae,11.54,Blue,Forest,Tropical
Media stay,Poaceae,21.62,Purple,Forest,Tropical
Prevent new,Poaceae,1.16,Blue,Urban,Mediterranean
Cup reveal,Fabaceae,32.48,Yellow,Marine,Arid
Adult author,Fabaceae,31.74,Green,Forest,Temperate
Writer information,Rosaceae,19.11,Red,Freshwater,Tropical
Thus customer,Orchidaceae,46.63,Pink,Forest,Subtropical
Tv stand,Solanaceae,4.08,White,Marine,Tropical
Call manage,Fabaceae,3.85,Green,Desert,Polar
Only maybe,Solanaceae,17.89,Pink,Desert,Mediterranean
According room,Brassicaceae,24.91,Pink,Freshwater,Temperate
Rock watch,Fabaceae,41.88,Orange,Urban,Mediterranean
Finally threat,Asteraceae,15.87,Green,Tundra,Mediterranean
Subject southern,Asteraceae,47.79,Red,Urban,Temperate
Side part,Rosaceae,27.23,Green,Forest,Temperate
Need message,Asteraceae,49.02,Blue,Grassland,Tropical
Need interview,Poaceae,18.4,White,Grassland,Temperate
Spend provide,Rosaceae,32.2,Yellow,Forest,Tropical
Social raise,Asteraceae,43.59,Orange,Forest,Temperate
Allow detail,Rosaceae,39.35,Green,Forest,Tropical
Option board,Brassicaceae,30.73,Blue,Wetland,Tropical
Perhaps interesting,Fabaceae,48.04,Pink,Grassland,Subtropical
Price mind,Rosaceae,11.5,Purple,Wetland,Mediterranean
Ahead thank,Orchidaceae,30.08,Red,Forest,Polar
Old political,Brassicaceae,25.71,Yellow,Urban,Temperate
Mean animal,Poaceae,23.98,Green,Wetland,Arid
Health stuff,Asteraceae,25.41,Blue,Marine,Tropical
Character during,Fabaceae,43.45,Purple,Grassland,Polar
Claim sea,Poaceae,19.99,Purple,Freshwater,Polar
Game sort,Asteraceae,40.42,Pink,Desert,Temperate
Sport yeah,Rosaceae,6.07,Yellow,Desert,Polar
Might affect,Brassicaceae,4.32,Red,Desert,Mediterranean
Food heart,Fabaceae,2.08,Red,Marine,Subtropical
Perhaps age,Brassicaceae,14.21,Green,Freshwater,Temperate
Quality bar,Solanaceae,39.87,Blue,Grassland,Arid
Between local,Solanaceae,1.47,Yellow,Wetland,Temperate
Score from,Poaceae,34.15,White,Desert,Polar
Off leave,Rosaceae,27.41,Orange,Wetland,Tropical
Idea bag,Asteraceae,39.79,Orange,Marine,Polar
Change back,Brassicaceae,10.45,Blue,Freshwater,Temperate
Effect reason,Poaceae,43.22,Red,Marine,Arid
But security,Solanaceae,2.7,Green,Freshwater,Subtropical
Heart dream,Rosaceae,30.72,Blue,Freshwater,Subtropical
Teach wrong,Solanaceae,31.52,Orange,Marine,Polar
Occur him,Brassicaceae,49.73,Purple,Grassland,Polar
Three identify,Poaceae,1.92,Blue,Grassland,Subtropical
Agree region,Poaceae,7.24,Orange,Urban,Arid
Degree study,Fabaceae,16.02,Green,Forest,Polar
Late executive,Solanaceae,44.72,Orange,Wetland,Subtropical
Effect deal,Poaceae,42.49,Blue,Grassland,Tropical
Treatment crime,Fabaceae,30.27,Purple,Wetland,Arid
Wrong even,Rosaceae,22.62,Pink,Forest,Mediterranean
Heavy hard,Orchidaceae,48.41,Purple,Tundra,Temperate
Receive choose,Brassicaceae,22.88,Red,Freshwater,Tropical
Food key,Fabaceae,38.85,Yellow,Urban,Arid
Such follow,Brassicaceae,48.77,Purple,Desert,Tropical
Large nice,Brassicaceae,17.45,White,Grassland,Polar
Short almost,Poaceae,49.14,Yellow,Freshwater,Subtropical
Head phone,Fabaceae,40.4,Green,Urban,Arid
Set trade,Orchidaceae,21.39,Purple,Tundra,Subtropical
Ability west,Solanaceae,5.34,Green,Grassland,Tropical
Or treat,Brassicaceae,36.39,Red,Wetland,Mediterranean
Interesting how,Rosaceae,19.54,Green,Marine,Subtropical
Before if,Brassicaceae,33.82,Green,Wetland,Mediterranean
Institution increase,Poaceae,11.5,White,Tundra,Tropical
Build TV,Poaceae,8.9,Yellow,Grassland,Subtropical
Growth night,Asteraceae,17.07,Green,Urban,Polar
Be unit,Rosaceae,18.54,Purple,Freshwater,Arid
Call arm,Poaceae,15.57,Blue,Wetland,Polar
Clear shake,Asteraceae,10.88,Orange,Wetland,Polar
Own you,Solanaceae,15.93,Blue,Freshwater,Tropical
Fly fine,Solanaceae,40.5,Purple,Freshwater,Temperate
Must quality,Fabaceae,10.13,Yellow,Freshwater,Temperate
Interest nothing,Solanaceae,30.83,Yellow,Tundra,Tropical
Station begin,Asteraceae,40.62,Purple,Forest,Polar
Human religious,Asteraceae,46.02,Red,Wetland,Arid
Several capital,Poaceae,45.47,Pink,Forest,Polar
Performance store,Solanaceae,48.08,Yellow,Tundra,Subtropical
Here environmental,Solanaceae,37.06,Green,Forest,Temperate
Thought ten,Poaceae,19.09,White,Grassland,Mediterranean
Say officer,Rosaceae,18.85,Blue,Grassland,Arid
Determine task,Orchidaceae,8.89,Orange,Marine,Temperate
Draw open,Poaceae,12.27,Pink,Forest,Subtropical
Strategy middle,Fabaceae,38.88,Green,Grassland,Arid
Our list,Poaceae,37.72,Purple,Urban,Mediterranean
Way thus,Brassicaceae,1.75,Green,Freshwater,Mediterranean
Specific home,Orchidaceae,1.95,Blue,Freshwater,Arid
Change fall,Solanaceae,29.97,Purple,Tundra,Subtropical
Usually floor,Rosaceae,45.62,Pink,Forest,Polar
Real likely,Solanaceae,28.47,Orange,Wetland,Arid
Apply land,Brassicaceae,28.77,Green,Forest,Tropical
Option statement,Brassicaceae,7.19,Orange,Marine,Subtropical
Total seek,Rosaceae,30.24,Blue,Urban,Temperate
Democratic pretty,Poaceae,34.59,Blue,Wetland,Polar
Possible term,Solanaceae,11.38,Blue,Tundra,Tropical
Help suggest,Solanaceae,20.95,Pink,Freshwater,Polar
Course also,Orchidaceae,33.73,Yellow,Urban,Subtropical
Include approach,Poaceae,6.87,Green,Marine,Mediterranean
Too expect,Solanaceae,26.13,Purple,Marine,Subtropical
Three dream,Poaceae,26.03,Red,Forest,Polar
Toward candidate,Rosaceae,6.18,Yellow,Forest,Arid
Throw hand,Poaceae,39.24,Yellow,Forest,Temperate
Material house,Orchidaceae,3.01,Pink,Freshwater,Polar
Toward call,Asteraceae,25.49,Orange,Forest,Polar
Enjoy heart,Asteraceae,36.18,Blue,Freshwater,Polar
Simply central,Asteraceae,33.52,White,Wetland,Polar
Camera lead,Poaceae,48.08,Pink,Urban,Arid
Seat line,Poaceae,9.23,Blue,Urban,Arid
Person official,Solanaceae,12.51,Pink,Tundra,Arid
Whom degree,Fabaceae,47.76,Yellow,Urban,Tropical
Catch PM,Solanaceae,8.73,Green,Forest,Temperate
Crime money,Rosaceae,1.84,Green,Forest,Subtropical
Former south,Fabaceae,16.88,Purple,Desert,Tropical
Several education,Rosaceae,20.9,Yellow,Grassland,Polar
Health Mrs,Solanaceae,15.21,Blue,Freshwater,Arid
Expect where,Fabaceae,46.97,Green,Wetland,Temperate
His several,Rosaceae,6.75,Pink,Forest,Temperate
Paper offer,Solanaceae,45.81,Red,Desert,Temperate
Laugh back,Asteraceae,47.8,Red,Tundra,Tropical
However rest,Poaceae,27.7,Red,Urban,Arid
Walk share,Brassicaceae,25.53,Red,Grassland,Mediterranean
Have report,Solanaceae,18.14,White,Urban,Subtropical
Husband picture,Asteraceae,8.37,Yellow,Marine,Tropical
These would,Asteraceae,8.39,Purple,Marine,Temperate
Include weight,Fabaceae,27.46,Red,Wetland,Polar
Fine include,Solanaceae,49.49,Orange,Urban,Temperate
Watch edge,Rosaceae,41.11,Blue,Freshwater,Polar
Himself wide,Fabaceae,22.66,Orange,Grassland,Tropical
What least,Orchidaceae,41.67,White,Desert,Subtropical
Explain fall,Brassicaceae,35.19,Blue,Marine,Subtropical
Fill big,Solanaceae,34.7,Yellow,Forest,Arid
Bed wonder,Fabaceae,44.72,Purple,Wetland,Temperate
Sell off,Fabaceae,29.3,Green,Forest,Subtropical
Year must,Poaceae,47.4,Yellow,Grassland,Mediterranean
Young little,Rosaceae,21.92,Green,Tundra,Mediterranean
Indicate decade,Fabaceae,26.85,Red,Forest,Temperate
Country job,Asteraceae,44.22,Yellow,Tundra,Mediterranean
With could,Poaceae,39.39,Red,Grassland,Temperate
Box share,Orchidaceae,26.62,Pink,Grassland,Arid
All man,Poaceae,36.21,Yellow,Tundra,Polar
Maybe alone,Brassicaceae,7.36,Pink,Tundra,Tropical
Rock phone,Orchidaceae,49.36,Red,Tundra,Mediterranean
Wide vote,Rosaceae,45.76,Red,Urban,Mediterranean
End participant,Rosaceae,30.71,Red,Tundra,Tropical
Likely fill,Asteraceae,1.49,Red,Forest,Polar
Door instead,Orchidaceae,9.7,Orange,Urban,Tropical
Add matter,Asteraceae,27.89,Red,Tundra,Polar
Much million,Fabaceae,28.33,Purple,Desert,Polar
Operation think,Fabaceae,46.05,Green,Marine,Arid
Hundred magazine,Brassicaceae,34.64,Orange,Marine,Tropical
Above reason,Orchidaceae,37.17,Pink,Marine,Arid
Agreement nor,Rosaceae,35.23,Blue,Desert,Temperate
You call,Poaceae,20.11,White,Forest,Subtropical
Thank door,Brassicaceae,40.08,Blue,Grassland,Mediterranean
Follow consider,Brassicaceae,15.8,Red,Marine,Temperate
Population reach,Brassicaceae,48.05,Pink,Desert,Mediterranean
Church behavior,Rosaceae,44.42,Red,Wetland,Tropical
Chair ever,Orchidaceae,34.0,Pink,Grassland,Polar
Pm toward,Fabaceae,39.54,Yellow,Forest,Polar
Off many,Brassicaceae,11.25,Yellow,Freshwater,Subtropical
Station three,Orchidaceae,31.34,Red,Tundra,Polar
Machine its,Brassicaceae,12.62,Purple,Wetland,Arid
Again boy,Solanaceae,37.88,Blue,Desert,Arid
Model great,Rosaceae,14.9,Blue,Tundra,Arid
Responsibility finally,Asteraceae,33.0,Yellow,Desert,Mediterranean
Continue health,Fabaceae,24.66,White,Desert,Tropical
Employee scene,Fabaceae,4.49,Orange,Tundra,Temperate
Partner around,Poaceae,10.68,White,Marine,Mediterranean
Carry check,Orchidaceae,34.44,Pink,Urban,Subtropical
Chance small,Solanaceae,47.44,Red,Forest,Temperate
Staff provide,Orchidaceae,39.17,Pink,Urban,Tropical
Sit gun,Rosaceae,26.1,Green,Marine,Subtropical
Music head,Poaceae,36.26,Green,Tundra,Tropical
Around create,Poaceae,11.03,Green,Freshwater,Polar
Possible analysis,Poaceae,39.42,Red,Wetland,Temperate
Cup us,Orchidaceae,11.09,Green,Grassland,Tropical
Quite ask,Rosaceae,2.72,Orange,Wetland,Polar
Company early,Asteraceae,13.32,Green,Marine,Mediterranean
Hit author,Rosaceae,47.75,Yellow,Forest,Arid
Read treatment,Brassicaceae,7.95,Orange,Tundra,Arid
Sense might,Brassicaceae,10.3,Orange,Grassland,Arid
Financial purpose,Poaceae,14.56,White,Wetland,Mediterranean
Away see,Asteraceae,47.25,Pink,Wetland,Tropical
Remain against,Rosaceae,35.59,Blue,Desert,Tropical
Road ten,Rosaceae,1.37,Yellow,Wetland,Subtropical
Special else,Rosaceae,29.26,Blue,Tundra,Arid
During option,Poaceae,25.73,Blue,Forest,Arid
Area pattern,Asteraceae,14.28,Green,Tundra,Subtropical
Past tonight,Brassicaceae,19.23,Red,Wetland,Subtropical
Station long,Rosaceae,49.73,Orange,Desert,Tropical
Trouble tell,Rosaceae,32.83,Pink,Forest,Arid
Campaign none,Brassicaceae,32.2,Purple,Tundra,Arid
Threat situation,Rosaceae,29.43,Purple,Wetland,Temperate
Kind last,Orchidaceae,43.34,Green,Forest,Arid
Treatment above,Poaceae,42.95,Pink,Tundra,Polar
Traditional present,Orchidaceae,33.41,Yellow,Forest,Arid
Weight bad,Rosaceae,6.71,Red,Urban,Subtropical
Capital trouble,Fabaceae,2.08,Orange,Tundra,Temperate
Yet magazine,Fabaceae,11.67,Purple,Desert,Mediterranean
Claim agreement,Asteraceae,28.57,Red,Tundra,Tropical
West street,Brassicaceae,34.08,Green,Urban,Arid
Inside suffer,Rosaceae,26.04,Red,Wetland,Arid
Performance artist,Rosaceae,37.48,Red,Desert,Mediterranean
Western effect,Brassicaceae,26.24,Blue,Marine,Temperate
Assume know,Orchidaceae,25.11,Red,Freshwater,Subtropical
Decade prepare,Poaceae,14.77,Purple,Grassland,Mediterranean
Will ago,Orchidaceae,9.7,Green,Freshwater,Subtropical
Nor company,Poaceae,37.72,Orange,Desert,Arid
She subject,Brassicaceae,31.8,White,Desert,Tropical
Movement series,Fabaceae,44.36,Purple,Urban,Tropical
Then girl,Poaceae,12.39,Pink,Grassland,Mediterranean
Push institution,Solanaceae,23.26,Blue,Wetland,Tropical
Write respond,Asteraceae,44.04,Green,Tundra,Polar
Yeah list,Orchidaceae,28.97,Yellow,Marine,Arid
High white,Asteraceae,36.26,Green,Marine,Temperate
Despite middle,Orchidaceae,46.2,Green,Grassland,Subtropical
Significant should,Poaceae,11.66,Blue,Desert,Subtropical
Address none,Fabaceae,46.95,Orange,Forest,Tropical
Government author,Brassicaceae,13.72,Green,Tundra,Polar
End ground,Brassicaceae,45.76,Orange,Desert,Subtropical
Top almost,Poaceae,27.37,Purple,Grassland,Mediterranean
Evening system,Poaceae,12.41,White,Grassland,Subtropical
Age name,Poaceae,31.1,Pink,Tundra,Mediterranean
Wish good,Fabaceae,41.97,Red,Marine,Polar
Modern real,Fabaceae,10.29,Orange,Freshwater,Tropical
Always fine,Solanaceae,29.89,Purple,Desert,Tropical
Professional score,Solanaceae,13.05,White,Urban,Temperate
Environmental lead,Orchidaceae,32.73,Yellow,Urban,Tropical
Society time,Asteraceae,7.27,Orange,Marine,Tropical
Fast attention,Orchidaceae,2.6,Green,Desert,Arid
Movement democratic,Solanaceae,49.92,Red,Grassland,Tropical
Walk player,Brassicaceae,29.46,White,Urban,Polar
Leave fish,Fabaceae,22.09,White,Grassland,Subtropical
Many teach,Orchidaceae,24.4,Pink,Grassland,Polar
Within often,Brassicaceae,44.42,Yellow,Urban,Mediterranean
Visit century,Brassicaceae,25.41,Pink,Marine,Arid
Street many,Fabaceae,44.07,Green,Forest,Temperate
Result alone,Orchidaceae,11.4,Yellow,Freshwater,Subtropical
Finish visit,Rosaceae,12.47,White,Freshwater,Subtropical
Place short,Asteraceae,22.34,Purple,Freshwater,Temperate
Top have,Solanaceae,5.61,Red,Tundra,Mediterranean
Near sign,Brassicaceae,20.41,Yellow,Grassland,Arid
He yes,Poaceae,41.62,Yellow,Freshwater,Subtropical
Early man,Orchidaceae,19.61,Purple,Marine,Temperate
Letter herself,Poaceae,6.84,Red,Tundra,Subtropical
Fast finally,Fabaceae,19.82,Purple,Desert,Tropical
Meeting drive,Rosaceae,18.94,White,Urban,Subtropical
Live bar,Poaceae,7.39,Purple,Marine,Subtropical
Go reach,Brassicaceae,47.11,White,Desert,Arid
Message window,Fabaceae,35.01,Green,Grassland,Subtropical
Room door,Solanaceae,27.07,Purple,Wetland,Polar
Rather recognize,Brassicaceae,16.5,Blue,Urban,Mediterranean
Hundred ball,Rosaceae,15.76,Red,Forest,Polar
Draw peace,Orchidaceae,39.47,Orange,Marine,Arid
Course nor,Poaceae,42.97,Purple,Forest,Arid
Democrat wonder,Solanaceae,2.33,White,Wetland,Arid
Ago door,Fabaceae,22.11,Blue,Grassland,Mediterranean
Item style,Fabaceae,45.25,Orange,Marine,Mediterranean
Million use,Solanaceae,40.29,Purple,Tundra,Arid
Boy trial,Brassicaceae,25.52,Orange,Marine,Subtropical
That candidate,Solanaceae,2.29,Orange,Marine,Mediterranean
Example nice,Asteraceae,4.16,Orange,Forest,Polar
Road soldier,Fabaceae,35.57,Orange,Wetland,Polar
Yeah down,Brassicaceae,23.89,Purple,Urban,Tropical
Particularly whether,Rosaceae,35.33,Green,Forest,Subtropical
Learn range,Asteraceae,11.53,Pink,Marine,Arid
Board risk,Rosaceae,41.75,White,Wetland,Temperate
Popular receive,Orchidaceae,24.76,Yellow,Wetland,Subtropical
Send may,Brassicaceae,39.7,Pink,Urban,Arid
Security company,Poaceae,3.0,Blue,Forest,Polar
Push rate,Orchidaceae,25.8,Red,Desert,Arid
Pattern course,Fabaceae,49.49,Blue,Tundra,Tropical
Meeting last,Rosaceae,24.56,Red,Urban,Polar
Tv cover,Orchidaceae,49.22,Purple,Freshwater,Subtropical
Bit agent,Poaceae,40.46,Pink,Urban,Tropical
Suddenly home,Brassicaceae,36.57,Green,Grassland,Tropical
Responsibility management,Asteraceae,20.13,Pink,Urban,Temperate
Fight draw,Asteraceae,11.71,Blue,Grassland,Polar
Discuss assume,Orchidaceae,3.76,Purple,Grassland,Mediterranean
Floor successful,Poaceae,15.65,Green,Tundra,Temperate
Approach partner,Orchidaceae,22.95,White,Wetland,Mediterranean
Help rich,Poaceae,12.71,Yellow,Urban,Polar
Task follow,Poaceae,1.52,Pink,Desert,Subtropical
Evidence attack,Brassicaceae,23.8,Pink,Marine,Temperate
Age market,Rosaceae,38.71,Blue,Tundra,Temperate
Early specific,Solanaceae,46.01,Orange,Tundra,Subtropical
Clearly ahead,Rosaceae,13.69,Red,Wetland,Subtropical
Rise start,Poaceae,48.71,White,Marine,Temperate
Dream apply,Fabaceae,7.41,Red,Forest,Subtropical
Political specific,Poaceae,40.51,Orange,Wetland,Mediterranean
Around entire,Fabaceae,7.1,White,Freshwater,Arid
Bar draw,Asteraceae,11.7,Red,Wetland,Temperate
Reveal audience,Brassicaceae,25.8,Yellow,Tundra,Polar
Good remain,Orchidaceae,24.84,Green,Urban,Mediterranean
Miss social,Orchidaceae,48.86,White,Freshwater,Polar
Seven over,Brassicaceae,28.12,Yellow,Tundra,Subtropical
Worker air,Fabaceae,7.32,Purple,Freshwater,Polar
Shake later,Poaceae,2.6,Red,Forest,Temperate
Player whom,Brassicaceae,11.1,Yellow,Freshwater,Subtropical
Woman thought,Poaceae,26.13,Green,Forest,Polar
Garden cover,Fabaceae,46.03,Red,Forest,Tropical
Stay paper,Asteraceae,47.08,White,Grassland,Subtropical
Month successful,Asteraceae,41.92,Yellow,Marine,Subtropical
Woman mind,Brassicaceae,6.0,Pink,Grassland,Tropical
Population mention,Solanaceae,27.91,Green,Forest,Tropical
Public behavior,Orchidaceae,40.85,Purple,Urban,Temperate
Certainly focus,Fabaceae,41.81,Orange,Desert,Temperate
Where beyond,Orchidaceae,22.15,Orange,Freshwater,Temperate
Sometimes for,Poaceae,36.35,White,Desert,Mediterranean
Cup grow,Solanaceae,43.59,Green,Marine,Subtropical
Eat among,Orchidaceae,13.0,Orange,Wetland,Tropical
General such,Solanaceae,33.78,Yellow,Marine,Arid
Mention factor,Asteraceae,46.9,Yellow,Tundra,Subtropical
Against growth,Brassicaceae,22.29,White,Grassland,Temperate
Guess agree,Brassicaceae,7.87,Pink,Wetland,Mediterranean
Appear style,Solanaceae,10.57,Orange,Freshwater,Subtropical
Happy bad,Poaceae,49.86,Green,Marine,Polar
Tree control,Brassicaceae,32.61,Purple,Forest,Polar
Single fly,Fabaceae,49.82,Purple,Tundra,Polar
Guess state,Fabaceae,26.25,Blue,Forest,Polar
Represent goal,Fabaceae,31.2,Blue,Tundra,Temperate
Difference cup,Brassicaceae,32.38,Purple,Forest,Temperate
Mrs country,Solanaceae,31.62,Pink,Wetland,Arid
Population project,Orchidaceae,11.31,White,Marine,Subtropical
Record adult,Brassicaceae,16.02,Yellow,Wetland,Mediterranean
Cup too,Solanaceae,23.21,Red,Urban,Mediterranean
Finally skin,Poaceae,36.48,White,Desert,Arid
Else drop,Orchidaceae,23.35,Orange,Marine,Tropical
Author decide,Rosaceae,46.48,Purple,Wetland,Mediterranean
Cold consumer,Fabaceae,1.63,Blue,Wetland,Polar
Senior way,Brassicaceae,7.84,Blue,Urban,Arid
Baby magazine,Solanaceae,34.19,Pink,Freshwater,Arid
Face on,Poaceae,13.66,Green,Tundra,Temperate
Say final,Asteraceae,37.69,Blue,Desert,Tropical
Music senior,Brassicaceae,29.6,Green,Desert,Tropical
Technology weight,Asteraceae,45.68,Blue,Freshwater,Temperate
Down too,Poaceae,13.13,White,Freshwater,Temperate
Individual game,Fabaceae,11.41,Yellow,Desert,Arid
Interest opportunity,Solanaceae,44.93,White,Marine,Subtropical
Face traditional,Poaceae,38.61,White,Urban,Arid
Community property,Poaceae,42.68,Yellow,Desert,Tropical
Friend upon,Fabaceae,40.16,Orange,Marine,Temperate
Military cut,Asteraceae,31.62,Pink,Forest,Arid
Particular matter,Brassicaceae,13.6,White,Tundra,Mediterranean
May tend,Asteraceae,7.42,Red,Freshwater,Arid
Great upon,Orchidaceae,7.35,Orange,Marine,Tropical
Drive figure,Rosaceae,44.6,White,Grassland,Subtropical
Fact resource,Orchidaceae,49.2,White,Grassland,Subtropical
Around mother,Orchidaceae,2.55,Yellow,Desert,Subtropical
West carry,Fabaceae,46.18,Purple,Tundra,Subtropical
Bring bring,Rosaceae,14.31,Orange,Urban,Subtropical
Center low,Rosaceae,39.55,Green,Desert,Arid
Those other,Rosaceae,8.08,White,Tundra,Temperate
Inside ten,Rosaceae,13.05,Red,Freshwater,Temperate
Wish before,Asteraceae,7.83,Blue,Wetland,Mediterranean
Money heavy,Asteraceae,24.36,Pink,Tundra,Temperate
Least involve,Brassicaceae,35.38,Orange,Desert,Subtropical
Matter large,Asteraceae,48.57,Red,Wetland,Temperate
Establish again,Rosaceae,29.16,Red,Forest,Arid
Television window,Solanaceae,45.52,Yellow,Desert,Mediterranean
Voice religious,Rosaceae,9.64,Red,Urban,Polar
They their,Solanaceae,3.25,Yellow,Grassland,Mediterranean
Member become,Solanaceae,43.89,Orange,Forest,Tropical
Money especially,Brassicaceae,1.14,Purple,Forest,Arid
Second gun,Poaceae,3.59,Purple,Freshwater,Tropical
Reason argue,Asteraceae,39.84,Green,Forest,Arid
Claim under,Rosaceae,12.39,Blue,Urban,Polar
Purpose figure,Rosaceae,3.69,Pink,Marine,Subtropical
Institution commercial,Brassicaceae,38.75,Yellow,Forest,Subtropical
Human meeting,Fabaceae,36.22,Orange,Marine,Polar
Yes skin,Solanaceae,17.03,Blue,Marine,Subtropical
Window senior,Orchidaceae,29.51,Red,Marine,Tropical
West always,Fabaceae,27.98,Pink,Grassland,Arid
Power design,Fabaceae,25.84,Blue,Urban,Tropical
Image available,Asteraceae,13.37,Red,Tundra,Polar
Hand kid,Poaceae,30.93,Yellow,Wetland,Polar
Difficult approach,Orchidaceae,26.39,Red,Marine,Tropical
Relationship power,Rosaceae,17.21,Red,Forest,Mediterranean
Physical window,Rosaceae,32.88,Orange,Desert,Temperate
Campaign strategy,Asteraceae,6.06,Pink,Tundra,Mediterranean
Month evidence,Solanaceae,12.82,Yellow,Tundra,Arid
Wind season,Poaceae,30.33,Red,Desert,Mediterranean
Rich lay,Solanaceae,23.99,White,Forest,Subtropical
Everybody finally,Fabaceae,5.18,Blue,Urban,Tropical
Least movie,Rosaceae,6.69,Orange,Wetland,Temperate
Relate good,Solanaceae,24.63,Red,Grassland,Temperate
Subject dream,Asteraceae,15.04,Green,Marine,Polar
Authority each,Solanaceae,21.65,Orange,Wetland,Temperate
Story newspaper,Orchidaceae,21.43,Green,Grassland,Polar
His it,Orchidaceae,25.12,Green,Wetland,Subtropical
Prepare series,Solanaceae,45.5,Yellow,Freshwater,Subtropical
Hour program,Rosaceae,37.66,Red,Tundra,Temperate
Any now,Fabaceae,13.93,Yellow,Marine,Subtropical
Else day,Brassicaceae,36.82,Purple,Freshwater,Arid
Culture force,Asteraceae,18.3,Orange,Marine,Mediterranean
Effort center,Fabaceae,36.49,Pink,Grassland,Arid
Response again,Orchidaceae,26.43,Pink,Marine,Temperate
Safe election,Asteraceae,3.62,White,Forest,Subtropical
Consumer dog,Brassicaceae,39.99,Orange,Forest,Mediterranean
Write best,Asteraceae,35.9,Green,Grassland,Polar
Building through,Solanaceae,14.67,Yellow,Forest,Arid
Culture determine,Asteraceae,18.74,Pink,Desert,Polar
Bed before,Rosaceae,22.92,Pink,Forest,Arid
Blue such,Brassicaceae,20.56,Red,Grassland,Subtropical
Sign attention,Poaceae,41.56,Purple,Urban,Tropical
Future he,Fabaceae,10.08,Orange,Marine,Tropical
Necessary pick,Asteraceae,19.85,White,Urban,Temperate
Most benefit,Rosaceae,43.95,White,Desert,Arid
Our your,Asteraceae,7.96,Pink,Freshwater,Subtropical
Station less,Asteraceae,28.57,Blue,Urban,Subtropical
Official score,Solanaceae,43.24,Red,Desert,Temperate
Tough law,Orchidaceae,16.14,Yellow,Grassland,Mediterranean
Perform beautiful,Brassicaceae,7.17,Orange,Desert,Tropical
Fund car,Brassicaceae,24.2,Orange,Marine,Polar
Strategy measure,Poaceae,18.53,Green,Wetland,Temperate
Language prove,Brassicaceae,39.73,Green,Forest,Mediterranean
All middle,Poaceae,20.74,Purple,Forest,Mediterranean
Detail southern,Poaceae,13.56,Green,Urban,Tropical
Industry throughout,Rosaceae,46.59,Purple,Marine,Arid
Practice majority,Orchidaceae,8.93,Orange,Marine,Arid
Interesting where,Orchidaceae,40.13,White,Forest,Polar
Hour pass,Solanaceae,26.8,Orange,Desert,Polar
Daughter bag,Fabaceae,49.1,Yellow,Wetland,Mediterranean
Staff old,Fabaceae,12.17,Red,Grassland,Subtropical
Such religious,Asteraceae,17.5,White,Urban,Arid
Natural Republican,Brassicaceae,41.59,Green,Desert,Tropical
See image,Asteraceae,15.91,Orange,Forest,Subtropical
Particular suffer,Asteraceae,31.87,Yellow,Urban,Arid
Site throughout,Poaceae,10.35,Blue,Marine,Polar
