neuron_id,region,firing_rate_hz,spike_amplitude_mv,subject_species
NEUR_8911,Hippocampus,126.1,79.8,Mus musculus
NEUR_4449,Thalamus,94.75,113.72,Rattus norvegicus
NEUR_2800,Hypothalamus,18.4,75.8,Mus musculus
NEUR_2389,Cerebellum,144.53,37.02,Danio rerio
NEUR_9602,Cortex,72.62,23.57,Rattus norvegicus
NEUR_4154,Striatum,128.81,31.17,Mus musculus
NEUR_9815,Striatum,132.68,83.54,Macaca mulatta
NEUR_8652,Cerebellum,52.29,96.41,Rattus norvegicus
NEUR_3333,Hippocampus,17.33,74.96,Mus musculus
NEUR_9508,Cortex,144.01,26.89,Macaca mulatta
NEUR_9080,Hippocampus,8.47,28.6,Mus musculus
NEUR_6347,Cortex,56.16,56.82,Mus musculus
NEUR_8571,Cerebellum,10.81,51.19,Mus musculus
NEUR_5979,Cortex,9.94,33.66,Rattus norvegicus
NEUR_8542,Thalamus,105.38,101.55,Danio rerio
NEUR_5238,Thalamus,27.97,50.1,Macaca mulatta
NEUR_7737,Hippocampus,124.83,66.78,Mus musculus
NEUR_4551,Hippocampus,133.32,92.63,Mus musculus
NEUR_9291,Striatum,146.82,22.8,Macaca mulatta
NEUR_8590,Hypothalamus,67.84,85.92,Macaca mulatta
NEUR_4554,Hippocampus,145.35,42.54,Macaca mulatta
NEUR_1761,Amygdala,113.38,22.33,Macaca mulatta
NEUR_7368,Cortex,92.74,39.78,Rattus norvegicus
NEUR_2212,Hippocampus,40.92,99.46,Mus musculus
NEUR_3724,Thalamus,130.76,115.56,Rattus norvegicus
NEUR_7933,Amygdala,25.4,105.08,Rattus norvegicus
NEUR_2111,Hypothalamus,37.26,51.97,Mus musculus
NEUR_6501,Striatum,119.44,48.46,Danio rerio
NEUR_7055,Cerebellum,115.99,80.95,Danio rerio
NEUR_2811,Amygdala,139.35,24.91,Mus musculus
NEUR_9746,Striatum,38.25,10.44,Danio rerio
NEUR_7315,Striatum,25.67,45.01,Rattus norvegicus
NEUR_5035,Hypothalamus,107.02,44.91,Danio rerio
NEUR_3483,Thalamus,100.09,35.65,Danio rerio
NEUR_5382,Hippocampus,10.94,49.63,Rattus norvegicus
NEUR_9944,Amygdala,58.28,78.73,Danio rerio
NEUR_4441,Thalamus,81.51,61.42,Mus musculus
NEUR_8156,Amygdala,135.22,35.85,Mus musculus
NEUR_7761,Hypothalamus,66.22,104.32,Danio rerio
NEUR_3461,Cortex,39.89,67.33,Rattus norvegicus
NEUR_3971,Thalamus,99.09,21.08,Mus musculus
NEUR_7985,Amygdala,55.86,80.55,Rattus norvegicus
NEUR_2546,Amygdala,55.03,115.78,Rattus norvegicus
NEUR_3182,Hypothalamus,121.22,36.21,Mus musculus
NEUR_9391,Hippocampus,57.93,42.22,Rattus norvegicus
NEUR_2789,Cortex,81.98,57.21,Macaca mulatta
NEUR_9196,Striatum,27.39,49.11,Rattus norvegicus
NEUR_6260,Amygdala,24.78,26.2,Macaca mulatta
NEUR_4906,Striatum,17.68,112.9,Rattus norvegicus
NEUR_1518,Striatum,30.26,69.27,Rattus norvegicus
NEUR_2154,Hypothalamus,80.12,26.87,Danio rerio
NEUR_5122,Hippocampus,142.9,74.13,Mus musculus
NEUR_6052,Hippocampus,142.69,24.19,Rattus norvegicus
NEUR_4260,Thalamus,135.56,97.56,Mus musculus
NEUR_1038,Hypothalamus,125.41,116.18,Rattus norvegicus
NEUR_3123,Hippocampus,101.03,12.66,Mus musculus
NEUR_8235,Hypothalamus,9.97,38.84,Macaca mulatta
NEUR_7560,Cerebellum,0.94,75.91,Danio rerio
NEUR_9006,Thalamus,126.01,114.3,Rattus norvegicus
NEUR_6046,Hippocampus,49.84,107.98,Rattus norvegicus
NEUR_5940,Amygdala,9.88,29.78,Macaca mulatta
NEUR_2349,Hypothalamus,40.51,22.32,Mus musculus
NEUR_4827,Hippocampus,136.37,14.55,Macaca mulatta
NEUR_1979,Cortex,49.05,18.74,Macaca mulatta
NEUR_7057,Hippocampus,7.31,108.36,Rattus norvegicus
NEUR_6360,Hippocampus,124.65,97.0,Mus musculus
NEUR_4703,Thalamus,120.79,13.26,Rattus norvegicus
NEUR_4733,Hippocampus,129.11,43.09,Macaca mulatta
NEUR_1470,Cerebellum,27.47,100.02,Macaca mulatta
NEUR_9109,Thalamus,54.85,27.29,Rattus norvegicus
NEUR_9764,Hypothalamus,98.69,20.27,Danio rerio
NEUR_5050,Hypothalamus,83.99,53.1,Rattus norvegicus
NEUR_7111,Striatum,1.23,35.07,Mus musculus
NEUR_3942,Thalamus,35.7,33.27,Rattus norvegicus
NEUR_4305,Hypothalamus,8.3,102.8,Rattus norvegicus
NEUR_8681,Hypothalamus,18.76,28.54,Macaca mulatta
NEUR_9571,Hippocampus,140.77,58.79,Mus musculus
NEUR_2409,Hypothalamus,98.29,92.23,Danio rerio
NEUR_6331,Hypothalamus,107.94,14.98,Macaca mulatta
NEUR_3157,Hypothalamus,61.88,49.43,Mus musculus
NEUR_1585,Thalamus,5.76,19.35,Mus musculus
NEUR_3551,Cortex,68.05,41.31,Macaca mulatta
NEUR_1328,Hippocampus,92.16,45.5,Mus musculus
NEUR_8047,Thalamus,84.3,73.23,Macaca mulatta
NEUR_4694,Hippocampus,123.14,55.92,Danio rerio
NEUR_5036,Hippocampus,8.74,12.08,Rattus norvegicus
NEUR_6014,Cerebellum,124.06,111.7,Mus musculus
NEUR_9650,Hippocampus,20.86,42.36,Danio rerio
NEUR_5520,Hippocampus,123.18,99.53,Macaca mulatta
NEUR_5177,Striatum,94.2,14.08,Rattus norvegicus
NEUR_3073,Striatum,29.99,91.37,Danio rerio
NEUR_1540,Hippocampus,90.32,27.77,Mus musculus
NEUR_2688,Striatum,17.78,17.9,Rattus norvegicus
NEUR_6500,Hypothalamus,82.95,74.53,Rattus norvegicus
NEUR_2040,Amygdala,144.39,107.19,Rattus norvegicus
NEUR_5331,Hippocampus,118.96,50.05,Macaca mulatta
NEUR_6632,Hypothalamus,138.56,97.58,Rattus norvegicus
NEUR_6204,Striatum,148.11,15.74,Danio rerio
NEUR_8597,Cerebellum,90.72,29.5,Macaca mulatta
NEUR_7155,Cortex,85.56,22.26,Mus musculus
NEUR_8982,Hippocampus,137.94,57.96,Mus musculus
NEUR_3610,Thalamus,36.24,43.75,Macaca mulatta
NEUR_1244,Amygdala,85.06,111.8,Macaca mulatta
NEUR_5750,Hippocampus,118.2,98.43,Rattus norvegicus
NEUR_7149,Hypothalamus,51.43,38.36,Mus musculus
NEUR_9297,Cerebellum,122.54,36.02,Danio rerio
NEUR_3559,Hippocampus,84.35,69.53,Danio rerio
NEUR_1777,Amygdala,128.54,38.91,Danio rerio
NEUR_3906,Hypothalamus,31.47,41.56,Macaca mulatta
NEUR_5559,Hippocampus,47.57,17.41,Danio rerio
NEUR_9627,Hippocampus,71.34,45.97,Rattus norvegicus
NEUR_9253,Hippocampus,134.22,103.64,Mus musculus
NEUR_1684,Striatum,143.67,25.57,Rattus norvegicus
NEUR_9831,Hypothalamus,130.57,76.24,Mus musculus
NEUR_6380,Cerebellum,39.89,101.78,Mus musculus
NEUR_5894,Striatum,59.07,25.6,Danio rerio
NEUR_7358,Thalamus,44.83,21.15,Mus musculus
NEUR_6482,Striatum,66.01,61.96,Rattus norvegicus
NEUR_9398,Hippocampus,62.75,95.81,Macaca mulatta
NEUR_2886,Amygdala,31.24,117.21,Macaca mulatta
NEUR_7134,Cerebellum,139.11,21.05,Macaca mulatta
NEUR_5493,Cerebellum,115.65,44.04,Macaca mulatta
NEUR_8517,Hypothalamus,44.29,81.06,Macaca mulatta
NEUR_4190,Amygdala,105.59,23.3,Danio rerio
NEUR_8745,Hypothalamus,29.63,30.54,Rattus norvegicus
NEUR_5865,Hippocampus,1.33,31.95,Macaca mulatta
NEUR_4469,Hippocampus,53.36,43.78,Mus musculus
NEUR_4085,Amygdala,9.87,45.42,Danio rerio
NEUR_6358,Thalamus,38.79,24.31,Rattus norvegicus
NEUR_6467,Hippocampus,41.4,11.07,Mus musculus
NEUR_2068,Hippocampus,85.71,89.2,Macaca mulatta
NEUR_1924,Cortex,20.41,11.66,Rattus norvegicus
NEUR_7973,Striatum,29.34,97.67,Macaca mulatta
NEUR_2747,Cortex,52.95,118.46,Macaca mulatta
NEUR_5544,Hippocampus,63.5,98.45,Rattus norvegicus
NEUR_8668,Cortex,24.88,58.74,Rattus norvegicus
NEUR_3233,Amygdala,41.01,15.81,Rattus norvegicus
NEUR_9168,Cerebellum,102.72,58.75,Mus musculus
NEUR_5730,Cerebellum,118.46,28.95,Danio rerio
NEUR_5929,Thalamus,91.55,18.68,Mus musculus
NEUR_7490,Hippocampus,84.57,113.51,Danio rerio
NEUR_4487,Thalamus,76.71,106.39,Macaca mulatta
NEUR_3493,Cortex,2.69,43.67,Macaca mulatta
NEUR_6917,Amygdala,17.07,119.21,Macaca mulatta
NEUR_9276,Striatum,131.27,75.54,Macaca mulatta
NEUR_8786,Striatum,68.66,73.89,Rattus norvegicus
NEUR_3704,Striatum,44.68,38.31,Mus musculus
NEUR_3997,Hippocampus,149.54,118.45,Mus musculus
NEUR_1657,Striatum,15.67,115.74,Mus musculus
NEUR_4655,Striatum,128.8,88.88,Mus musculus
NEUR_2599,Striatum,122.04,79.94,Macaca mulatta
NEUR_7481,Cortex,121.52,106.62,Macaca mulatta
NEUR_6561,Thalamus,91.39,32.92,Rattus norvegicus
NEUR_9491,Striatum,8.86,114.49,Danio rerio
NEUR_9906,Cortex,75.13,79.95,Danio rerio
NEUR_4504,Hypothalamus,16.22,15.84,Macaca mulatta
NEUR_7145,Striatum,102.39,75.01,Macaca mulatta
NEUR_8118,Hippocampus,145.12,87.06,Rattus norvegicus
NEUR_4677,Cortex,83.05,23.99,Mus musculus
NEUR_4791,Striatum,12.65,56.94,Macaca mulatta
NEUR_9024,Amygdala,113.37,98.17,Mus musculus
NEUR_1888,Amygdala,84.87,66.42,Macaca mulatta
NEUR_3047,Thalamus,82.3,87.89,Rattus norvegicus
NEUR_5752,Striatum,24.52,19.51,Macaca mulatta
NEUR_4231,Striatum,135.78,64.32,Macaca mulatta
NEUR_2885,Thalamus,34.57,65.41,Mus musculus
NEUR_6496,Cerebellum,148.02,33.9,Rattus norvegicus
NEUR_8657,Cortex,32.21,82.6,Macaca mulatta
NEUR_6164,Hypothalamus,58.32,91.54,Macaca mulatta
NEUR_3059,Thalamus,130.47,81.28,Macaca mulatta
NEUR_5765,Thalamus,96.96,114.03,Macaca mulatta
NEUR_5875,Striatum,62.19,53.33,Danio rerio
NEUR_5631,Cerebellum,16.02,55.67,Danio rerio
NEUR_2208,Amygdala,134.06,60.96,Rattus norvegicus
NEUR_8677,Cerebellum,110.24,112.13,Rattus norvegicus
NEUR_3059,Amygdala,26.49,118.11,Mus musculus
NEUR_9143,Hippocampus,4.67,111.65,Danio rerio
NEUR_6164,Hippocampus,82.31,17.11,Macaca mulatta
NEUR_3344,Thalamus,69.75,19.58,Mus musculus
NEUR_9724,Striatum,125.92,23.31,Danio rerio
NEUR_9342,Hippocampus,33.98,38.91,Rattus norvegicus
NEUR_9775,Thalamus,1.38,93.87,Mus musculus
NEUR_9766,Striatum,0.79,27.05,Rattus norvegicus
NEUR_1185,Amygdala,104.07,103.66,Danio rerio
NEUR_6653,Hippocampus,129.24,57.63,Rattus norvegicus
NEUR_5067,Thalamus,52.93,16.47,Danio rerio
NEUR_4056,Thalamus,6.77,24.05,Macaca mulatta
NEUR_7306,Striatum,113.94,42.21,Danio rerio
NEUR_5424,Amygdala,114.66,118.77,Rattus norvegicus
NEUR_4358,Amygdala,28.84,80.58,Danio rerio
NEUR_6028,Thalamus,115.07,38.34,Macaca mulatta
NEUR_4366,Striatum,9.38,15.06,Mus musculus
NEUR_4431,Thalamus,115.19,11.61,Rattus norvegicus
NEUR_9347,Cortex,24.43,40.9,Danio rerio
NEUR_6717,Cortex,36.55,33.79,Danio rerio
NEUR_5450,Hypothalamus,82.87,37.25,Danio rerio
NEUR_7406,Amygdala,96.13,47.14,Danio rerio
NEUR_9593,Hippocampus,4.63,56.21,Danio rerio
NEUR_9901,Amygdala,133.34,72.75,Danio rerio
NEUR_3912,Thalamus,111.88,48.62,Danio rerio
NEUR_2377,Amygdala,1.87,102.01,Danio rerio
NEUR_9667,Thalamus,83.64,56.57,Macaca mulatta
NEUR_6343,Hippocampus,24.57,29.59,Danio rerio
NEUR_4923,Cerebellum,9.02,86.37,Mus musculus
NEUR_1498,Amygdala,16.11,71.22,Mus musculus
NEUR_2786,Cerebellum,58.58,31.91,Macaca mulatta
NEUR_1998,Hypothalamus,24.25,44.63,Rattus norvegicus
NEUR_1142,Hippocampus,41.8,92.66,Rattus norvegicus
NEUR_4575,Hypothalamus,90.3,35.91,Rattus norvegicus
NEUR_3813,Striatum,1.89,100.42,Rattus norvegicus
NEUR_4120,Hypothalamus,149.16,36.62,Mus musculus
NEUR_9103,Striatum,103.27,74.47,Mus musculus
NEUR_3337,Hypothalamus,41.54,22.93,Rattus norvegicus
NEUR_2263,Cerebellum,70.2,29.26,Mus musculus
NEUR_4458,Hypothalamus,126.49,44.51,Rattus norvegicus
NEUR_4282,Amygdala,80.4,85.67,Danio rerio
NEUR_2546,Striatum,126.9,18.19,Macaca mulatta
NEUR_7150,Thalamus,64.94,41.76,Macaca mulatta
NEUR_4863,Cerebellum,68.12,100.15,Mus musculus
NEUR_8054,Cerebellum,149.15,106.22,Mus musculus
NEUR_8825,Amygdala,149.12,49.42,Macaca mulatta
NEUR_5083,Cortex,2.5,16.38,Rattus norvegicus
NEUR_9278,Cerebellum,87.21,92.51,Rattus norvegicus
NEUR_9870,Cortex,141.43,61.91,Rattus norvegicus
NEUR_4409,Striatum,131.33,119.41,Danio rerio
NEUR_6878,Cortex,0.99,95.12,Rattus norvegicus
NEUR_5649,Cerebellum,15.49,66.31,Danio rerio
NEUR_7677,Hypothalamus,140.91,36.77,Mus musculus
NEUR_6360,Cerebellum,104.51,73.9,Danio rerio
NEUR_1653,Cortex,1.02,20.66,Mus musculus
NEUR_4671,Thalamus,117.98,95.85,Rattus norvegicus
NEUR_3223,Hippocampus,109.36,14.72,Rattus norvegicus
NEUR_3717,Cerebellum,28.94,14.7,Mus musculus
NEUR_5863,Cerebellum,117.64,44.82,Macaca mulatta
NEUR_6748,Striatum,85.2,106.43,Mus musculus
NEUR_3745,Thalamus,133.22,64.18,Macaca mulatta
NEUR_9604,Thalamus,56.78,42.65,Mus musculus
NEUR_1357,Amygdala,140.59,101.48,Mus musculus
NEUR_4898,Cerebellum,79.69,67.84,Rattus norvegicus
NEUR_4210,Amygdala,51.44,114.53,Macaca mulatta
NEUR_2514,Hypothalamus,147.62,38.44,Rattus norvegicus
NEUR_8033,Hippocampus,28.4,74.2,Macaca mulatta
NEUR_2070,Striatum,131.26,11.34,Danio rerio
NEUR_9052,Thalamus,61.83,78.49,Macaca mulatta
NEUR_5676,Striatum,103.46,29.28,Mus musculus
NEUR_1869,Thalamus,62.5,104.52,Macaca mulatta
NEUR_7770,Cerebellum,17.64,45.77,Rattus norvegicus
NEUR_4233,Hippocampus,85.47,67.33,Macaca mulatta
NEUR_5057,Cerebellum,52.57,87.62,Danio rerio
NEUR_4183,Cortex,144.28,73.36,Danio rerio
NEUR_2107,Cortex,86.82,96.91,Mus musculus
NEUR_3300,Thalamus,39.22,100.45,Danio rerio
NEUR_4693,Amygdala,54.17,119.46,Danio rerio
NEUR_1139,Cerebellum,31.44,27.57,Mus musculus
NEUR_6686,Cortex,131.26,40.3,Macaca mulatta
NEUR_9613,Hippocampus,107.81,22.62,Danio rerio
NEUR_4388,Thalamus,17.45,32.0,Danio rerio
NEUR_5123,Amygdala,38.09,56.63,Danio rerio
NEUR_1223,Hippocampus,127.29,106.59,Macaca mulatta
NEUR_6016,Hypothalamus,2.03,51.4,Rattus norvegicus
NEUR_5008,Cerebellum,105.13,68.54,Danio rerio
NEUR_7327,Amygdala,51.65,118.08,Danio rerio
NEUR_9614,Amygdala,76.36,80.4,Mus musculus
NEUR_9506,Cortex,104.92,52.22,Danio rerio
NEUR_9274,Hippocampus,0.97,83.87,Danio rerio
NEUR_6969,Cortex,106.95,103.76,Mus musculus
NEUR_6573,Hippocampus,61.1,54.29,Danio rerio
NEUR_1792,Cerebellum,11.51,33.88,Danio rerio
NEUR_7952,Striatum,105.77,51.72,Danio rerio
NEUR_6661,Thalamus,5.23,74.55,Macaca mulatta
NEUR_9665,Amygdala,119.9,110.0,Mus musculus
NEUR_7244,Thalamus,124.47,72.79,Rattus norvegicus
NEUR_6637,Striatum,67.2,61.5,Rattus norvegicus
NEUR_4859,Cortex,13.26,41.99,Danio rerio
NEUR_1236,Cerebellum,14.45,104.18,Mus musculus
NEUR_2804,Hippocampus,48.04,52.08,Macaca mulatta
NEUR_3931,Cerebellum,85.64,45.74,Rattus norvegicus
NEUR_8399,Cerebellum,52.54,98.53,Mus musculus
NEUR_9448,Amygdala,17.54,17.48,Macaca mulatta
NEUR_3872,Thalamus,117.17,76.85,Rattus norvegicus
NEUR_4237,Hypothalamus,8.4,115.98,Mus musculus
NEUR_4391,Hypothalamus,45.98,105.53,Rattus norvegicus
NEUR_4122,Striatum,76.73,60.56,Mus musculus
NEUR_2726,Amygdala,99.32,118.82,Mus musculus
NEUR_6643,Hippocampus,100.45,81.89,Danio rerio
NEUR_6857,Cortex,113.95,75.86,Rattus norvegicus
NEUR_6991,Striatum,118.08,98.89,Mus musculus
NEUR_4984,Thalamus,85.9,85.78,Danio rerio
NEUR_7663,Cerebellum,90.42,23.6,Rattus norvegicus
NEUR_4993,Hippocampus,42.89,100.42,Macaca mulatta
NEUR_2019,Hypothalamus,17.37,75.88,Mus musculus
NEUR_2534,Cortex,43.8,74.37,Danio rerio
NEUR_9000,Cortex,88.84,11.87,Danio rerio
NEUR_4488,Thalamus,35.07,88.92,Mus musculus
NEUR_6256,Thalamus,12.93,44.79,Mus musculus
NEUR_2504,Cerebellum,128.15,37.63,Mus musculus
NEUR_4354,Thalamus,109.3,19.06,Rattus norvegicus
NEUR_7679,Striatum,84.35,114.01,Rattus norvegicus
NEUR_2943,Striatum,111.85,91.78,Danio rerio
NEUR_3082,Cortex,70.74,27.14,Danio rerio
NEUR_9042,Striatum,35.99,71.97,Rattus norvegicus
NEUR_7404,Cerebellum,63.7,10.73,Mus musculus
NEUR_6426,Striatum,82.03,105.1,Mus musculus
NEUR_1452,Hypothalamus,95.54,60.94,Mus musculus
NEUR_6221,Thalamus,125.48,43.53,Mus musculus
NEUR_8300,Cerebellum,127.49,80.24,Danio rerio
NEUR_4387,Hypothalamus,104.83,50.41,Macaca mulatta
NEUR_7330,Thalamus,141.79,45.1,Rattus norvegicus
NEUR_2486,Thalamus,33.45,45.58,Rattus norvegicus
NEUR_7448,Cortex,139.62,70.75,Danio rerio
NEUR_2898,Cerebellum,24.37,108.11,Macaca mulatta
NEUR_2961,Thalamus,91.42,108.8,Mus musculus
NEUR_4178,Amygdala,77.27,14.27,Mus musculus
NEUR_7260,Cortex,104.8,71.13,Rattus norvegicus
NEUR_7979,Striatum,63.12,109.77,Rattus norvegicus
NEUR_3977,Amygdala,102.7,119.31,Rattus norvegicus
NEUR_3997,Hypothalamus,55.79,65.54,Mus musculus
NEUR_5030,Cortex,53.5,57.38,Mus musculus
NEUR_9127,Hippocampus,26.64,49.67,Macaca mulatta
NEUR_2862,Thalamus,122.85,98.75,Mus musculus
NEUR_6168,Thalamus,88.28,46.5,Rattus norvegicus
NEUR_2774,Cerebellum,13.52,117.96,Danio rerio
NEUR_1092,Hypothalamus,71.28,12.34,Danio rerio
NEUR_5208,Cerebellum,28.76,95.4,Mus musculus
NEUR_1292,Hippocampus,19.29,49.46,Macaca mulatta
NEUR_2659,Thalamus,111.11,52.99,Mus musculus
NEUR_7295,Hypothalamus,131.1,96.15,Danio rerio
NEUR_4815,Thalamus,16.12,109.38,Danio rerio
NEUR_3089,Hypothalamus,140.32,22.58,Macaca mulatta
NEUR_5565,Striatum,66.11,42.42,Mus musculus
NEUR_7108,Cerebellum,135.35,25.19,Mus musculus
NEUR_4363,Amygdala,133.22,116.12,Danio rerio
NEUR_5360,Cortex,62.78,108.15,Danio rerio
NEUR_5415,Hippocampus,23.46,44.19,Danio rerio
NEUR_1337,Hypothalamus,75.94,56.54,Mus musculus
NEUR_7333,Cerebellum,137.56,119.75,Danio rerio
NEUR_6776,Amygdala,145.4,93.95,Danio rerio
NEUR_4461,Hippocampus,64.03,69.38,Rattus norvegicus
NEUR_5692,Hypothalamus,109.81,35.1,Rattus norvegicus
NEUR_4775,Striatum,43.15,52.74,Rattus norvegicus
NEUR_5085,Hippocampus,85.94,65.34,Macaca mulatta
NEUR_3057,Amygdala,91.82,77.39,Macaca mulatta
NEUR_4874,Hypothalamus,3.73,27.44,Danio rerio
NEUR_6795,Cerebellum,62.2,37.33,Mus musculus
NEUR_9276,Cortex,42.59,22.88,Mus musculus
NEUR_6061,Cortex,122.35,78.7,Macaca mulatta
NEUR_5162,Cerebellum,69.79,50.74,Macaca mulatta
NEUR_6285,Cerebellum,27.07,113.57,Macaca mulatta
NEUR_4706,Hypothalamus,24.69,103.25,Mus musculus
NEUR_7424,Cortex,24.86,114.3,Mus musculus
NEUR_1239,Cerebellum,101.6,93.59,Macaca mulatta
NEUR_5435,Hippocampus,111.1,40.44,Rattus norvegicus
NEUR_1795,Cerebellum,64.05,89.51,Rattus norvegicus
NEUR_6200,Thalamus,101.75,43.44,Danio rerio
NEUR_6791,Hippocampus,28.48,29.65,Rattus norvegicus
NEUR_5509,Amygdala,132.16,50.67,Macaca mulatta
NEUR_4746,Hypothalamus,133.18,50.87,Danio rerio
NEUR_8839,Hippocampus,48.71,68.2,Danio rerio
NEUR_8155,Cerebellum,27.49,51.24,Rattus norvegicus
NEUR_5364,Amygdala,112.57,109.84,Macaca mulatta
NEUR_5301,Thalamus,36.67,111.88,Rattus norvegicus
NEUR_2624,Hypothalamus,28.04,62.97,Macaca mulatta
NEUR_2612,Amygdala,48.38,82.23,Danio rerio
NEUR_1403,Thalamus,59.81,99.73,Danio rerio
NEUR_6272,Hypothalamus,47.72,109.16,Mus musculus
NEUR_4997,Thalamus,72.61,57.68,Danio rerio
NEUR_5731,Cerebellum,91.51,118.07,Macaca mulatta
NEUR_4972,Striatum,45.48,27.63,Danio rerio
NEUR_3988,Cortex,124.11,72.35,Macaca mulatta
NEUR_8157,Amygdala,9.54,61.5,Macaca mulatta
NEUR_9895,Striatum,59.31,85.33,Rattus norvegicus
NEUR_9194,Hypothalamus,59.08,99.78,Rattus norvegicus
NEUR_6570,Amygdala,138.56,25.46,Danio rerio
NEUR_4720,Thalamus,0.87,118.46,Danio rerio
NEUR_1659,Cerebellum,83.26,31.81,Danio rerio
NEUR_5161,Hippocampus,10.82,97.59,Danio rerio
NEUR_7932,Striatum,76.23,23.39,Macaca mulatta
NEUR_2454,Cerebellum,106.7,31.99,Mus musculus
NEUR_7472,Hippocampus,73.77,111.28,Mus musculus
NEUR_2967,Striatum,121.45,17.07,Mus musculus
NEUR_5796,Cortex,10.29,74.18,Rattus norvegicus
NEUR_2343,Cortex,132.17,48.39,Rattus norvegicus
NEUR_4250,Striatum,149.46,79.55,Macaca mulatta
NEUR_6768,Striatum,138.96,90.89,Rattus norvegicus
NEUR_4857,Hypothalamus,113.53,65.36,Mus musculus
NEUR_5251,Hippocampus,83.72,46.6,Macaca mulatta
NEUR_8776,Thalamus,1.07,17.61,Rattus norvegicus
NEUR_5043,Hippocampus,72.76,92.99,Rattus norvegicus
NEUR_4531,Hypothalamus,76.88,112.64,Mus musculus
NEUR_6234,Thalamus,50.28,90.66,Mus musculus
NEUR_7519,Thalamus,65.59,90.17,Danio rerio
NEUR_2634,Thalamus,7.98,25.61,Danio rerio
NEUR_3670,Amygdala,105.22,12.65,Macaca mulatta
NEUR_4735,Amygdala,45.49,44.78,Mus musculus
NEUR_7973,Hippocampus,148.87,56.28,Danio rerio
NEUR_6879,Striatum,109.97,63.45,Mus musculus
NEUR_8849,Striatum,127.52,103.86,Macaca mulatta
NEUR_9708,Striatum,80.59,77.92,Danio rerio
NEUR_7587,Amygdala,69.16,111.64,Danio rerio
NEUR_9188,Hypothalamus,90.03,83.18,Danio rerio
NEUR_5821,Hypothalamus,147.76,63.36,Danio rerio
NEUR_9729,Amygdala,22.01,27.98,Mus musculus
NEUR_6573,Cortex,48.05,20.09,Danio rerio
NEUR_5348,Hippocampus,41.03,106.63,Mus musculus
NEUR_1304,Amygdala,112.13,108.84,Danio rerio
NEUR_5101,Hypothalamus,111.99,60.19,Rattus norvegicus
NEUR_9843,Hypothalamus,134.48,50.1,Danio rerio
NEUR_8213,Cortex,42.45,12.88,Danio rerio
NEUR_9518,Amygdala,51.4,29.96,Mus musculus
NEUR_3763,Striatum,5.83,33.48,Macaca mulatta
NEUR_1724,Cortex,42.68,116.68,Rattus norvegicus
NEUR_7706,Hippocampus,103.4,58.05,Macaca mulatta
NEUR_5856,Cerebellum,142.06,84.43,Mus musculus
NEUR_6746,Striatum,4.33,66.99,Macaca mulatta
NEUR_8136,Hippocampus,108.76,81.59,Rattus norvegicus
NEUR_1963,Amygdala,126.82,83.87,Macaca mulatta
NEUR_8660,Cerebellum,139.73,79.95,Mus musculus
NEUR_9561,Hypothalamus,129.21,44.76,Rattus norvegicus
NEUR_8257,Cortex,27.42,96.14,Rattus norvegicus
NEUR_8266,Hypothalamus,129.9,107.83,Rattus norvegicus
NEUR_3023,Hypothalamus,12.84,18.46,Mus musculus
NEUR_2756,Amygdala,140.74,38.4,Rattus norvegicus
NEUR_9782,Hippocampus,137.23,30.77,Mus musculus
NEUR_6014,Hypothalamus,10.77,31.78,Macaca mulatta
NEUR_5476,Striatum,106.52,26.23,Rattus norvegicus
NEUR_7924,Thalamus,143.57,45.69,Rattus norvegicus
NEUR_3278,Cerebellum,135.08,11.4,Macaca mulatta
NEUR_1617,Hypothalamus,110.22,66.13,Rattus norvegicus
NEUR_1885,Amygdala,103.09,59.43,Mus musculus
NEUR_4566,Hypothalamus,108.01,84.85,Macaca mulatta
NEUR_4442,Cortex,0.2,65.99,Danio rerio
NEUR_5731,Cortex,144.19,20.41,Macaca mulatta
NEUR_8989,Cerebellum,93.12,97.9,Mus musculus
NEUR_6563,Striatum,124.82,37.55,Mus musculus
NEUR_7819,Thalamus,143.23,118.77,Mus musculus
NEUR_6084,Amygdala,136.27,77.17,Danio rerio
NEUR_3223,Amygdala,119.64,27.34,Mus musculus
NEUR_4076,Cortex,9.5,119.98,Danio rerio
NEUR_7166,Striatum,4.92,114.22,Danio rerio
NEUR_3938,Amygdala,122.37,92.37,Danio rerio
NEUR_4325,Cerebellum,61.43,38.58,Danio rerio
NEUR_5924,Hypothalamus,121.07,76.34,Rattus norvegicus
NEUR_7238,Thalamus,141.41,24.44,Rattus norvegicus
NEUR_5583,Thalamus,18.5,97.85,Mus musculus
NEUR_5348,Thalamus,128.8,61.49,Macaca mulatta
NEUR_2761,Amygdala,37.66,40.65,Danio rerio
NEUR_3233,Thalamus,87.99,33.71,Macaca mulatta
NEUR_1148,Thalamus,82.77,111.83,Macaca mulatta
NEUR_2714,Thalamus,21.73,63.28,Danio rerio
NEUR_5247,Striatum,127.99,70.53,Macaca mulatta
NEUR_8407,Amygdala,127.28,14.55,Macaca mulatta
NEUR_2765,Cerebellum,60.26,57.01,Danio rerio
NEUR_4294,Cerebellum,30.6,63.75,Mus musculus
NEUR_4740,Thalamus,3.5,64.88,Danio rerio
NEUR_8867,Striatum,113.91,103.57,Danio rerio
NEUR_6775,Cerebellum,7.91,93.19,Mus musculus
NEUR_6407,Thalamus,90.2,53.84,Macaca mulatta
NEUR_9777,Amygdala,47.62,99.98,Danio rerio
NEUR_5287,Hippocampus,79.56,108.01,Danio rerio
NEUR_9796,Hypothalamus,115.61,99.66,Macaca mulatta
NEUR_3943,Amygdala,73.97,15.06,Mus musculus
NEUR_4514,Cerebellum,23.16,65.32,Macaca mulatta
NEUR_9032,Hypothalamus,4.87,59.02,Rattus norvegicus
NEUR_9569,Amygdala,137.78,43.42,Mus musculus
NEUR_5825,Hippocampus,109.25,77.32,Macaca mulatta
NEUR_6821,Thalamus,140.21,10.88,Mus musculus
NEUR_1774,Amygdala,83.62,80.9,Macaca mulatta
NEUR_9083,Cortex,90.32,22.01,Macaca mulatta
NEUR_6227,Amygdala,113.84,116.06,Macaca mulatta
NEUR_9534,Cortex,103.29,57.16,Rattus norvegicus
NEUR_6347,Thalamus,138.1,101.62,Rattus norvegicus
NEUR_8819,Cerebellum,42.65,96.37,Mus musculus
NEUR_5061,Cortex,140.88,23.62,Danio rerio
NEUR_1491,Hippocampus,147.31,65.25,Rattus norvegicus
NEUR_9315,Cortex,119.51,114.69,Mus musculus
NEUR_4365,Cerebellum,100.43,83.3,Danio rerio
NEUR_4198,Striatum,24.72,92.06,Danio rerio
NEUR_3836,Cerebellum,113.75,84.57,Danio rerio
NEUR_7359,Amygdala,8.29,100.54,Macaca mulatta
NEUR_3067,Striatum,30.51,70.03,Macaca mulatta
NEUR_9277,Amygdala,63.32,84.96,Macaca mulatta
NEUR_2451,Thalamus,149.72,38.59,Mus musculus
NEUR_7451,Striatum,146.48,114.09,Rattus norvegicus
NEUR_5262,Striatum,82.7,60.3,Danio rerio
NEUR_4451,Hippocampus,139.95,74.49,Danio rerio
NEUR_1753,Thalamus,50.08,12.81,Macaca mulatta
NEUR_3582,Thalamus,147.21,22.57,Danio rerio
NEUR_7974,Striatum,61.49,114.54,Mus musculus
NEUR_9942,Thalamus,97.93,98.01,Rattus norvegicus
NEUR_3929,Cerebellum,29.14,62.12,Danio rerio
NEUR_5250,Striatum,1.17,99.95,Mus musculus
NEUR_8484,Hippocampus,17.58,77.02,Danio rerio
NEUR_9835,Thalamus,112.27,108.26,Danio rerio
NEUR_2940,Thalamus,112.77,114.64,Macaca mulatta
NEUR_7207,Hippocampus,73.03,36.53,Mus musculus
NEUR_1198,Amygdala,31.01,95.46,Danio rerio
NEUR_4886,Thalamus,84.02,102.79,Danio rerio
NEUR_8671,Striatum,63.86,33.81,Rattus norvegicus
NEUR_8949,Thalamus,18.1,23.86,Macaca mulatta
NEUR_8870,Hypothalamus,65.54,56.4,Mus musculus
NEUR_6929,Cerebellum,74.99,21.09,Mus musculus
NEUR_3530,Thalamus,76.07,61.65,Danio rerio
NEUR_7902,Hypothalamus,60.79,22.07,Mus musculus
NEUR_2913,Hippocampus,20.37,93.11,Macaca mulatta
NEUR_9182,Amygdala,13.79,26.42,Rattus norvegicus
NEUR_6003,Amygdala,109.87,118.96,Rattus norvegicus
NEUR_6079,Thalamus,77.14,107.96,Macaca mulatta
NEUR_5075,Thalamus,130.75,98.67,Rattus norvegicus
NEUR_5311,Thalamus,83.29,110.1,Macaca mulatta
NEUR_3080,Amygdala,14.33,101.95,Mus musculus
NEUR_4840,Striatum,74.05,89.42,Rattus norvegicus
NEUR_3107,Hippocampus,12.0,91.11,Mus musculus
NEUR_5919,Thalamus,2.27,72.04,Danio rerio
NEUR_2557,Hippocampus,140.38,85.86,Macaca mulatta
NEUR_9190,Striatum,44.24,79.09,Danio rerio
NEUR_5590,Hippocampus,15.05,76.29,Rattus norvegicus
NEUR_3553,Hippocampus,35.42,47.27,Macaca mulatta
NEUR_9148,Amygdala,12.51,41.8,Rattus norvegicus
NEUR_7914,Striatum,129.76,82.0,Danio rerio
NEUR_4990,Hypothalamus,117.81,97.36,Danio rerio
NEUR_9526,Cortex,81.13,56.37,Macaca mulatta
NEUR_5924,Cerebellum,41.95,85.82,Macaca mulatta
NEUR_6787,Hypothalamus,80.66,83.48,Rattus norvegicus
NEUR_9251,Hippocampus,71.7,57.34,Rattus norvegicus
NEUR_9928,Hippocampus,31.34,66.95,Macaca mulatta
NEUR_2395,Amygdala,27.63,68.51,Danio rerio
NEUR_7821,Striatum,32.59,111.81,Danio rerio
NEUR_8546,Striatum,48.06,104.16,Rattus norvegicus
NEUR_6580,Cerebellum,12.54,102.51,Macaca mulatta
NEUR_8693,Cortex,6.87,29.14,Mus musculus
NEUR_8814,Hypothalamus,20.79,118.23,Mus musculus
NEUR_9103,Hippocampus,95.66,77.28,Mus musculus
NEUR_9115,Hypothalamus,45.59,13.38,Rattus norvegicus
NEUR_8493,Hippocampus,18.95,106.91,Mus musculus
NEUR_5964,Hippocampus,39.75,48.0,Danio rerio
NEUR_8474,Thalamus,2.82,15.84,Rattus norvegicus
NEUR_9229,Hippocampus,46.72,91.95,Macaca mulatta
NEUR_7607,Amygdala,104.74,39.53,Rattus norvegicus
NEUR_2802,Thalamus,57.71,86.04,Rattus norvegicus
NEUR_3415,Cerebellum,116.91,32.01,Macaca mulatta
NEUR_5197,Amygdala,94.03,48.22,Mus musculus
NEUR_6321,Hippocampus,115.88,76.03,Danio rerio
NEUR_9037,Amygdala,39.36,71.7,Rattus norvegicus
NEUR_7411,Cerebellum,136.21,89.43,Macaca mulatta
NEUR_3973,Cerebellum,115.05,104.95,Mus musculus
NEUR_3046,Thalamus,10.85,34.22,Rattus norvegicus
NEUR_2199,Hippocampus,140.82,110.91,Mus musculus
NEUR_2395,Hypothalamus,84.32,29.27,Mus musculus
NEUR_2867,Hippocampus,13.06,17.7,Rattus norvegicus
NEUR_6570,Cerebellum,5.9,118.52,Danio rerio
NEUR_5864,Cerebellum,105.64,40.27,Danio rerio
NEUR_8450,Hippocampus,144.21,93.81,Danio rerio
NEUR_5588,Hippocampus,87.95,81.79,Danio rerio
NEUR_8035,Amygdala,127.98,78.59,Danio rerio
NEUR_4497,Amygdala,23.71,28.31,Macaca mulatta
NEUR_2771,Hippocampus,3.99,67.91,Rattus norvegicus
NEUR_2374,Cerebellum,42.78,21.26,Mus musculus
NEUR_2636,Striatum,9.03,91.67,Mus musculus
NEUR_7867,Thalamus,119.59,25.0,Rattus norvegicus
NEUR_8891,Amygdala,65.14,81.78,Mus musculus
NEUR_2612,Amygdala,112.27,66.39,Macaca mulatta
NEUR_6229,Amygdala,76.3,18.26,Mus musculus
NEUR_7176,Amygdala,13.05,100.44,Macaca mulatta
NEUR_1420,Cerebellum,17.78,77.72,Mus musculus
NEUR_4880,Hypothalamus,125.02,61.19,Macaca mulatta
NEUR_6737,Hippocampus,141.9,14.11,Rattus norvegicus
NEUR_1410,Cortex,29.01,57.99,Mus musculus
NEUR_3767,Striatum,143.27,44.61,Mus musculus
NEUR_9576,Hypothalamus,85.47,18.06,Danio rerio
NEUR_6601,Hypothalamus,34.29,60.78,Macaca mulatta
NEUR_4158,Thalamus,48.92,108.9,Mus musculus
NEUR_7855,Cortex,137.44,101.97,Danio rerio
NEUR_5166,Thalamus,83.68,52.1,Mus musculus
NEUR_2226,Striatum,100.28,47.84,Danio rerio
NEUR_7458,Thalamus,48.34,102.17,Mus musculus
NEUR_1162,Cortex,4.58,118.26,Mus musculus
NEUR_7836,Striatum,103.5,54.62,Rattus norvegicus
NEUR_2942,Cortex,106.68,104.72,Rattus norvegicus
NEUR_3676,Cerebellum,100.45,23.22,Macaca mulatta
NEUR_5682,Amygdala,68.27,54.74,Mus musculus
NEUR_5106,Cortex,42.21,80.41,Macaca mulatta
NEUR_6563,Amygdala,115.05,28.71,Rattus norvegicus
NEUR_7533,Cerebellum,98.64,80.61,Rattus norvegicus
NEUR_3886,Cerebellum,12.94,91.41,Rattus norvegicus
NEUR_3358,Hypothalamus,39.93,103.56,Macaca mulatta
NEUR_7412,Hypothalamus,92.68,65.0,Mus musculus
NEUR_5596,Cerebellum,122.13,42.44,Macaca mulatta
NEUR_4877,Thalamus,124.63,96.1,Rattus norvegicus
NEUR_3391,Hypothalamus,88.3,97.69,Mus musculus
NEUR_3086,Amygdala,114.11,62.02,Mus musculus
NEUR_9406,Thalamus,31.95,50.57,Rattus norvegicus
NEUR_1891,Hypothalamus,131.44,83.03,Rattus norvegicus
NEUR_9131,Striatum,29.69,96.43,Danio rerio
NEUR_8559,Hippocampus,36.8,28.31,Danio rerio
NEUR_7018,Amygdala,137.42,52.23,Mus musculus
NEUR_7662,Striatum,10.66,26.73,Rattus norvegicus
NEUR_8590,Thalamus,100.1,34.49,Macaca mulatta
NEUR_4088,Hippocampus,6.35,109.38,Macaca mulatta
NEUR_3617,Cerebellum,42.61,42.85,Rattus norvegicus
NEUR_5110,Amygdala,14.32,110.22,Rattus norvegicus
NEUR_7473,Cerebellum,27.55,56.55,Danio rerio
NEUR_4908,Amygdala,7.24,61.92,Danio rerio
NEUR_9298,Thalamus,47.0,88.88,Rattus norvegicus
NEUR_4590,Cortex,141.05,89.61,Danio rerio
NEUR_6863,Amygdala,121.68,60.48,Macaca mulatta
NEUR_7323,Amygdala,75.47,46.26,Danio rerio
NEUR_9945,Thalamus,48.6,23.03,Macaca mulatta
NEUR_3112,Thalamus,45.96,57.84,Mus musculus
NEUR_1057,Hippocampus,73.81,86.97,Mus musculus
NEUR_3197,Cerebellum,98.9,22.83,Rattus norvegicus
NEUR_9488,Thalamus,119.7,86.09,Macaca mulatta
NEUR_8614,Cerebellum,107.55,27.73,Danio rerio
NEUR_8847,Cerebellum,33.4,113.4,Macaca mulatta
NEUR_8662,Hypothalamus,72.05,67.51,Mus musculus
NEUR_3448,Hypothalamus,44.63,72.14,Rattus norvegicus
NEUR_8651,Thalamus,14.57,23.32,Rattus norvegicus
NEUR_2905,Amygdala,88.13,85.72,Mus musculus
NEUR_8096,Thalamus,111.62,78.38,Danio rerio
NEUR_1317,Amygdala,78.94,100.08,Macaca mulatta
NEUR_2320,Cortex,87.74,95.81,Rattus norvegicus
NEUR_6531,Cerebellum,136.6,51.43,Macaca mulatta
NEUR_8197,Cortex,85.57,33.4,Rattus norvegicus
NEUR_8222,Hypothalamus,72.54,103.19,Mus musculus
NEUR_2898,Striatum,134.22,69.61,Rattus norvegicus
NEUR_1707,Hypothalamus,143.84,86.01,Rattus norvegicus
NEUR_9133,Cerebellum,73.85,17.72,Rattus norvegicus
NEUR_5519,Striatum,31.42,43.43,Mus musculus
NEUR_4445,Thalamus,127.81,116.02,Danio rerio
NEUR_6073,Cortex,114.35,44.24,Macaca mulatta
NEUR_4436,Cerebellum,139.82,88.89,Rattus norvegicus
NEUR_1868,Striatum,141.26,80.59,Rattus norvegicus
NEUR_6767,Striatum,76.79,62.54,Danio rerio
NEUR_2661,Hypothalamus,85.57,27.85,Mus musculus
NEUR_4606,Hippocampus,115.68,84.4,Danio rerio
NEUR_6889,Hypothalamus,57.56,112.55,Macaca mulatta
NEUR_5980,Hypothalamus,146.63,72.18,Macaca mulatta
NEUR_9435,Cortex,16.02,109.49,Mus musculus
NEUR_8159,Striatum,60.14,86.68,Mus musculus
NEUR_7283,Thalamus,42.61,36.52,Danio rerio
NEUR_3175,Cortex,117.93,64.17,Danio rerio
NEUR_5056,Hypothalamus,15.04,12.67,Rattus norvegicus
NEUR_9008,Hippocampus,48.65,97.15,Danio rerio
NEUR_5007,Amygdala,6.7,52.16,Rattus norvegicus
NEUR_9208,Amygdala,129.57,88.17,Macaca mulatta
NEUR_2256,Striatum,147.19,25.2,Rattus norvegicus
NEUR_2431,Thalamus,63.39,85.37,Mus musculus
NEUR_5122,Striatum,38.06,65.58,Mus musculus
NEUR_5387,Striatum,137.55,93.87,Mus musculus
NEUR_6187,Cortex,39.56,113.47,Danio rerio
NEUR_4674,Cerebellum,20.86,48.22,Macaca mulatta
NEUR_4863,Cerebellum,41.79,81.37,Macaca mulatta
NEUR_6940,Thalamus,105.16,13.19,Rattus norvegicus
NEUR_7385,Cerebellum,2.99,36.11,Danio rerio
NEUR_3993,Thalamus,139.18,52.24,Mus musculus
NEUR_8921,Cerebellum,48.36,41.64,Danio rerio
NEUR_8223,Cortex,108.01,94.82,Macaca mulatta
NEUR_3712,Hypothalamus,3.92,88.67,Mus musculus
NEUR_1999,Thalamus,6.16,77.57,Macaca mulatta
NEUR_9511,Cortex,98.17,14.32,Rattus norvegicus
NEUR_6674,Cerebellum,143.34,41.48,Rattus norvegicus
NEUR_9063,Hippocampus,96.54,16.5,Danio rerio
NEUR_2915,Amygdala,97.76,95.44,Mus musculus
NEUR_1822,Hippocampus,14.61,72.69,Mus musculus
NEUR_8923,Striatum,94.74,22.24,Rattus norvegicus
NEUR_9253,Hypothalamus,111.39,104.89,Danio rerio
NEUR_5295,Amygdala,53.08,48.06,Macaca mulatta
NEUR_6893,Hypothalamus,31.36,21.44,Macaca mulatta
NEUR_8354,Amygdala,22.7,27.24,Macaca mulatta
NEUR_6758,Cortex,72.44,102.93,Danio rerio
NEUR_7533,Striatum,120.61,57.66,Rattus norvegicus
NEUR_4789,Hypothalamus,12.48,54.79,Mus musculus
NEUR_5885,Cortex,85.24,70.26,Rattus norvegicus
NEUR_1456,Cerebellum,118.88,38.14,Rattus norvegicus
NEUR_7076,Amygdala,5.79,96.67,Danio rerio
NEUR_1332,Striatum,40.72,110.31,Macaca mulatta
NEUR_3092,Cerebellum,121.8,75.1,Mus musculus
NEUR_5132,Hypothalamus,29.64,83.74,Macaca mulatta
NEUR_9171,Thalamus,10.62,79.72,Danio rerio
NEUR_9571,Cortex,111.06,55.75,Danio rerio
NEUR_6468,Cortex,89.36,80.29,Macaca mulatta
NEUR_8882,Hypothalamus,74.27,59.43,Macaca mulatta
NEUR_5500,Amygdala,28.5,30.31,Macaca mulatta
NEUR_4167,Amygdala,17.71,22.23,Mus musculus
NEUR_2182,Hippocampus,10.42,30.65,Danio rerio
NEUR_6436,Thalamus,121.03,83.44,Macaca mulatta
NEUR_7704,Hippocampus,141.15,66.55,Danio rerio
NEUR_8974,Hippocampus,148.82,50.78,Rattus norvegicus
NEUR_6316,Hypothalamus,100.85,117.93,Danio rerio
NEUR_7211,Cortex,106.2,29.59,Macaca mulatta
NEUR_3691,Hippocampus,142.38,95.71,Danio rerio
NEUR_5253,Hippocampus,53.7,66.81,Danio rerio
NEUR_2480,Cortex,9.32,108.56,Rattus norvegicus
NEUR_7301,Amygdala,123.7,118.9,Macaca mulatta
NEUR_9902,Thalamus,103.07,70.6,Mus musculus
NEUR_6152,Cerebellum,128.94,100.7,Macaca mulatta
NEUR_4447,Cerebellum,88.52,15.07,Danio rerio
NEUR_5527,Hypothalamus,38.88,18.12,Macaca mulatta
NEUR_2567,Amygdala,38.19,110.45,Mus musculus
NEUR_7865,Hypothalamus,134.9,80.97,Rattus norvegicus
NEUR_3929,Striatum,79.27,85.52,Danio rerio
NEUR_3225,Hippocampus,89.22,31.05,Danio rerio
NEUR_5763,Hippocampus,6.54,109.66,Mus musculus
NEUR_2088,Cerebellum,62.96,96.58,Macaca mulatta
NEUR_9907,Amygdala,53.43,108.1,Rattus norvegicus
NEUR_5641,Cortex,123.07,73.84,Macaca mulatta
NEUR_2228,Cerebellum,64.13,25.43,Macaca mulatta
NEUR_7939,Hippocampus,16.76,62.37,Mus musculus
NEUR_3874,Amygdala,89.14,21.11,Macaca mulatta
NEUR_8463,Amygdala,53.45,101.53,Rattus norvegicus
NEUR_7261,Hypothalamus,105.88,31.93,Rattus norvegicus
NEUR_9026,Striatum,134.14,17.28,Rattus norvegicus
NEUR_3039,Amygdala,94.99,65.94,Danio rerio
NEUR_5859,Thalamus,16.62,42.38,Danio rerio
NEUR_9815,Hippocampus,44.84,22.24,Mus musculus
NEUR_8350,Thalamus,95.48,89.79,Mus musculus
NEUR_1106,Cerebellum,11.25,29.66,Mus musculus
NEUR_9488,Striatum,82.52,86.58,Rattus norvegicus
NEUR_6932,Thalamus,140.54,56.92,Mus musculus
NEUR_4819,Cortex,69.36,44.1,Mus musculus
NEUR_8271,Hippocampus,60.69,35.98,Rattus norvegicus
NEUR_6775,Thalamus,18.17,62.21,Mus musculus
NEUR_3102,Hypothalamus,30.64,11.08,Macaca mulatta
NEUR_6984,Hypothalamus,30.58,100.16,Rattus norvegicus
NEUR_3275,Hippocampus,18.63,94.07,Rattus norvegicus
NEUR_2755,Hypothalamus,23.19,40.45,Mus musculus
NEUR_5607,Cortex,0.96,12.42,Mus musculus
NEUR_3212,Amygdala,108.24,76.26,Rattus norvegicus
NEUR_9057,Hypothalamus,110.38,88.92,Mus musculus
NEUR_2696,Amygdala,98.35,63.34,Mus musculus
NEUR_9483,Hypothalamus,109.78,50.07,Danio rerio
NEUR_7413,Cerebellum,83.52,34.22,Rattus norvegicus
NEUR_9761,Cortex,98.05,52.54,Danio rerio
NEUR_7207,Amygdala,145.7,34.64,Mus musculus
NEUR_1003,Hypothalamus,127.74,100.01,Mus musculus
NEUR_7497,Hypothalamus,25.9,103.92,Mus musculus
NEUR_8157,Amygdala,91.52,71.41,Rattus norvegicus
NEUR_3304,Amygdala,13.38,57.63,Rattus norvegicus
NEUR_5979,Hypothalamus,87.9,57.61,Macaca mulatta
NEUR_2097,Hippocampus,67.5,55.89,Mus musculus
NEUR_3773,Striatum,35.79,95.94,Mus musculus
NEUR_5275,Hypothalamus,146.77,104.41,Mus musculus
NEUR_5893,Striatum,142.63,18.86,Rattus norvegicus
NEUR_4803,Hippocampus,141.84,109.94,Danio rerio
NEUR_6066,Thalamus,38.51,58.59,Macaca mulatta
NEUR_1838,Striatum,50.44,99.64,Macaca mulatta
NEUR_2304,Cerebellum,134.42,62.31,Mus musculus
NEUR_8344,Cortex,81.86,58.02,Danio rerio
NEUR_6963,Hypothalamus,40.28,70.67,Mus musculus
NEUR_9443,Thalamus,89.26,41.49,Rattus norvegicus
NEUR_6547,Amygdala,6.0,91.01,Rattus norvegicus
NEUR_1543,Hypothalamus,87.43,105.33,Mus musculus
NEUR_2455,Hippocampus,144.93,51.75,Danio rerio
NEUR_3644,Hypothalamus,66.97,75.88,Mus musculus
NEUR_8787,Hypothalamus,17.06,94.35,Macaca mulatta
NEUR_7047,Striatum,50.49,100.95,Mus musculus
NEUR_5546,Hypothalamus,142.88,26.4,Danio rerio
NEUR_5116,Hippocampus,149.36,87.4,Danio rerio
NEUR_1307,Hypothalamus,79.57,75.14,Macaca mulatta
NEUR_5372,Amygdala,1.25,80.12,Mus musculus
NEUR_4311,Thalamus,32.26,83.33,Mus musculus
NEUR_3009,Cerebellum,29.3,34.79,Rattus norvegicus
NEUR_3533,Striatum,95.81,94.59,Macaca mulatta
NEUR_7408,Striatum,55.0,70.1,Danio rerio
NEUR_4356,Hypothalamus,52.51,12.73,Macaca mulatta
NEUR_8977,Striatum,130.92,94.57,Danio rerio
NEUR_1104,Hypothalamus,55.3,99.66,Mus musculus
NEUR_8249,Striatum,62.03,45.44,Danio rerio
NEUR_4479,Striatum,13.67,61.48,Danio rerio
NEUR_8724,Cortex,56.09,110.02,Danio rerio
NEUR_4910,Hippocampus,50.92,21.26,Mus musculus
NEUR_1769,Amygdala,76.01,80.29,Danio rerio
NEUR_3971,Hypothalamus,99.07,64.67,Mus musculus
NEUR_8102,Hypothalamus,90.46,89.61,Danio rerio
NEUR_7626,Striatum,4.89,62.01,Rattus norvegicus
NEUR_8164,Thalamus,24.06,57.87,Mus musculus
NEUR_1592,Striatum,64.2,114.97,Danio rerio
NEUR_5274,Amygdala,104.68,48.0,Macaca mulatta
NEUR_8752,Cortex,127.67,50.02,Macaca mulatta
NEUR_6314,Hippocampus,38.61,13.4,Macaca mulatta
NEUR_6245,Hippocampus,126.71,13.71,Danio rerio
NEUR_9278,Thalamus,40.15,35.02,Mus musculus
NEUR_3743,Amygdala,92.29,104.05,Mus musculus
NEUR_8822,Hippocampus,13.27,15.11,Macaca mulatta
NEUR_3550,Cerebellum,147.0,57.81,Rattus norvegicus
NEUR_1410,Hippocampus,47.75,50.83,Danio rerio
NEUR_8102,Hypothalamus,119.11,88.15,Macaca mulatta
NEUR_9714,Cortex,1.26,113.11,Macaca mulatta
NEUR_1223,Amygdala,133.33,90.48,Macaca mulatta
NEUR_8641,Hippocampus,48.11,86.77,Rattus norvegicus
NEUR_5435,Amygdala,80.81,14.73,Mus musculus
NEUR_6336,Amygdala,60.9,109.91,Danio rerio
NEUR_1593,Cortex,141.52,93.54,Rattus norvegicus
NEUR_4162,Thalamus,82.05,61.05,Macaca mulatta
NEUR_8545,Striatum,137.54,82.53,Macaca mulatta
NEUR_2303,Hypothalamus,125.99,56.32,Rattus norvegicus
NEUR_4354,Cortex,16.86,28.37,Danio rerio
NEUR_8384,Amygdala,22.83,60.66,Mus musculus
NEUR_9838,Hypothalamus,140.24,50.82,Rattus norvegicus
NEUR_8730,Amygdala,44.25,56.56,Rattus norvegicus
NEUR_4653,Cortex,12.31,82.25,Danio rerio
NEUR_9984,Hypothalamus,17.16,101.03,Danio rerio
NEUR_7895,Thalamus,79.35,73.09,Mus musculus
NEUR_1223,Striatum,120.06,85.72,Rattus norvegicus
NEUR_6468,Cerebellum,1.37,79.65,Macaca mulatta
NEUR_7599,Cortex,1.91,83.78,Macaca mulatta
NEUR_6963,Thalamus,18.98,83.21,Mus musculus
NEUR_7673,Cerebellum,24.33,92.79,Danio rerio
NEUR_1270,Hippocampus,88.85,60.74,Rattus norvegicus
NEUR_8215,Hypothalamus,65.54,116.41,Macaca mulatta
NEUR_8856,Cerebellum,119.85,102.93,Macaca mulatta
NEUR_5298,Striatum,23.47,97.2,Macaca mulatta
NEUR_4492,Hippocampus,38.56,48.55,Mus musculus
NEUR_4283,Hippocampus,110.13,118.24,Danio rerio
NEUR_3750,Cortex,92.7,14.29,Rattus norvegicus
NEUR_7884,Cortex,25.65,105.75,Rattus norvegicus
NEUR_4909,Striatum,143.57,55.71,Danio rerio
NEUR_3809,Thalamus,133.41,64.07,Danio rerio
NEUR_2857,Hippocampus,128.54,44.43,Rattus norvegicus
NEUR_5866,Cortex,148.63,112.21,Danio rerio
NEUR_9711,Amygdala,114.76,49.43,Macaca mulatta
NEUR_2786,Striatum,103.34,33.36,Mus musculus
NEUR_5403,Amygdala,57.2,25.58,Rattus norvegicus
NEUR_9928,Hypothalamus,110.09,88.31,Macaca mulatta
NEUR_6445,Thalamus,37.56,66.87,Rattus norvegicus
NEUR_4229,Thalamus,125.1,103.72,Macaca mulatta
NEUR_1577,Hypothalamus,98.32,70.14,Danio rerio
NEUR_1209,Cortex,37.87,45.09,Danio rerio
NEUR_8696,Cortex,102.33,58.81,Mus musculus
NEUR_3869,Thalamus,144.43,22.85,Rattus norvegicus
NEUR_7689,Cerebellum,123.73,99.52,Macaca mulatta
NEUR_2106,Thalamus,27.02,27.32,Rattus norvegicus
NEUR_6082,Cortex,7.79,68.25,Macaca mulatta
NEUR_6338,Cerebellum,88.55,48.34,Macaca mulatta
NEUR_6069,Cerebellum,53.34,104.72,Macaca mulatta
NEUR_1993,Cortex,57.63,29.56,Mus musculus
NEUR_6877,Cerebellum,90.59,114.86,Rattus norvegicus
NEUR_4664,Thalamus,104.52,63.81,Macaca mulatta
NEUR_4517,Cerebellum,60.39,60.63,Rattus norvegicus
NEUR_5575,Cortex,36.55,79.26,Danio rerio
NEUR_5343,Cerebellum,53.24,86.58,Mus musculus
NEUR_2963,Amygdala,123.2,72.98,Rattus norvegicus
NEUR_7238,Cerebellum,74.27,10.99,Danio rerio
NEUR_3995,Striatum,41.48,21.56,Macaca mulatta
NEUR_3436,Amygdala,97.53,23.2,Danio rerio
NEUR_7991,Cerebellum,68.92,31.02,Rattus norvegicus
NEUR_6754,Hippocampus,46.45,40.78,Mus musculus
NEUR_6462,Hypothalamus,55.45,103.89,Macaca mulatta
NEUR_6894,Thalamus,93.82,15.34,Macaca mulatta
NEUR_5988,Amygdala,100.7,91.0,Macaca mulatta
NEUR_6132,Cortex,50.57,45.2,Rattus norvegicus
NEUR_1070,Amygdala,106.94,113.88,Rattus norvegicus
NEUR_4183,Striatum,105.99,32.52,Rattus norvegicus
NEUR_1150,Cerebellum,32.12,84.6,Mus musculus
NEUR_3358,Thalamus,12.48,16.69,Mus musculus
NEUR_5563,Cerebellum,141.65,30.75,Danio rerio
NEUR_3459,Hippocampus,128.64,99.94,Rattus norvegicus
NEUR_8859,Cerebellum,33.18,31.1,Mus musculus
NEUR_8845,Thalamus,96.66,102.42,Rattus norvegicus
NEUR_8619,Cerebellum,64.4,95.29,Rattus norvegicus
NEUR_2053,Hypothalamus,72.74,60.38,Mus musculus
NEUR_9163,Thalamus,13.59,63.98,Macaca mulatta
NEUR_9164,Cerebellum,82.62,107.36,Macaca mulatta
NEUR_3342,Hypothalamus,97.28,78.12,Mus musculus
NEUR_9846,Thalamus,10.9,13.16,Danio rerio
NEUR_6132,Cortex,92.07,64.19,Danio rerio
NEUR_7221,Amygdala,143.52,79.07,Mus musculus
NEUR_6599,Cerebellum,133.42,115.99,Macaca mulatta
NEUR_6675,Thalamus,85.26,112.56,Danio rerio
NEUR_8476,Striatum,118.1,38.33,Macaca mulatta
NEUR_2546,Hippocampus,48.02,27.12,Danio rerio
NEUR_1550,Amygdala,66.01,90.42,Mus musculus
NEUR_7350,Cerebellum,98.29,10.27,Mus musculus
NEUR_6852,Cerebellum,32.0,42.11,Mus musculus
NEUR_9538,Amygdala,9.63,14.76,Rattus norvegicus
NEUR_3649,Thalamus,124.14,14.96,Mus musculus
NEUR_9204,Cortex,55.18,70.92,Danio rerio
NEUR_4327,Hypothalamus,14.06,69.41,Macaca mulatta
NEUR_5748,Hippocampus,69.25,54.63,Rattus norvegicus
NEUR_5947,Striatum,79.18,69.47,Mus musculus
NEUR_6206,Striatum,136.32,86.79,Rattus norvegicus
NEUR_6903,Hypothalamus,94.15,79.59,Rattus norvegicus
NEUR_1662,Amygdala,82.3,21.83,Macaca mulatta
NEUR_2533,Striatum,136.89,57.36,Macaca mulatta
NEUR_1080,Amygdala,84.44,14.72,Mus musculus
NEUR_6252,Hypothalamus,132.09,86.56,Mus musculus
NEUR_2601,Hypothalamus,70.92,54.33,Danio rerio
NEUR_9057,Cerebellum,4.06,95.6,Rattus norvegicus
NEUR_6360,Cerebellum,18.02,27.7,Danio rerio
NEUR_7173,Cortex,91.44,24.7,Macaca mulatta
NEUR_2098,Hypothalamus,120.99,14.01,Rattus norvegicus
NEUR_3881,Hypothalamus,147.13,52.76,Danio rerio
NEUR_8023,Cerebellum,97.55,68.1,Rattus norvegicus
NEUR_5960,Hypothalamus,41.6,103.16,Macaca mulatta
NEUR_4812,Striatum,135.83,20.03,Danio rerio
NEUR_5414,Striatum,124.97,28.54,Mus musculus
NEUR_3774,Amygdala,143.07,66.18,Danio rerio
NEUR_3231,Cortex,11.33,46.2,Rattus norvegicus
NEUR_1254,Hippocampus,61.23,74.35,Macaca mulatta
NEUR_4824,Cortex,29.06,10.35,Macaca mulatta
NEUR_6208,Cortex,105.45,61.28,Mus musculus
NEUR_8830,Cerebellum,43.74,61.32,Rattus norvegicus
NEUR_5493,Striatum,78.19,61.12,Rattus norvegicus
NEUR_5592,Hippocampus,57.59,39.2,Macaca mulatta
NEUR_2004,Hypothalamus,108.51,35.91,Macaca mulatta
NEUR_8902,Striatum,88.61,37.73,Mus musculus
NEUR_8828,Hippocampus,67.6,64.81,Macaca mulatta
NEUR_9221,Striatum,50.9,72.24,Mus musculus
NEUR_7804,Hippocampus,105.02,31.83,Macaca mulatta
NEUR_3518,Amygdala,98.83,56.69,Mus musculus
NEUR_8447,Cortex,123.77,98.23,Rattus norvegicus
NEUR_1990,Thalamus,104.71,78.77,Mus musculus
NEUR_8091,Cortex,54.16,54.51,Rattus norvegicus
NEUR_5335,Cortex,83.69,59.71,Rattus norvegicus
NEUR_8326,Amygdala,32.68,93.32,Macaca mulatta
NEUR_4280,Amygdala,42.0,35.88,Mus musculus
NEUR_8279,Thalamus,144.3,40.12,Rattus norvegicus
NEUR_4187,Amygdala,98.39,73.93,Rattus norvegicus
NEUR_7462,Hypothalamus,34.46,44.81,Macaca mulatta
NEUR_4019,Hypothalamus,32.35,114.87,Mus musculus
NEUR_3685,Cerebellum,20.46,111.58,Macaca mulatta
NEUR_7842,Cortex,91.49,47.89,Macaca mulatta
NEUR_5933,Striatum,95.64,22.15,Macaca mulatta
NEUR_4132,Striatum,129.4,99.4,Mus musculus
NEUR_3400,Hypothalamus,121.46,70.21,Macaca mulatta
NEUR_8597,Hypothalamus,43.76,95.64,Danio rerio
NEUR_6562,Thalamus,118.69,58.73,Mus musculus
NEUR_3290,Hypothalamus,143.93,72.18,Mus musculus
NEUR_6586,Thalamus,129.97,74.43,Danio rerio
NEUR_9081,Hippocampus,88.28,88.35,Mus musculus
NEUR_4345,Amygdala,69.71,29.62,Macaca mulatta
NEUR_2922,Amygdala,77.63,85.07,Rattus norvegicus
NEUR_3255,Cortex,66.69,118.74,Rattus norvegicus
NEUR_6225,Amygdala,21.2,14.77,Rattus norvegicus
NEUR_7121,Hypothalamus,117.54,28.01,Danio rerio
NEUR_7894,Cerebellum,86.7,81.41,Macaca mulatta
NEUR_4044,Cerebellum,58.11,95.68,Mus musculus
NEUR_2594,Amygdala,6.19,103.0,Macaca mulatta
NEUR_8130,Amygdala,14.91,26.06,Rattus norvegicus
NEUR_3277,Hippocampus,62.92,91.19,Macaca mulatta
NEUR_3000,Hippocampus,70.78,103.15,Danio rerio
NEUR_9478,Cerebellum,139.92,62.39,Danio rerio
NEUR_1592,Thalamus,97.43,35.62,Rattus norvegicus
NEUR_2514,Cortex,60.16,102.76,Macaca mulatta
NEUR_9187,Hypothalamus,44.33,90.33,Macaca mulatta
NEUR_1623,Hypothalamus,89.21,78.8,Mus musculus
NEUR_4556,Hypothalamus,16.8,64.86,Mus musculus
NEUR_1397,Hippocampus,101.56,80.13,Danio rerio
NEUR_8798,Hypothalamus,84.07,119.83,Rattus norvegicus
NEUR_7518,Amygdala,77.66,85.61,Macaca mulatta
NEUR_9486,Hippocampus,110.68,61.63,Macaca mulatta
NEUR_6466,Hypothalamus,94.89,40.42,Macaca mulatta
NEUR_6488,Cerebellum,122.13,34.65,Mus musculus
NEUR_7903,Cerebellum,110.21,94.54,Macaca mulatta
NEUR_5670,Striatum,138.87,92.9,Danio rerio
NEUR_7742,Thalamus,27.26,83.34,Rattus norvegicus
NEUR_6252,Amygdala,57.4,17.55,Rattus norvegicus
NEUR_1549,Striatum,2.2,38.36,Mus musculus
NEUR_2160,Thalamus,20.47,29.9,Mus musculus
NEUR_5258,Hippocampus,3.0,59.84,Danio rerio
NEUR_1982,Hippocampus,64.23,55.19,Danio rerio
NEUR_2201,Cortex,96.54,113.77,Danio rerio
NEUR_9605,Hypothalamus,143.8,107.26,Danio rerio
NEUR_2276,Cortex,134.85,12.92,Danio rerio
NEUR_6571,Thalamus,102.28,89.4,Macaca mulatta
NEUR_1212,Hypothalamus,115.09,53.97,Danio rerio
NEUR_7004,Cortex,89.38,99.71,Macaca mulatta
NEUR_9108,Hypothalamus,69.28,17.26,Mus musculus
NEUR_4302,Amygdala,3.06,117.13,Danio rerio
NEUR_1046,Cortex,62.39,114.71,Rattus norvegicus
NEUR_6465,Thalamus,116.29,109.98,Rattus norvegicus
NEUR_4455,Hippocampus,8.04,89.99,Rattus norvegicus
NEUR_5632,Hypothalamus,128.59,33.21,Rattus norvegicus
NEUR_4524,Cortex,57.89,64.16,Mus musculus
NEUR_7616,Striatum,83.2,65.37,Mus musculus
NEUR_1378,Thalamus,96.43,116.5,Macaca mulatta
NEUR_3069,Striatum,114.31,26.31,Macaca mulatta
NEUR_1817,Hippocampus,94.71,39.49,Mus musculus
NEUR_6118,Cortex,126.93,46.79,Rattus norvegicus
NEUR_3688,Hypothalamus,32.16,82.74,Macaca mulatta
NEUR_6435,Hypothalamus,38.02,100.99,Rattus norvegicus
NEUR_2465,Cortex,145.96,53.32,Mus musculus
NEUR_4810,Hippocampus,92.01,23.48,Danio rerio
NEUR_3865,Hypothalamus,138.22,56.0,Danio rerio
NEUR_5423,Thalamus,66.51,40.21,Danio rerio
NEUR_7736,Hippocampus,9.15,109.86,Mus musculus
NEUR_1865,Cortex,136.44,27.75,Rattus norvegicus
NEUR_7807,Hippocampus,58.99,72.45,Danio rerio
NEUR_7039,Cortex,39.72,111.86,Rattus norvegicus
NEUR_3850,Hypothalamus,14.85,52.39,Macaca mulatta
NEUR_7998,Striatum,13.29,24.49,Mus musculus
NEUR_2887,Striatum,101.78,96.57,Danio rerio
NEUR_3096,Striatum,90.85,95.44,Mus musculus
NEUR_9418,Cerebellum,80.56,75.97,Danio rerio
NEUR_3355,Cortex,1.73,108.19,Rattus norvegicus
NEUR_5180,Amygdala,56.45,96.35,Rattus norvegicus
NEUR_4907,Hypothalamus,108.96,13.94,Mus musculus
NEUR_9664,Cortex,14.84,14.17,Mus musculus
NEUR_1835,Cortex,12.63,87.72,Rattus norvegicus
NEUR_8693,Cerebellum,31.33,111.52,Rattus norvegicus
NEUR_3273,Hippocampus,101.64,109.24,Danio rerio
NEUR_8936,Cerebellum,18.55,48.32,Rattus norvegicus
NEUR_4419,Hippocampus,57.15,25.66,Macaca mulatta
NEUR_9967,Cerebellum,101.35,114.3,Rattus norvegicus
NEUR_4343,Amygdala,102.45,78.47,Rattus norvegicus
NEUR_7712,Hippocampus,57.01,91.78,Rattus norvegicus
NEUR_2114,Cerebellum,136.71,25.19,Rattus norvegicus
NEUR_6110,Cerebellum,132.57,15.12,Macaca mulatta
NEUR_1952,Thalamus,26.64,50.19,Danio rerio
NEUR_1303,Thalamus,106.06,110.95,Macaca mulatta
NEUR_8524,Thalamus,78.63,95.93,Rattus norvegicus
NEUR_7085,Amygdala,42.07,62.22,Rattus norvegicus
NEUR_6489,Striatum,108.49,83.39,Danio rerio
NEUR_8016,Cerebellum,17.79,68.45,Danio rerio
NEUR_3008,Thalamus,143.08,36.43,Rattus norvegicus
NEUR_7723,Striatum,57.3,55.35,Mus musculus
NEUR_9515,Hypothalamus,133.68,26.47,Rattus norvegicus
NEUR_9713,Cortex,26.14,48.3,Rattus norvegicus
NEUR_7901,Striatum,78.07,17.12,Danio rerio
NEUR_6078,Hippocampus,72.3,42.55,Mus musculus
NEUR_8613,Cortex,117.77,16.49,Danio rerio
NEUR_2119,Hypothalamus,118.98,115.0,Danio rerio
NEUR_5066,Amygdala,116.51,86.04,Macaca mulatta
NEUR_7771,Amygdala,104.41,70.96,Mus musculus
NEUR_9092,Hippocampus,66.56,96.6,Danio rerio
NEUR_2869,Thalamus,124.0,79.47,Danio rerio
NEUR_1786,Cortex,49.76,70.28,Mus musculus
NEUR_9666,Cerebellum,104.2,119.36,Rattus norvegicus
NEUR_7612,Striatum,88.39,91.69,Macaca mulatta
NEUR_1425,Thalamus,116.62,70.04,Macaca mulatta
NEUR_2780,Striatum,69.76,88.54,Rattus norvegicus
NEUR_8170,Thalamus,111.7,76.5,Mus musculus
NEUR_3856,Thalamus,1.95,27.37,Rattus norvegicus
NEUR_9244,Hypothalamus,77.82,15.83,Mus musculus
NEUR_8000,Striatum,91.72,112.27,Danio rerio
NEUR_1701,Hypothalamus,107.66,29.74,Danio rerio
NEUR_2160,Cortex,119.01,21.26,Danio rerio
NEUR_8290,Thalamus,67.15,59.68,Mus musculus
NEUR_9689,Striatum,1.95,103.54,Danio rerio
NEUR_1459,Cerebellum,76.78,59.97,Rattus norvegicus
NEUR_9602,Striatum,48.0,106.59,Rattus norvegicus
NEUR_3990,Hypothalamus,62.3,78.0,Danio rerio
NEUR_8985,Cerebellum,106.85,77.91,Mus musculus
NEUR_2302,Thalamus,99.37,103.47,Macaca mulatta
NEUR_8679,Hippocampus,142.4,15.16,Danio rerio
NEUR_8024,Thalamus,52.08,27.2,Macaca mulatta
NEUR_1554,Hypothalamus,7.78,56.04,Macaca mulatta
NEUR_4020,Hippocampus,2.9,106.24,Macaca mulatta
NEUR_3233,Thalamus,127.22,36.39,Mus musculus
NEUR_7176,Amygdala,36.22,57.14,Rattus norvegicus
NEUR_6419,Hippocampus,35.68,101.73,Rattus norvegicus
NEUR_1512,Cerebellum,87.17,89.55,Mus musculus
NEUR_1335,Amygdala,93.47,63.79,Danio rerio
NEUR_8800,Cerebellum,72.54,42.12,Macaca mulatta
NEUR_5978,Hypothalamus,16.85,37.44,Macaca mulatta
NEUR_8351,Cerebellum,136.39,63.63,Mus musculus
NEUR_7793,Cortex,127.42,17.89,Danio rerio
NEUR_9867,Striatum,98.0,58.25,Rattus norvegicus
NEUR_5513,Striatum,53.36,91.51,Mus musculus
NEUR_5484,Amygdala,66.55,50.51,Danio rerio
NEUR_8071,Cerebellum,27.06,112.13,Rattus norvegicus
NEUR_5045,Hypothalamus,2.86,85.73,Macaca mulatta
NEUR_3399,Hippocampus,120.34,13.87,Macaca mulatta
NEUR_8795,Amygdala,4.78,48.59,Mus musculus
NEUR_7620,Striatum,112.25,50.13,Rattus norvegicus
NEUR_3136,Amygdala,102.53,25.19,Rattus norvegicus
NEUR_1852,Amygdala,80.13,57.84,Danio rerio
NEUR_1744,Cortex,104.21,17.09,Mus musculus
NEUR_6187,Thalamus,0.7,52.7,Danio rerio
NEUR_2399,Thalamus,81.87,14.16,Danio rerio
NEUR_9402,Cerebellum,59.53,51.69,Macaca mulatta
NEUR_3484,Hippocampus,78.4,42.37,Mus musculus
NEUR_3839,Cortex,49.13,51.67,Danio rerio
NEUR_1934,Hippocampus,16.6,115.53,Macaca mulatta
NEUR_3880,Hippocampus,82.08,13.24,Mus musculus
NEUR_5087,Striatum,67.32,79.62,Danio rerio
NEUR_9773,Thalamus,98.36,25.4,Mus musculus
NEUR_6790,Thalamus,60.54,84.01,Danio rerio
NEUR_9706,Striatum,25.94,45.96,Rattus norvegicus
NEUR_1019,Thalamus,107.04,94.69,Macaca mulatta
NEUR_9740,Thalamus,30.9,94.03,Rattus norvegicus
NEUR_2109,Cerebellum,70.45,59.9,Danio rerio
NEUR_4873,Cerebellum,138.39,53.34,Danio rerio
NEUR_2899,Amygdala,14.63,118.67,Rattus norvegicus
NEUR_8590,Hippocampus,97.54,13.96,Danio rerio
NEUR_1708,Hippocampus,90.54,82.11,Rattus norvegicus
NEUR_9790,Thalamus,39.63,72.37,Rattus norvegicus
NEUR_9519,Thalamus,131.3,68.88,Macaca mulatta
NEUR_3236,Hippocampus,12.43,104.5,Rattus norvegicus
NEUR_5190,Cerebellum,61.38,97.86,Rattus norvegicus
NEUR_2600,Cortex,62.77,86.45,Danio rerio
NEUR_1781,Hypothalamus,111.82,14.77,Danio rerio
NEUR_1344,Cerebellum,149.21,102.74,Mus musculus
NEUR_7241,Hypothalamus,20.03,45.5,Mus musculus
NEUR_7557,Hippocampus,43.16,100.31,Danio rerio
NEUR_8336,Amygdala,17.92,45.57,Mus musculus
NEUR_2255,Hypothalamus,0.32,16.1,Danio rerio
NEUR_6651,Cortex,73.22,31.4,Danio rerio
NEUR_8969,Hippocampus,141.43,102.29,Macaca mulatta
NEUR_9249,Hypothalamus,117.95,31.28,Mus musculus
NEUR_6616,Striatum,72.58,40.6,Mus musculus
NEUR_5022,Thalamus,72.87,49.94,Mus musculus
NEUR_1399,Striatum,47.16,10.08,Danio rerio
NEUR_7051,Cortex,71.33,98.32,Mus musculus
NEUR_8358,Striatum,98.47,50.07,Danio rerio
NEUR_2343,Amygdala,58.18,95.1,Mus musculus
NEUR_6965,Striatum,39.25,47.32,Danio rerio
NEUR_1346,Cortex,62.98,72.31,Mus musculus
NEUR_4088,Hippocampus,127.89,29.39,Macaca mulatta
NEUR_4671,Striatum,72.82,118.47,Macaca mulatta
NEUR_9571,Cortex,101.18,14.13,Rattus norvegicus
NEUR_2373,Hippocampus,117.68,39.72,Rattus norvegicus
NEUR_4061,Hypothalamus,4.39,76.85,Mus musculus
NEUR_2207,Hippocampus,92.34,25.7,Rattus norvegicus
NEUR_2786,Hippocampus,22.4,73.52,Macaca mulatta
NEUR_7780,Striatum,108.47,67.41,Macaca mulatta
NEUR_5567,Cortex,135.2,75.51,Macaca mulatta
NEUR_3288,Amygdala,85.49,114.29,Macaca mulatta
NEUR_5486,Hippocampus,132.36,49.65,Mus musculus
NEUR_7566,Cerebellum,14.18,49.61,Macaca mulatta
NEUR_1949,Cortex,39.33,56.9,Danio rerio
NEUR_1988,Cerebellum,106.57,75.52,Rattus norvegicus
NEUR_3914,Thalamus,82.51,31.08,Danio rerio
NEUR_7515,Thalamus,8.53,112.51,Danio rerio
NEUR_3597,Cerebellum,120.42,103.87,Danio rerio
NEUR_1210,Amygdala,66.72,11.03,Danio rerio
NEUR_4471,Hippocampus,5.77,80.29,Macaca mulatta
NEUR_8490,Thalamus,16.27,86.76,Rattus norvegicus
NEUR_1445,Cortex,94.52,23.34,Danio rerio
NEUR_2922,Amygdala,87.71,70.17,Rattus norvegicus
NEUR_3154,Cerebellum,134.21,31.16,Macaca mulatta
NEUR_4477,Hypothalamus,127.91,94.21,Rattus norvegicus
NEUR_4176,Hypothalamus,45.32,90.63,Mus musculus
NEUR_3054,Thalamus,54.03,109.87,Macaca mulatta
NEUR_4034,Hippocampus,29.99,27.83,Macaca mulatta
NEUR_5251,Cortex,98.36,87.75,Macaca mulatta
NEUR_1532,Thalamus,111.78,41.83,Macaca mulatta
NEUR_3176,Cortex,16.48,108.55,Mus musculus
NEUR_3619,Striatum,34.02,24.43,Danio rerio
NEUR_8620,Thalamus,102.52,103.4,Rattus norvegicus
NEUR_2705,Hippocampus,144.2,79.84,Macaca mulatta
NEUR_1491,Cortex,136.72,35.26,Rattus norvegicus
NEUR_2447,Thalamus,1.41,75.42,Mus musculus
NEUR_8285,Hypothalamus,99.66,117.29,Rattus norvegicus
NEUR_8686,Striatum,28.67,48.5,Macaca mulatta
NEUR_5645,Cerebellum,19.57,93.77,Mus musculus
NEUR_9189,Thalamus,68.41,109.92,Mus musculus
NEUR_8524,Hypothalamus,104.72,56.92,Rattus norvegicus
NEUR_9482,Hypothalamus,22.01,94.98,Rattus norvegicus
NEUR_3292,Hypothalamus,128.51,65.52,Macaca mulatta
NEUR_4116,Thalamus,29.24,16.82,Danio rerio
NEUR_6781,Hippocampus,9.8,119.37,Mus musculus
NEUR_8266,Cortex,140.54,41.06,Rattus norvegicus
NEUR_8163,Thalamus,100.18,76.76,Mus musculus
NEUR_6749,Cerebellum,59.56,87.83,Rattus norvegicus
NEUR_2030,Hypothalamus,81.33,117.37,Mus musculus
NEUR_1600,Hippocampus,47.81,113.0,Rattus norvegicus
NEUR_8004,Thalamus,123.89,90.15,Danio rerio
NEUR_8409,Hippocampus,119.9,71.14,Mus musculus
NEUR_7182,Amygdala,27.27,24.57,Danio rerio
NEUR_5367,Amygdala,11.91,116.58,Danio rerio
NEUR_7747,Cerebellum,86.97,52.18,Mus musculus
NEUR_4841,Cortex,62.36,60.76,Danio rerio
NEUR_9362,Hypothalamus,113.16,69.91,Mus musculus
NEUR_8046,Thalamus,77.66,49.68,Rattus norvegicus
NEUR_6600,Striatum,93.56,26.26,Danio rerio
NEUR_4884,Amygdala,58.34,119.84,Mus musculus
NEUR_4020,Cerebellum,86.02,73.01,Danio rerio
NEUR_3543,Thalamus,27.58,102.06,Macaca mulatta
NEUR_8789,Amygdala,55.05,65.81,Danio rerio
NEUR_4174,Hippocampus,65.85,60.74,Macaca mulatta
NEUR_7663,Cerebellum,70.59,30.98,Mus musculus
NEUR_8540,Hippocampus,136.62,90.48,Macaca mulatta
NEUR_9875,Cerebellum,66.95,17.25,Danio rerio
NEUR_6329,Amygdala,47.55,50.48,Mus musculus
NEUR_6247,Hypothalamus,39.52,93.07,Rattus norvegicus
NEUR_5808,Hippocampus,144.81,66.85,Rattus norvegicus
NEUR_3173,Hippocampus,27.93,11.64,Mus musculus
NEUR_4407,Striatum,1.26,21.2,Mus musculus
NEUR_2974,Amygdala,139.76,20.22,Rattus norvegicus
NEUR_6545,Hypothalamus,114.08,12.58,Rattus norvegicus
NEUR_4480,Striatum,104.02,27.3,Danio rerio
NEUR_2091,Amygdala,122.28,44.8,Macaca mulatta
NEUR_5980,Hippocampus,116.46,64.45,Mus musculus
NEUR_3900,Hypothalamus,86.9,103.27,Mus musculus
NEUR_9580,Thalamus,61.41,24.54,Danio rerio
NEUR_4661,Amygdala,21.91,26.26,Rattus norvegicus
NEUR_2042,Hippocampus,139.14,83.24,Macaca mulatta
NEUR_2620,Hippocampus,45.04,116.12,Macaca mulatta
NEUR_5282,Striatum,147.72,43.7,Rattus norvegicus
NEUR_8534,Cerebellum,90.41,25.1,Danio rerio
NEUR_4957,Striatum,107.79,117.33,Macaca mulatta
NEUR_7626,Striatum,71.48,82.47,Rattus norvegicus
NEUR_1789,Striatum,109.68,71.69,Macaca mulatta
NEUR_7713,Hippocampus,67.46,45.05,Mus musculus
NEUR_9171,Hippocampus,146.99,50.62,Mus musculus
NEUR_9153,Cortex,52.1,88.19,Macaca mulatta
NEUR_2943,Striatum,13.75,56.09,Macaca mulatta
NEUR_6807,Thalamus,98.23,90.85,Mus musculus
NEUR_5137,Cortex,113.4,92.19,Danio rerio
NEUR_1921,Amygdala,26.58,82.35,Mus musculus
NEUR_3393,Amygdala,82.85,102.67,Danio rerio
NEUR_1824,Amygdala,25.45,100.06,Mus musculus
NEUR_6741,Cortex,21.84,71.84,Macaca mulatta
NEUR_7720,Cerebellum,51.38,102.03,Danio rerio
NEUR_2881,Hypothalamus,75.16,86.06,Macaca mulatta
NEUR_8324,Amygdala,125.97,20.84,Rattus norvegicus
NEUR_6699,Hypothalamus,139.76,18.71,Macaca mulatta
NEUR_9887,Thalamus,58.01,34.03,Mus musculus
NEUR_7597,Hippocampus,122.56,86.57,Macaca mulatta
NEUR_8108,Striatum,15.58,12.22,Rattus norvegicus
NEUR_4811,Hippocampus,119.5,30.14,Danio rerio
NEUR_4258,Amygdala,79.91,22.85,Mus musculus
NEUR_1727,Hypothalamus,114.04,95.78,Macaca mulatta
NEUR_9818,Cerebellum,146.74,51.65,Mus musculus
NEUR_9156,Hypothalamus,104.08,110.02,Mus musculus
NEUR_5555,Thalamus,22.43,17.58,Danio rerio
NEUR_8381,Striatum,140.52,18.93,Macaca mulatta
NEUR_6705,Hippocampus,8.95,18.55,Mus musculus
NEUR_1401,Cerebellum,42.59,73.35,Mus musculus
NEUR_1080,Amygdala,0.13,81.28,Mus musculus
NEUR_4187,Amygdala,22.94,70.73,Danio rerio
NEUR_1877,Hippocampus,143.8,54.0,Macaca mulatta
NEUR_7046,Amygdala,129.08,82.44,Macaca mulatta
NEUR_2942,Thalamus,35.57,22.23,Macaca mulatta
NEUR_9622,Striatum,100.56,115.12,Rattus norvegicus
NEUR_4717,Cortex,49.28,116.59,Macaca mulatta
NEUR_1994,Striatum,97.27,31.5,Mus musculus
NEUR_4329,Amygdala,48.65,113.79,Mus musculus
NEUR_3804,Hypothalamus,94.32,109.48,Macaca mulatta
NEUR_2461,Cortex,126.51,110.64,Rattus norvegicus
NEUR_2887,Hypothalamus,67.78,28.17,Danio rerio
NEUR_4216,Striatum,62.9,84.3,Macaca mulatta
NEUR_1479,Amygdala,13.34,39.43,Mus musculus
NEUR_4353,Cerebellum,145.34,32.49,Danio rerio
NEUR_3099,Striatum,18.15,39.75,Mus musculus
NEUR_7892,Thalamus,101.46,41.77,Rattus norvegicus
NEUR_7100,Cortex,75.37,78.1,Danio rerio
NEUR_6680,Cerebellum,139.38,17.0,Macaca mulatta
NEUR_1473,Thalamus,3.97,70.7,Danio rerio
NEUR_1887,Cerebellum,22.61,34.88,Mus musculus
NEUR_7465,Cortex,61.34,18.7,Danio rerio
NEUR_4589,Cortex,22.33,109.51,Rattus norvegicus
NEUR_3146,Thalamus,132.69,113.59,Rattus norvegicus
NEUR_2616,Thalamus,124.04,70.32,Rattus norvegicus
NEUR_1195,Cortex,79.34,37.3,Mus musculus
NEUR_1643,Cerebellum,93.99,100.37,Rattus norvegicus
NEUR_5237,Thalamus,121.75,31.7,Mus musculus
NEUR_7111,Thalamus,66.95,58.68,Danio rerio
NEUR_4595,Cerebellum,53.51,110.38,Macaca mulatta
NEUR_8016,Cerebellum,69.93,10.44,Macaca mulatta
NEUR_3343,Hypothalamus,99.54,82.87,Macaca mulatta
NEUR_4213,Striatum,95.89,116.93,Rattus norvegicus
NEUR_6432,Hippocampus,137.02,108.49,Danio rerio
NEUR_8073,Striatum,21.26,31.75,Rattus norvegicus
NEUR_6252,Cortex,96.78,58.43,Danio rerio
NEUR_6690,Cortex,115.13,107.61,Danio rerio
NEUR_5931,Thalamus,109.85,31.7,Macaca mulatta
NEUR_1537,Hippocampus,86.99,80.25,Rattus norvegicus
NEUR_5607,Hippocampus,140.95,62.06,Macaca mulatta
NEUR_3232,Striatum,10.83,15.97,Rattus norvegicus
NEUR_5665,Amygdala,148.36,95.54,Rattus norvegicus
NEUR_1008,Hippocampus,14.64,84.59,Macaca mulatta
NEUR_2209,Hypothalamus,60.97,10.95,Rattus norvegicus
NEUR_8923,Thalamus,125.74,99.75,Danio rerio
NEUR_5596,Amygdala,1.67,109.42,Rattus norvegicus
NEUR_5511,Cortex,2.83,100.18,Macaca mulatta
NEUR_9243,Hypothalamus,97.95,114.96,Macaca mulatta
NEUR_8732,Cortex,38.4,112.17,Rattus norvegicus
NEUR_8597,Cortex,11.88,68.76,Macaca mulatta
NEUR_5480,Hypothalamus,98.44,94.69,Danio rerio
NEUR_5384,Hippocampus,62.89,54.16,Mus musculus
NEUR_1239,Amygdala,53.34,77.55,Macaca mulatta
NEUR_4051,Hypothalamus,43.8,13.36,Rattus norvegicus
NEUR_8959,Cerebellum,28.07,38.91,Rattus norvegicus
NEUR_8917,Striatum,69.68,93.55,Rattus norvegicus
NEUR_9170,Hippocampus,138.31,64.18,Danio rerio
NEUR_7896,Cortex,78.03,24.36,Rattus norvegicus
NEUR_3826,Cortex,56.53,61.79,Mus musculus
NEUR_7579,Hippocampus,47.8,112.26,Macaca mulatta
NEUR_5203,Cortex,147.17,86.02,Mus musculus
NEUR_8335,Amygdala,140.28,25.71,Macaca mulatta
NEUR_9167,Cerebellum,120.56,44.34,Danio rerio
NEUR_6161,Hypothalamus,126.44,104.91,Danio rerio
NEUR_1384,Striatum,36.71,31.14,Macaca mulatta
NEUR_3309,Hypothalamus,53.64,72.71,Mus musculus
NEUR_8240,Cortex,5.85,70.08,Danio rerio
NEUR_8910,Striatum,136.98,14.52,Danio rerio
NEUR_5225,Amygdala,0.72,30.41,Rattus norvegicus
NEUR_6605,Cerebellum,86.18,19.08,Mus musculus
NEUR_1126,Cortex,10.63,100.21,Macaca mulatta
NEUR_9773,Striatum,2.81,52.39,Macaca mulatta
NEUR_3969,Striatum,27.51,93.69,Macaca mulatta
NEUR_3298,Cortex,132.73,74.02,Danio rerio
NEUR_1375,Hypothalamus,77.92,86.5,Mus musculus
NEUR_2024,Striatum,97.64,78.26,Danio rerio
NEUR_9611,Cortex,13.58,63.48,Mus musculus
NEUR_8932,Hippocampus,29.42,57.72,Macaca mulatta
